time,latitude,longitude,depth,mag,magType,nst,gap,dmin,rms,net,id,updated,place,type,horizontalError,depthError,magError,magNst,status,locationSource,magSource
2000-01-08T03:44:54.320Z,-6.746,105.646,61.7,5.6,mwc,,,,1,us,usp0009kw1,2022-04-29T19:37:47.353Z,"45 km SSW of Labuan, Indonesia",earthquake,,4.7,,,reviewed,us,hrv
2000-01-29T08:13:10.730Z,-8.633,111.137,60.7,5.4,mwc,,,,1.09,us,usp0009mtg,2025-12-19T22:41:37.382Z,"82 km S of Jatiroto, Indonesia",earthquake,,5.7,,,reviewed,us,hrv
2000-02-12T03:11:02.690Z,-8.701,112.445,107.9,5.3,mwc,,,,1.33,us,usp0009nc4,2025-12-19T22:41:53.126Z,"60 km S of Sumberpucung, Indonesia",earthquake,,,,,reviewed,us,hrv
2000-02-12T08:52:12.890Z,-8.719,112.491,86.4,4.6,mb,,,,1.15,us,usp0009nc9,2014-11-07T01:09:30.325Z,"61 km S of Sumberpucung, Indonesia",earthquake,,11.6,,6,reviewed,us,us
2000-02-15T09:27:26.810Z,-7.246,106.741,83.8,4.2,mb,,,,0.95,us,usp0009ngc,2014-11-07T01:09:30.992Z,"35 km SE of Pelabuhanratu, Indonesia",earthquake,,19.3,,5,reviewed,us,us
2000-02-21T02:57:20.350Z,-5.866,106.254,136.3,4.8,mb,,,,1.06,us,usp0009ns1,2014-11-07T01:09:32.227Z,"Java, Indonesia",earthquake,,15.8,,13,reviewed,us,us
2000-02-25T14:10:24.760Z,-6.208,105.194,51.6,4.9,mb,,,,0.68,us,usp0009ny9,2014-11-07T01:09:33.663Z,"72 km WNW of Labuan, Indonesia",earthquake,,18.4,,3,reviewed,us,us
2000-03-10T16:22:47.180Z,-8.701,106.379,33,5.5,mwb,,,,1.17,us,usp0009phb,2025-12-19T22:42:25.086Z,"190 km S of Pelabuhanratu, Indonesia",earthquake,,,,,reviewed,us,us
2000-03-14T06:33:17.810Z,-6.95,106.234,33,4.2,mb,,,,1.03,us,usp0009ppp,2014-11-07T01:09:41.806Z,"Java, Indonesia",earthquake,,,,1,reviewed,us,us
2000-03-21T13:51:28.340Z,-7.937,107.997,33,4,mb,,,,0.78,us,usp0009pzz,2014-11-07T01:09:43.761Z,"65 km SSW of Kawalu, Indonesia",earthquake,,,,1,reviewed,us,us
2000-03-31T17:58:25.150Z,-8.189,111.366,94.6,4.9,mb,,,,1.03,us,usp0009qjt,2014-11-07T01:09:46.531Z,"36 km SSW of Ponorogo, Indonesia",earthquake,,,,20,reviewed,us,us
2000-04-01T19:03:09.470Z,-6.002,113.354,642.2,3.7,mb,,,,1.05,us,usp0009qn9,2014-11-07T01:09:49.579Z,"124 km NNW of Sumenep, Indonesia",earthquake,,25.9,,6,reviewed,us,us
2000-04-02T04:29:42.520Z,-7.996,108.3,88.3,4.4,mb,,,,0.88,us,usp0009qp1,2014-11-07T01:09:50.041Z,"68 km S of Kawalu, Indonesia",earthquake,,10.4,,2,reviewed,us,us
2000-04-03T11:13:17.970Z,-8.652,110.701,82.8,5,mb,,,,1.1,us,usp0009qrs,2014-11-07T01:09:50.985Z,"86 km SSE of Pundong, Indonesia",earthquake,,5.9,,17,reviewed,us,us
2000-04-07T11:43:14.300Z,-7.14,105.4,33,4.2,ml,,,,,us,usp0009qyd,2014-11-07T01:09:52.183Z,"96 km SSW of Labuan, Indonesia",earthquake,,,,,reviewed,dja,dja
2000-04-12T17:54:22.950Z,-7.761,107.766,33,4.4,mb,,,,1.34,us,usp0009r6w,2014-11-07T01:09:53.446Z,"59 km SW of Singaparna, Indonesia",earthquake,,,,10,reviewed,us,us
2000-04-24T15:40:50.120Z,-5.815,110.575,547.6,4.5,mb,,,,0.97,us,usp0009rtn,2014-11-07T01:09:56.210Z,"75 km NNW of Batang, Indonesia",earthquake,,5.2,,9,reviewed,us,us
2000-04-24T16:54:36.840Z,-5.775,110.597,555.6,4.3,mb,,,,1,us,usp0009rtv,2014-11-07T01:09:56.227Z,"79 km N of Batang, Indonesia",earthquake,,5.5,,23,reviewed,us,us
2000-04-25T18:27:16.390Z,-8.123,112.342,151.6,4.2,mb,,,,0.99,us,usp0009rvp,2014-11-07T01:09:56.660Z,"16 km WNW of Sumberpucung, Indonesia",earthquake,,6.8,,2,reviewed,us,us
2000-05-07T19:21:52.040Z,-7.985,112.806,48.6,4.9,mb,,,,0.86,us,usp0009sk0,2014-11-07T01:10:05.250Z,"18 km ESE of Singosari, Indonesia",earthquake,,9.9,,1,reviewed,us,us
2000-05-22T19:24:59.000Z,-5.856,110.803,535.7,4.4,mb,,,,1.09,us,usp0009tbk,2014-11-07T01:10:11.033Z,"70 km N of Batang, Indonesia",earthquake,,11.9,,7,reviewed,us,us
2000-05-30T18:24:09.130Z,-7.554,108.666,231.1,4.5,mb,,,,1.32,us,usp0009tp5,2014-11-07T01:10:13.026Z,"15 km WSW of Sidareja, Indonesia",earthquake,,25.2,,8,reviewed,us,us
2000-06-05T17:43:24.020Z,-7.359,106.664,33,5.1,mwc,106,,,1.13,us,usp0009u2j,2025-12-19T22:43:52.022Z,"42 km SSE of Pelabuhanratu, Indonesia",earthquake,,,,,reviewed,us,hrv
2000-06-10T04:13:59.240Z,-7.909,108.163,33,4.5,mb,15,,,1,us,usp0009ubv,2014-11-07T01:10:21.143Z,"58 km S of Kawalu, Indonesia",earthquake,,,,5,reviewed,us,us
2000-06-16T04:22:52.430Z,-7.889,107.878,66.7,4.4,mb,15,,,1.47,us,usp0009upe,2014-11-07T01:10:22.892Z,"64 km SSW of Singaparna, Indonesia",earthquake,,32.5,,2,reviewed,us,us
2000-06-21T11:46:42.400Z,-7.959,107.239,33,4.4,mb,8,,,1.32,us,usp0009uxp,2014-11-07T01:10:23.969Z,"87 km SSW of Banjar, Indonesia",earthquake,,,,1,reviewed,us,us
2000-06-28T07:16:15.260Z,-8.077,111.643,134,3.8,mb,8,,,1.53,us,usp0009v9j,2014-11-07T01:10:25.537Z,"6 km W of Trenggalek, Indonesia",earthquake,,,,1,reviewed,us,us
2000-06-28T15:06:14.940Z,-7.846,107.59,113.3,4.7,mb,28,,,1.13,us,usp0009vag,2014-11-07T01:10:25.631Z,"74 km SSE of Banjar, Indonesia",earthquake,,21.9,,13,reviewed,us,us
2000-07-12T01:10:42.630Z,-6.675,106.845,33,5.4,mwc,103,,,1.17,us,usp0009w9p,2025-12-19T22:44:23.284Z,"4 km NE of Caringin, Indonesia",earthquake,,,,,reviewed,us,hrv
2000-07-23T01:53:55.120Z,-8.182,111.316,131.3,4.8,mb,30,,,0.78,us,usp0009wzq,2014-11-07T01:10:39.306Z,"38 km SSW of Ponorogo, Indonesia",earthquake,,6.6,,10,reviewed,us,us
2000-07-31T18:59:42.310Z,-6.757,105.424,33,5.3,mwc,103,,,1.1,us,usp0009xht,2022-04-29T18:47:02.531Z,"61 km SW of Labuan, Indonesia",earthquake,,,,,reviewed,us,hrv
2000-08-28T07:18:52.390Z,-6.278,105.448,33,4.9,mb,22,,,1.01,us,usp0009z9k,2014-11-07T01:10:55.442Z,"43 km WNW of Labuan, Indonesia",earthquake,,,,2,reviewed,us,us
2000-08-28T21:00:23.130Z,-7.294,106.591,33,3.8,mb,7,,,1.2,us,usp0009zan,2014-11-07T01:10:56.176Z,"34 km S of Pelabuhanratu, Indonesia",earthquake,,,,2,reviewed,us,us
2000-09-05T02:58:00.420Z,-8.474,112.137,136.9,5.1,mwc,70,,,0.99,us,usp0009zr8,2025-12-19T22:45:13.875Z,"41 km S of Blitar, Indonesia",earthquake,,,,,reviewed,us,hrv
2000-09-24T00:55:10.420Z,-6.647,107.881,33,4.9,mwc,39,,,1.22,us,usp000a0qr,2016-11-09T23:33:19.287Z,"Java, Indonesia",earthquake,,,,,reviewed,us,hrv
2000-09-29T17:11:25.830Z,-7.883,113.446,177.5,4.5,mb,10,,,0.78,us,usp000a109,2014-11-07T01:11:08.266Z,"14 km SSE of Kraksaan, Indonesia",earthquake,,35.1,,3,reviewed,us,us
2000-10-01T05:23:36.320Z,-6.858,106.448,150,4.2,mb,15,,,1.25,us,usp000a134,2014-11-07T01:11:10.300Z,"18 km NW of Pelabuhanratu, Indonesia",earthquake,,,,5,reviewed,us,us
2000-10-06T07:41:27.640Z,-8.556,108.219,33,4,mb,12,,,0.69,us,usp000a1bb,2014-11-07T01:11:14.347Z,"129 km S of Kawalu, Indonesia",earthquake,,,,1,reviewed,us,us
2000-10-10T01:59:15.430Z,-6.736,106.963,33,4.5,mb,12,,,0.83,us,usp000a1hw,2014-11-07T01:11:15.748Z,"16 km ESE of Caringin, Indonesia",earthquake,,,,3,reviewed,us,us
2000-10-18T18:00:51.000Z,-7.449,106.623,33,4.5,mb,11,,,0.56,us,usp000a21r,2014-11-07T01:11:17.309Z,"51 km S of Pelabuhanratu, Indonesia",earthquake,,,,2,reviewed,us,us
2000-10-25T09:32:23.970Z,-6.549,105.63,38,6.8,mwc,415,,,0.89,us,usp000a2ck,2022-04-29T19:17:52.359Z,"29 km SW of Labuan, Indonesia",earthquake,,,,,reviewed,us,hrv
2000-10-25T11:03:01.660Z,-6.772,105.619,33,3.7,mb,14,,,1.05,us,usp000a2cs,2014-11-07T01:11:18.845Z,"49 km SSW of Labuan, Indonesia",earthquake,,,,1,reviewed,us,us
2000-10-25T16:47:49.140Z,-6.743,105.374,33,4.2,mb,14,,,1.1,us,usp000a2d6,2014-11-07T01:11:18.870Z,"64 km SW of Labuan, Indonesia",earthquake,,,,2,reviewed,us,us
2000-10-25T17:42:22.640Z,-7.464,107.823,33,5.3,mb,67,,,1.01,us,usp000a2db,2014-11-07T01:11:18.885Z,"34 km WSW of Singaparna, Indonesia",earthquake,,,,18,reviewed,us,us
2000-10-26T02:25:31.460Z,-6.809,105.507,33,4.6,mb,20,,,0.92,us,usp000a2e7,2014-11-07T01:11:18.968Z,"59 km SW of Labuan, Indonesia",earthquake,,,,5,reviewed,us,us
2000-11-07T14:53:26.500Z,-7.14,107.701,33,4.8,mb,9,,,0.74,us,usp000a35c,2014-11-07T01:11:26.556Z,"8 km WSW of Paseh, Indonesia",earthquake,,,,1,reviewed,us,us
2000-11-12T01:58:36.660Z,-5.774,105.727,33,4.6,mb,27,,,1.27,us,usp000a3f2,2014-11-07T01:11:28.001Z,"60 km NW of Serang, Indonesia",earthquake,,,,3,reviewed,us,us
2000-11-17T06:09:21.230Z,-6.525,105.245,29.4,5.3,mwc,97,,,0.84,us,usp000a42e,2022-04-29T18:58:42.896Z,"66 km WSW of Labuan, Indonesia",earthquake,,4.6,,,reviewed,us,hrv
2000-11-17T15:06:55.270Z,-7.956,106.859,33,4.6,mb,33,,,1.16,us,usp000a447,2014-11-07T01:11:30.286Z,"105 km SW of Banjar, Indonesia",earthquake,,,,7,reviewed,us,us
2000-11-18T11:21:47.500Z,-6.754,105.568,33,4.1,mb,11,,,0.97,us,usp000a48w,2014-11-07T01:11:31.325Z,"50 km SW of Labuan, Indonesia",earthquake,,,,1,reviewed,us,us
2000-11-18T20:42:32.330Z,-7.727,114.08,33,3.5,mb,7,,,0.75,us,usp000a4ag,2014-11-07T01:11:31.507Z,"2 km W of Panji, Indonesia",earthquake,,,,1,reviewed,us,us
2000-12-14T17:01:35.340Z,-8.323,110.909,103.5,4.8,mb,29,,,1.23,us,usp000a62q,2014-11-07T01:11:43.894Z,"53 km SSW of Jatiroto, Indonesia",earthquake,,25.1,,4,reviewed,us,us
2000-12-20T06:45:29.550Z,-6.665,106.766,33,4.3,mb,17,,,1.27,us,usp000a6dg,2014-11-07T01:11:45.025Z,"7 km NW of Caringin, Indonesia",earthquake,,,,3,reviewed,us,us
2000-12-22T07:25:57.970Z,-6.119,114.059,94.3,3.5,mb,8,,,1.19,us,usp000a6hp,2014-11-07T01:11:45.722Z,"101 km NNE of Sumenep, Indonesia",earthquake,,46.2,,1,reviewed,us,us
2001-01-04T03:50:11.440Z,-8.403,108.374,33,5.3,mb,46,,,1.01,us,usp000a749,2014-11-07T01:11:51.522Z,"111 km SSW of Sidareja, Indonesia",earthquake,,,,19,reviewed,us,us
2001-01-07T12:55:46.890Z,-8.703,108.893,33,5.4,mwc,99,,,0.99,us,usp000a794,2025-12-19T22:46:51.347Z,"124 km SSW of Kroya, Indonesia",earthquake,,,,,reviewed,us,hrv
2001-01-14T19:51:26.360Z,-8.469,112.635,74.1,5.2,mb,60,,,0.97,us,usp000a7pd,2014-11-07T01:11:55.777Z,"31 km SSW of Dampit, Indonesia",earthquake,,,,12,reviewed,us,us
2001-02-09T19:05:39.680Z,-7.529,111.985,129.8,4.3,mb,11,,,0.69,us,usp000a9c5,2014-11-07T01:12:07.288Z,"12 km NE of Nganjuk, Indonesia",earthquake,,32.8,,2,reviewed,us,us
2001-02-14T08:34:55.500Z,-5.946,105.521,33,4.8,mb,30,,,1.12,us,usp000a9mg,2014-11-07T01:12:08.493Z,"58 km NW of Labuan, Indonesia",earthquake,,,,5,reviewed,us,us
2001-02-22T09:00:40.240Z,-8.379,111.019,155,4.4,mb,12,,,0.71,us,usp000aa45,2014-11-07T01:12:10.955Z,"55 km S of Jatiroto, Indonesia",earthquake,,27.4,,2,reviewed,us,us
2001-02-25T14:12:31.240Z,-7.534,107.317,33,4.1,mb,10,,,1.17,us,usp000aabm,2014-11-07T01:12:11.882Z,"39 km SSW of Banjar, Indonesia",earthquake,,,,3,reviewed,us,us
2001-02-27T20:43:46.060Z,-7.18,107.182,75.4,4.6,mb,42,,,1.02,us,usp000aahf,2014-11-07T01:12:12.606Z,"27 km W of Banjar, Indonesia",earthquake,,,,14,reviewed,us,us
2001-02-28T15:41:05.810Z,-8.749,111.438,33,4.7,mb,25,,,0.7,us,usp000aakw,2014-11-07T01:12:13.402Z,"80 km SSW of Trenggalek, Indonesia",earthquake,,,,6,reviewed,us,us
2001-03-03T06:08:44.650Z,-6.783,106.341,50.8,5,mb,59,,,0.86,us,usp000aatq,2014-11-07T01:12:17.534Z,"32 km NW of Pelabuhanratu, Indonesia",earthquake,,22.8,,10,reviewed,us,us
2001-03-12T23:35:08.370Z,-7.206,106.116,33,5.8,mwc,256,,,0.91,us,usp000aba1,2022-04-29T19:09:01.347Z,"53 km WSW of Pelabuhanratu, Indonesia",earthquake,,,,,reviewed,us,hrv
2001-03-14T15:26:30.640Z,-7.977,109.052,33,4.4,mb,29,,,0.9,us,usp000abd6,2014-11-07T01:12:21.067Z,"43 km SSW of Kroya, Indonesia",earthquake,,,,11,reviewed,us,us
2001-03-16T15:59:39.840Z,-7.008,106.84,33,4.6,mb,13,,,1.22,us,usp000abhn,2014-11-07T01:12:21.652Z,"13 km SW of Sukabumi, Indonesia",earthquake,,,,2,reviewed,us,us
2001-03-18T13:40:05.960Z,-7.534,107.178,33,4.5,mb,42,,,1.01,us,usp000abp8,2014-11-07T01:12:22.162Z,"46 km SW of Banjar, Indonesia",earthquake,,,,9,reviewed,us,us
2001-03-19T11:46:03.490Z,-8.716,113.257,33,4.7,mb,44,,,1.24,us,usp000abqz,2014-11-07T01:12:22.387Z,"49 km SSW of Kencong, Indonesia",earthquake,,,,13,reviewed,us,us
2001-03-30T09:32:20.220Z,-7.794,107.974,33,4.4,mb,35,,,1.16,us,usp000ac82,2014-11-07T01:12:26.628Z,"51 km SSW of Singaparna, Indonesia",earthquake,,,,4,reviewed,us,us
2001-04-10T15:17:32.740Z,-7.732,108.009,33,4.7,mb,60,,,0.97,us,usp000acyq,2014-11-07T01:12:33.787Z,"43 km SSW of Singaparna, Indonesia",earthquake,,,,11,reviewed,us,us
2001-04-20T13:41:00.490Z,-8.705,112.014,33,4.7,mb,23,,,0.73,us,usp000adp2,2014-11-07T01:12:37.001Z,"66 km SSE of Boyolangu, Indonesia",earthquake,,,,8,reviewed,us,us
2001-04-24T18:56:25.560Z,-7.962,107.642,33,4.1,mb,22,,,0.99,us,usp000adwy,2014-11-07T01:12:37.923Z,"85 km SW of Singaparna, Indonesia",earthquake,,,,6,reviewed,us,us
2001-05-02T15:11:16.270Z,-8.487,112.499,78,4.8,mb,47,,,1.17,us,usp000aeat,2014-11-07T01:12:43.052Z,"36 km S of Sumberpucung, Indonesia",earthquake,,,,4,reviewed,us,us
2001-05-06T14:21:10.380Z,-7.823,109.14,100,4.7,mb,68,,,1.15,us,usp000aeh7,2014-11-07T01:12:46.077Z,"24 km SSW of Kroya, Indonesia",earthquake,,,,21,reviewed,us,us
2001-05-08T16:32:39.980Z,-6.402,108.478,263.5,4.1,mb,17,,,0.62,us,usp000aem9,2014-11-07T01:12:46.505Z,"7 km NNE of Karangampel, Indonesia",earthquake,,,,2,reviewed,us,us
2001-05-25T05:06:10.680Z,-7.869,110.179,143.1,6.3,mwc,283,,,1.2,us,usp000afgk,2022-04-29T19:20:32.224Z,"11 km NW of Srandakan, Indonesia",earthquake,,,,,reviewed,us,hrv
2001-06-01T10:50:50.300Z,-6.023,112.991,594.4,4.5,mb,41,,,0.75,us,usp000afvn,2014-11-07T01:12:55.098Z,"116 km NE of Paciran, Indonesia",earthquake,,10.2,,10,reviewed,us,us
2001-06-01T23:09:21.650Z,-7.742,107.213,90.3,5.3,mwc,134,,,1.1,us,usp000afwf,2025-12-19T22:49:01.384Z,"65 km SSW of Banjar, Indonesia",earthquake,,4.6,,,reviewed,us,hrv
2001-06-04T08:04:03.290Z,-5.847,105.409,33,4.8,mb,49,,,1.17,us,usp000ag0t,2014-11-07T01:12:58.363Z,"49 km SSE of Bandar Lampung, Indonesia",earthquake,,,,7,reviewed,us,us
2001-06-13T22:15:19.900Z,-6.89,109.071,226.7,4.3,mb,30,,,0.82,us,usp000agkb,2014-11-07T01:13:03.549Z,"1 km NW of Dukuhturi, Indonesia",earthquake,,5.8,,13,reviewed,us,us
2001-06-28T03:46:28.190Z,-6.99,108.275,36.9,5,mb,67,,,1.3,us,usp000ahm8,2020-09-18T18:26:01.351Z,"17 km SSE of Majalengka, Indonesia",earthquake,,7.3,,22,reviewed,us,us
2001-07-03T11:20:19.800Z,-8.705,113.03,150,3.7,mb,8,,,1.08,us,usp000ahx1,2014-11-07T01:13:13.340Z,"59 km SW of Kencong, Indonesia",earthquake,,,,1,reviewed,us,us
2001-08-07T03:22:35.890Z,-8.61,113.832,90.5,5.6,mwc,181,,,1.01,us,usp000akyv,2022-04-29T17:50:38.721Z,"42 km SW of Gambiran Satu, Indonesia",earthquake,,10.9,,,reviewed,us,hrv
2001-08-13T21:48:05.500Z,-8.065,110.103,33,4.4,mb,20,,,1.18,us,usp000ame3,2014-11-07T01:13:33.228Z,"21 km SW of Srandakan, Indonesia",earthquake,,,,6,reviewed,us,us
2001-08-19T15:43:05.620Z,-8.52,111.069,33,4.8,mb,62,,,0.96,us,usp000ampy,2014-11-07T01:13:34.565Z,"70 km S of Jatiroto, Indonesia",earthquake,,,,15,reviewed,us,us
2001-09-03T14:06:47.160Z,-7.656,106.979,33,4.9,mb,100,,,1.03,us,usp000anjr,2014-11-07T01:13:44.064Z,"71 km SW of Banjar, Indonesia",earthquake,,,,25,reviewed,us,us
2001-09-06T03:42:55.720Z,-7.901,107.469,33,4.4,mb,27,,,1.04,us,usp000anqp,2014-11-07T01:13:45.079Z,"78 km S of Banjar, Indonesia",earthquake,,,,7,reviewed,us,us
2001-09-07T14:50:50.740Z,-7.931,106.972,33,4.4,mb,13,,,1.2,us,usp000ansv,2014-11-07T01:13:45.376Z,"95 km SSW of Banjar, Indonesia",earthquake,,,,4,reviewed,us,us
2001-09-13T21:41:51.120Z,-8.055,112.676,146.5,4.1,mb,22,,,0.82,us,usp000ap4m,2014-11-07T01:13:47.858Z,"8 km E of Pakisaji, Indonesia",earthquake,,10.8,,7,reviewed,us,us
2001-10-06T19:53:15.490Z,-8.225,113.549,134,4,mb,12,,,0.5,us,usp000aqba,2014-11-07T01:13:56.970Z,"12 km ESE of Tanggul, Indonesia",earthquake,,9.5,,2,reviewed,us,us
2001-10-14T01:10:45.610Z,-8.598,110.633,67.2,5.8,mwc,279,,,0.99,us,usp000aqw5,2022-04-29T19:37:20.747Z,"77 km SSE of Pundong, Indonesia",earthquake,,,,,reviewed,us,hrv
2001-10-19T09:49:25.890Z,-6.451,108.935,229.3,3.9,mb,14,,,0.98,us,usp000ar7q,2014-11-07T01:14:00.876Z,"46 km N of Bulakamba, Indonesia",earthquake,,14.7,,4,reviewed,us,us
2001-11-17T20:49:15.590Z,-8.464,109.425,75.2,4.7,mb,37,,,0.9,us,usp000at1k,2014-11-07T01:14:16.103Z,"93 km SSE of Kroya, Indonesia",earthquake,,14.2,,8,reviewed,us,us
2001-11-20T20:53:50.180Z,-7.471,107.075,33,4.8,mb,32,,,0.99,us,usp000at7e,2014-11-07T01:14:17.059Z,"49 km SW of Banjar, Indonesia",earthquake,,,,7,reviewed,us,us
2001-11-29T17:01:52.210Z,-7.863,106.796,33,4.2,mb,19,,,0.99,us,usp000atq4,2014-11-07T01:14:19.929Z,"100 km SSE of Pelabuhanratu, Indonesia",earthquake,,,,6,reviewed,us,us
2001-12-06T22:59:39.370Z,-7.137,106.479,33,4.5,mb,19,,,1.26,us,usp000au4u,2014-11-07T01:14:26.641Z,"18 km SSW of Pelabuhanratu, Indonesia",earthquake,,,,7,reviewed,us,us
2001-12-30T09:20:18.930Z,-7.811,108.151,60.6,4.4,mb,35,,,1.27,us,usp000avhx,2014-11-07T01:14:33.254Z,"47 km S of Kawalu, Indonesia",earthquake,,12.8,,10,reviewed,us,us
2002-01-15T07:11:37.560Z,-6.407,105.173,10,4.4,mb,18,,,1.38,us,usp000awh0,2014-11-07T01:14:41.895Z,"72 km W of Labuan, Indonesia",earthquake,,,,3,reviewed,us,us
2002-01-15T07:12:58.030Z,-6.314,105.205,10,6.1,mwc,209,,,1.23,us,usp000awh1,2022-05-02T16:14:05.771Z,"69 km W of Labuan, Indonesia",earthquake,,,,,reviewed,us,hrv
2002-01-16T15:26:52.550Z,-6.157,105.244,10,4.9,mb,10,,,0.92,us,usp000awkv,2014-11-07T01:14:42.197Z,"69 km WNW of Labuan, Indonesia",earthquake,,,,2,reviewed,us,us
2002-01-20T01:18:45.640Z,-6.158,105.37,10,4.6,mb,17,,,1.18,us,usp000awtf,2014-11-07T01:14:42.997Z,"56 km WNW of Labuan, Indonesia",earthquake,,,,3,reviewed,us,us
2002-01-26T03:26:33.370Z,-6.464,105.229,33,4.7,mb,9,,,1.37,us,usp000ax5u,2014-11-07T01:14:45.305Z,"67 km W of Labuan, Indonesia",earthquake,,,,1,reviewed,us,us
2002-01-26T07:03:53.740Z,-6.883,106.869,33,4.5,mb,25,,,0.79,us,usp000ax63,2014-11-07T01:14:45.329Z,"7 km WNW of Sukabumi, Indonesia",earthquake,,,,8,reviewed,us,us
2002-02-10T04:06:23.220Z,-8.658,112.551,92.9,4.3,mb,18,,,1.2,us,usp000ay4e,2014-11-07T01:14:53.796Z,"53 km SSW of Dampit, Indonesia",earthquake,,17.9,,6,reviewed,us,us
2002-02-11T16:22:15.850Z,-7.939,109.089,33,4.3,mb,9,,,0.5,us,usp000ay8g,2014-11-07T01:14:54.184Z,"38 km SSW of Kroya, Indonesia",earthquake,,,,1,reviewed,us,us
2002-02-22T13:33:07.810Z,-6.102,105.217,33,4.8,mb,62,,,1.11,us,usp000ayy5,2014-11-07T01:14:57.207Z,"74 km WNW of Labuan, Indonesia",earthquake,,,,19,reviewed,us,us
2002-02-22T13:52:02.850Z,-6.174,105.086,16.6,4.9,mb,49,,,1.18,us,usp000ayy6,2014-11-07T01:14:57.213Z,"84 km SSW of Bandar Lampung, Indonesia",earthquake,,,,11,reviewed,us,us
2002-02-26T06:17:05.400Z,-6.119,105.677,33,4.4,mb,11,,,1.01,us,usp000az78,2014-11-07T01:14:58.103Z,"33 km NNW of Labuan, Indonesia",earthquake,,,,3,reviewed,us,us
2002-03-05T11:33:24.080Z,-8.003,113.294,181.8,4.5,mb,27,,,0.9,us,usp000azpn,2014-11-07T01:15:04.981Z,"16 km NNE of Lumajang, Indonesia",earthquake,,7.1,,9,reviewed,us,us
2002-03-17T09:59:28.110Z,-5.878,105.59,33,4.6,mb,35,,,1.05,us,usp000b0gs,2014-11-07T01:15:11.341Z,"61 km NNW of Labuan, Indonesia",earthquake,,,,13,reviewed,us,us
2002-04-05T08:59:46.800Z,-7.179,106.575,100,4.3,mb,14,,,0.97,us,usp000b1s3,2014-11-07T01:15:21.449Z,"21 km S of Pelabuhanratu, Indonesia",earthquake,,,,2,reviewed,us,us
2002-04-07T23:36:59.620Z,-7.642,107.868,43.9,5.2,mwc,77,,,0.94,us,usp000b1yj,2022-05-02T15:49:30.737Z,"41 km SW of Singaparna, Indonesia",earthquake,,8.8,,,reviewed,us,hrv
2002-04-29T02:43:47.710Z,-6.919,108.78,33,4.3,mb,22,,,1.26,us,usp000b3ck,2014-11-07T01:15:29.483Z,"12 km W of Ketanggungan, Indonesia",earthquake,,,,6,reviewed,us,us
2002-05-27T18:31:59.480Z,-7.508,108.162,33,4.8,mb,46,,,0.86,us,usp000b52v,2014-11-07T01:15:40.684Z,"14 km SSW of Kawalu, Indonesia",earthquake,,,,9,reviewed,us,us
2002-06-19T23:02:04.940Z,-8.749,108.674,33,4.4,mb,16,,,0.9,us,usp000b6h5,2014-11-07T01:15:51.804Z,"138 km SSW of Kroya, Indonesia",earthquake,,,,2,reviewed,us,us
2002-06-21T05:07:11.930Z,-6.416,113.404,42.2,5.1,mwc,61,,,0.86,us,usp000b6mg,2022-05-02T16:01:55.981Z,"82 km N of Pamekasan, Indonesia",earthquake,,7.1,,,reviewed,us,hrv
2002-07-02T01:03:58.580Z,-7.197,106.043,33,4.5,mb,13,,,0.83,us,usp000b7ay,2014-11-07T01:15:58.306Z,"60 km WSW of Pelabuhanratu, Indonesia",earthquake,,,,1,reviewed,us,us
2002-07-08T15:05:38.430Z,-6.85,106.331,88.2,4.8,mb,50,,,1.14,us,usp000b7re,2014-11-07T01:16:01.906Z,"28 km WNW of Pelabuhanratu, Indonesia",earthquake,,10,,13,reviewed,us,us
2002-07-09T20:09:32.500Z,-8.096,105.73,33,4.5,mb,28,,,0.91,us,usp000b7u3,2014-11-07T01:16:02.202Z,"152 km SW of Pelabuhanratu, Indonesia",earthquake,,,,12,reviewed,us,us
2002-07-09T20:32:03.300Z,-8.05,105.803,33,4.8,mb,25,,,0.66,us,usp000b7u4,2014-11-07T01:16:02.207Z,"143 km SW of Pelabuhanratu, Indonesia",earthquake,,,,12,reviewed,us,us
2002-07-18T00:29:30.670Z,-8.433,109.412,33,4.4,mb,15,,,1.14,us,usp000b89t,2014-11-07T01:16:04.682Z,"90 km SSE of Kroya, Indonesia",earthquake,,,,6,reviewed,us,us
2002-08-06T07:29:05.140Z,-6.641,106.002,106.5,4.9,mb,64,,,0.99,us,usp000b9dd,2014-11-07T01:16:13.752Z,"34 km SSE of Labuan, Indonesia",earthquake,,10.4,,13,reviewed,us,us
2002-08-26T14:55:13.940Z,-6.75,105.705,62.9,5.8,mwc,265,,,0.97,us,usp000bap0,2022-05-02T16:06:33.334Z,"43 km SSW of Labuan, Indonesia",earthquake,,3.9,,,reviewed,us,hrv
2002-08-26T17:36:44.700Z,-6.398,113.406,33,5.6,mwc,91,,,1.07,us,usp000bap7,2022-05-02T16:07:08.062Z,"84 km N of Pamekasan, Indonesia",earthquake,,,,,reviewed,us,hrv
2002-09-02T19:58:46.940Z,-8.485,110.945,33,4.4,mb,11,,,0.5,us,usp000bb4z,2014-11-07T01:16:25.817Z,"69 km SSW of Jatiroto, Indonesia",earthquake,,,,3,reviewed,us,us
2002-09-12T09:01:44.030Z,-7.68,108.137,102.5,4.4,mb,41,,,1.11,us,usp000bc25,2014-11-07T01:16:30.118Z,"Java, Indonesia",earthquake,,16.8,,9,reviewed,us,us
2002-09-14T13:27:11.780Z,-8.688,114.947,111.4,4,mb,9,,,1.1,us,usp000bc7w,2014-11-07T01:16:30.992Z,"24 km W of Legian, Indonesia",earthquake,,7.2,,1,reviewed,us,us
2002-09-20T20:47:41.170Z,-6.076,107.946,300,4.2,mb,27,,,1,us,usp000bcrt,2014-11-07T01:16:33.101Z,"27 km NNE of Pamanukan, Indonesia",earthquake,,,,13,reviewed,us,us
2002-09-27T22:10:06.230Z,-7.244,108.268,38.8,4.3,mb,18,,,1.32,us,usp000bd97,2014-11-07T01:16:35.257Z,"9 km ESE of Rajapolah, Indonesia",earthquake,,10.8,,5,reviewed,us,us
2002-10-05T07:31:18.440Z,-7.62,112.047,204.8,4.5,mb,8,,,0.69,us,usp000bdur,2014-11-07T01:16:42.283Z,"7 km SW of Kertosono, Indonesia",earthquake,,25.8,,1,reviewed,us,us
2002-10-11T06:06:45.160Z,-6.407,105.702,33,4.8,mb,19,,,0.98,us,usp000be8j,2014-11-07T01:16:44.038Z,"Sunda Strait, Indonesia",earthquake,,,,4,reviewed,us,us
2002-10-13T19:34:21.990Z,-6.263,114.648,550,3.8,mb,8,,,0.69,us,usp000befw,2014-11-07T01:16:45.144Z,"117 km NE of Kalianget, Indonesia",earthquake,,,,3,reviewed,us,us
2002-10-21T12:15:22.700Z,-7.374,107.356,65.5,5.1,mwc,103,,,1.12,us,usp000beyz,2025-12-19T23:03:16.515Z,"21 km SSW of Banjar, Indonesia",earthquake,,11.8,,,reviewed,us,hrv
2002-10-24T03:10:33.100Z,-8.737,111.359,100,4.2,mb,12,,,1.13,us,usp000bf5z,2014-11-07T01:16:48.336Z,"82 km SSW of Trenggalek, Indonesia",earthquake,,,,2,reviewed,us,us
2002-11-01T04:30:44.960Z,-8.096,107.186,33,4.5,mb,19,,,0.81,us,usp000bfsd,2014-11-07T01:16:53.371Z,"103 km SSW of Banjar, Indonesia",earthquake,,,,5,reviewed,us,us
2002-11-06T17:06:14.530Z,-6.859,105.609,87.3,4.6,mb,10,,,0.62,us,usp000bguy,2014-11-07T01:17:02.950Z,"58 km SSW of Labuan, Indonesia",earthquake,,,,4,reviewed,us,us
2002-12-01T17:38:57.440Z,-5.847,106.985,250,4.5,mb,12,,,0.79,us,usp000bjvn,2014-11-07T01:17:16.517Z,"42 km N of Bekasi, Indonesia",earthquake,,,,2,reviewed,us,us
2002-12-14T17:20:54.780Z,-8.205,110.654,116.5,4.4,mb,20,,,0.78,us,usp000bkpx,2014-11-07T01:17:21.733Z,"43 km SE of Pundong, Indonesia",earthquake,,9.4,,5,reviewed,us,us
2002-12-15T12:38:06.010Z,-8.646,106.257,33,4.3,mb,18,,,0.89,us,usp000bkrq,2014-11-07T01:17:21.915Z,"186 km S of Pelabuhanratu, Indonesia",earthquake,,,,5,reviewed,us,us
2002-12-25T15:15:37.930Z,-8.17,114.026,151.7,4.1,mb,9,,,0.18,us,usp000bmdd,2014-11-07T01:17:25.839Z,"25 km NNW of Genteng, Indonesia",earthquake,,7,,1,reviewed,us,us
2002-12-30T20:13:36.730Z,-7.629,108.163,100,4.2,mb,18,,,0.62,us,usp000bmrg,2014-11-07T01:17:26.884Z,"27 km S of Kawalu, Indonesia",earthquake,,,,2,reviewed,us,us
2003-01-05T16:16:35.540Z,-6.607,105.645,33,5.2,mwc,32,,,0.78,us,usp000bn45,2022-05-02T16:21:35.078Z,"32 km SW of Labuan, Indonesia",earthquake,,,,,reviewed,us,hrv
2003-01-06T21:16:01.190Z,-8.609,110.645,116.4,5.1,mb,61,,,0.88,us,usp000bn5y,2014-11-07T01:17:33.186Z,"79 km SSE of Pundong, Indonesia",earthquake,,8.5,,31,reviewed,us,us
2003-01-12T19:48:56.090Z,-7.843,107.481,33,4.5,mb,9,,,0.99,us,usp000bnf4,2014-11-07T01:17:35.028Z,"71 km S of Banjar, Indonesia",earthquake,,,,2,reviewed,us,us
2003-01-20T20:19:21.450Z,-7.216,106.466,33,4.7,mb,33,,,1.1,us,usp000bnwj,2014-11-07T01:17:36.782Z,"Java, Indonesia",earthquake,,,,7,reviewed,us,us
2003-01-23T07:21:22.350Z,-6.835,106.774,33,4.5,mb,12,,,0.96,us,usp000bp1h,2014-11-07T01:17:37.407Z,"6 km S of Cicurug, Indonesia",earthquake,,,,4,reviewed,us,us
2003-01-30T00:23:19.100Z,-7.276,105.942,33,4.8,mb,51,,,1.1,us,usp000bpk1,2014-11-07T01:17:39.669Z,"74 km WSW of Pelabuhanratu, Indonesia",earthquake,,,,15,reviewed,us,us
2003-02-12T19:06:56.980Z,-8.066,107.6,33,4,mb,8,,,0.85,us,usp000bqj2,2014-11-07T01:17:47.478Z,"97 km SW of Singaparna, Indonesia",earthquake,,,,1,reviewed,us,us
2003-02-24T10:39:43.350Z,-7.27,114.521,48.4,5.2,mwc,64,,,1.22,us,usp000brcs,2022-05-02T16:26:15.151Z,"68 km ESE of Kalianget, Indonesia",earthquake,,7.9,,,reviewed,us,hrv
2003-02-25T07:57:43.030Z,-7.747,108.816,92.5,4.6,mb,37,,,1.13,us,usp000breu,2014-11-07T01:17:52.070Z,"29 km S of Sidareja, Indonesia",earthquake,,,,9,reviewed,us,us
2003-02-26T09:42:39.530Z,-6.95,107.475,100,4,mb,12,,,0.65,us,usp000brh4,2014-11-07T01:17:52.547Z,"10 km NNW of Soreang, Indonesia",earthquake,,,,2,reviewed,us,us
2003-03-09T02:23:33.810Z,-7.011,112.304,238.5,4,mb,12,180.1,,0.9,us,usp000bs7w,2014-11-07T01:18:02.085Z,"16 km SSW of Paciran, Indonesia",earthquake,,12.3,,1,reviewed,us,us
2003-03-21T11:38:20.030Z,-6.983,108.468,33,4.6,mb,22,155.6,,1.03,us,usp000bt61,2021-10-20T18:06:01.293Z,"1 km WSW of Kuningan, Indonesia",earthquake,,,,7,reviewed,us,us
2003-03-25T07:07:54.070Z,-6.097,106.56,171.9,4.4,mb,26,186.1,,1.02,us,usp000btfu,2014-11-07T01:18:08.088Z,"2 km NW of Sepatan, Indonesia",earthquake,,12.6,,8,reviewed,us,us
2003-04-06T01:52:50.720Z,-7.042,107.799,145.6,4.7,mb,42,73.9,,1.1,us,usp000bugh,2014-11-07T01:18:17.969Z,"Java, Indonesia",earthquake,,,,12,reviewed,us,us
2003-04-13T01:01:50.740Z,-6.657,107.557,166.9,4.7,mb,51,158.1,,0.79,us,usp000bv1z,2014-11-07T01:18:20.130Z,"16 km SE of Purwakarta, Indonesia",earthquake,,11.9,,11,reviewed,us,us
2003-04-18T01:18:30.690Z,-8.671,114.816,111.5,4.6,md,9,187.8,,0.54,us,usp000bvdz,2014-11-07T01:18:21.787Z,"36 km WSW of Tabanan, Indonesia",earthquake,,5.6,,,reviewed,us,dja
2003-04-21T08:28:57.330Z,-6.067,112.93,600,4.7,mb,35,109.8,,0.9,us,usp000bvnq,2014-11-07T01:18:23.661Z,"108 km NE of Paciran, Indonesia",earthquake,,,,10,reviewed,us,us
2003-04-27T01:43:37.500Z,-8.095,107.495,33,4.1,mb,12,198.5,,1.14,us,usp000bw1m,2014-11-07T01:18:26.400Z,"99 km S of Banjar, Indonesia",earthquake,,,,2,reviewed,us,us
2003-05-01T05:22:10.950Z,-7.472,106.149,33,4.6,mb,39,84.4,,0.94,us,usp000bwbz,2014-11-07T01:18:30.603Z,"69 km SW of Pelabuhanratu, Indonesia",earthquake,,,,9,reviewed,us,us
2003-05-14T07:40:36.100Z,-8.06,107.315,79.1,6,mwc,172,38.1,,1.17,us,usp000bx7m,2022-05-02T16:32:36.468Z,"96 km S of Banjar, Indonesia",earthquake,,8.8,,,reviewed,us,hrv
2003-05-23T06:15:01.820Z,-6.016,113.242,581.8,4.8,mb,111,39.9,,0.97,us,usp000bxxj,2014-11-07T01:18:41.343Z,"126 km NNE of Bangkalan, Indonesia",earthquake,,,,32,reviewed,us,us
2003-05-23T06:19:55.660Z,-6.083,113.285,600,4.4,mb,31,85,,0.83,us,usp000bxxm,2014-11-07T01:18:41.358Z,"120 km N of Pamekasan, Indonesia",earthquake,,,,4,reviewed,us,us
2003-05-23T06:36:57.580Z,-6.103,113.218,600,4.4,mb,32,150.3,,0.77,us,usp000bxxp,2014-11-07T01:18:41.362Z,"117 km NNE of Bangkalan, Indonesia",earthquake,,,,8,reviewed,us,us
2003-05-23T09:48:29.410Z,-7.772,112.023,33,4.5,mb,24,152.6,,1.08,us,usp000bxy3,2014-11-07T01:18:41.407Z,"0 km SE of Gampengrejo, Indonesia",earthquake,,,,9,reviewed,us,us
2003-05-27T00:27:25.200Z,-8.033,107.687,33,4.7,mb,19,199.9,,1.32,us,usp000by89,2014-11-07T01:18:43.269Z,"88 km SSW of Singaparna, Indonesia",earthquake,,,,3,reviewed,us,us
2003-05-27T11:47:39.760Z,-6.05,113.345,600,4.4,mb,14,137.4,,0.52,us,usp000by9u,2014-11-07T01:18:43.493Z,"120 km NNW of Sumenep, Indonesia",earthquake,,,,8,reviewed,us,us
2003-05-28T01:34:02.080Z,-8.577,112.499,65.3,5.2,mwc,165,57.3,,0.97,us,usp000bybv,2025-12-19T23:06:23.260Z,"46 km S of Sumberpucung, Indonesia",earthquake,,,,,reviewed,us,hrv
2003-06-01T03:25:50.720Z,-8.734,108.791,83.6,4.5,mb,22,83,,0.98,us,usp000bypg,2014-11-07T01:18:47.328Z,"131 km SSW of Kroya, Indonesia",earthquake,,10.9,,6,reviewed,us,us
2003-06-02T21:52:20.080Z,-6.001,113.221,600,4.5,mb,28,150.2,,0.8,us,usp000byw9,2014-11-07T01:18:49.369Z,"127 km NNE of Bangkalan, Indonesia",earthquake,,,,7,reviewed,us,us
2003-06-24T00:50:58.490Z,-6.953,106.263,33,4,mb,13,180.2,,1.03,us,usp000c0sz,2014-11-07T01:18:59.370Z,"32 km W of Pelabuhanratu, Indonesia",earthquake,,,,1,reviewed,us,us
2003-07-04T14:00:07.480Z,-5.806,105.627,33,4.8,mb,65,60.2,,1.01,us,usp000c1n1,2014-11-07T01:19:08.206Z,"58 km SE of Bandar Lampung, Indonesia",earthquake,,,,11,reviewed,us,us
2003-07-11T00:19:29.150Z,-6.669,107.964,33,4.7,mb,10,138.6,,0.51,us,usp000c25z,2014-11-07T01:19:11.135Z,"20 km NNE of Sumedang Utara, Indonesia",earthquake,,,,2,reviewed,us,us
2003-07-15T01:22:37.160Z,-6.612,105.203,33,4.8,mb,43,105,,1.14,us,usp000c2h8,2014-11-07T01:19:12.582Z,"74 km WSW of Labuan, Indonesia",earthquake,,,,10,reviewed,us,us
2003-07-19T21:20:37.010Z,-8.682,111.227,56.2,5.9,mwb,397,19.4,,0.92,us,usp000c2x1,2022-05-02T16:39:15.078Z,"85 km SW of Trenggalek, Indonesia",earthquake,,,,,reviewed,us,us
2003-07-20T17:49:42.140Z,-8.562,111.294,33,4.3,mb,24,131,,0.97,us,usp000c2yx,2014-11-07T01:19:16.105Z,"70 km SW of Trenggalek, Indonesia",earthquake,,,,6,reviewed,us,us
2003-07-25T05:48:53.910Z,-6,113.143,600,4.3,mb,42,72.1,,0.9,us,usp000c39t,2014-11-07T01:19:17.449Z,"124 km NNE of Bangkalan, Indonesia",earthquake,,,,20,reviewed,us,us
2003-07-27T12:08:01.500Z,-6.795,106.4,33,4.6,mb,20,135.1,,0.98,us,usp000c3gk,2014-11-07T01:19:18.815Z,"27 km NW of Pelabuhanratu, Indonesia",earthquake,,,,3,reviewed,us,us
2003-08-11T11:50:43.620Z,-8.321,105.902,33,4.5,mb,9,160,,0.68,us,usp000c4mv,2014-11-07T01:19:30.038Z,"163 km SSW of Pelabuhanratu, Indonesia",earthquake,,,,2,reviewed,us,us
2003-08-11T20:58:25.350Z,-7.722,106.089,33,4.5,mb,11,205.9,,0.47,us,usp000c4na,2014-11-07T01:19:30.114Z,"95 km SSW of Pelabuhanratu, Indonesia",earthquake,,,,1,reviewed,us,us
2003-08-23T08:04:02.700Z,-8.609,111.223,33,4.6,mb,24,137.6,,0.8,us,usp000c5qe,2014-11-07T01:19:34.704Z,"79 km SW of Trenggalek, Indonesia",earthquake,,,,3,reviewed,us,us
2003-09-08T06:26:32.230Z,-8.55,110.189,50.6,5.9,mwb,225,45.4,,1,us,usp000c726,2022-05-02T16:43:09.068Z,"67 km S of Bambanglipuro, Indonesia",earthquake,,,,,reviewed,us,us
2003-09-10T07:21:48.300Z,-6.168,106.443,163.2,4.5,mb,30,72.1,,0.94,us,usp000c75u,2014-11-07T01:19:47.630Z,"8 km ESE of Kresek, Indonesia",earthquake,,28.7,,5,reviewed,us,us
2003-09-16T16:41:15.720Z,-7.962,111.687,91.3,5,mb,68,52.1,,1,us,usp000c7qz,2014-11-07T01:19:50.178Z,"12 km N of Trenggalek, Indonesia",earthquake,,14.1,,36,reviewed,us,us
2003-09-17T06:06:55.560Z,-6.167,105.297,33,4.7,mb,20,134.3,,1.12,us,usp000c7t9,2014-11-07T01:19:50.767Z,"63 km WNW of Labuan, Indonesia",earthquake,,,,3,reviewed,us,us
2003-09-18T17:27:48.590Z,-8.129,107.715,33,4.8,mb,29,57.3,,0.86,us,usp000c7y1,2014-11-07T01:19:51.492Z,"96 km SSW of Singaparna, Indonesia",earthquake,,,,18,reviewed,us,us
2003-09-20T10:06:16.360Z,-7.742,106.02,42.2,4.4,mb,23,105.9,,0.83,us,usp000c82z,2014-11-07T01:19:52.548Z,"102 km SW of Pelabuhanratu, Indonesia",earthquake,,,,6,reviewed,us,us
2003-09-20T10:12:37.130Z,-7.667,106.075,46,4.3,mb,11,212.9,,0.63,us,usp000c831,2014-11-07T01:19:52.561Z,"Java, Indonesia",earthquake,,,,2,reviewed,us,us
2003-10-03T18:06:23.960Z,-6.067,113.045,600,4.5,mb,48,69.1,,0.63,us,usp000c9gd,2014-11-07T01:20:07.988Z,"113 km NNE of Bangkalan, Indonesia",earthquake,,,,14,reviewed,us,us
2003-11-03T02:57:32.260Z,-6.593,106.867,33,4.4,mb,9,143.5,,0.39,us,usp000cbyh,2014-11-07T01:20:23.695Z,"8 km E of Bogor, Indonesia",earthquake,,,,3,reviewed,us,us
2003-11-07T15:39:55.780Z,-7.934,111.114,149.8,4,mb,11,163.8,,0.86,us,usp000cca6,2014-11-07T01:20:25.616Z,"5 km S of Jatiroto, Indonesia",earthquake,,,,1,reviewed,us,us
2003-11-08T08:37:18.500Z,-8.657,111.211,33,4.5,mb,17,136.4,,1.01,us,usp000ccbq,2014-11-07T01:20:25.765Z,"84 km SW of Trenggalek, Indonesia",earthquake,,,,3,reviewed,us,us
2003-11-10T22:40:51.520Z,-8.196,112.466,200,3.9,mb,11,136.5,,0.7,us,usp000ccjy,2014-11-07T01:20:27.093Z,"4 km SSW of Sumberpucung, Indonesia",earthquake,,,,1,reviewed,us,us
2003-11-20T20:47:11.870Z,-6.437,105.541,73.9,4.3,mb,24,50,,1.39,us,usp000cdh9,2014-11-07T01:20:31.893Z,"32 km WSW of Labuan, Indonesia",earthquake,,27.8,,12,reviewed,us,us
2003-11-24T05:57:04.610Z,-8.057,107.367,33,4.4,mb,19,134.6,,1.16,us,usp000cdst,2014-11-07T01:20:33.020Z,"95 km S of Banjar, Indonesia",earthquake,,,,3,reviewed,us,us
2003-11-24T23:53:57.320Z,-7.56,106.203,33,5.4,mwc,144,45.1,,1.09,us,usp000cdud,2022-05-02T16:54:37.206Z,"74 km SSW of Pelabuhanratu, Indonesia",earthquake,,,,,reviewed,us,hrv
2003-11-26T20:34:01.970Z,-6.709,106.406,33,4.6,mb,9,163.8,,1.2,us,usp000cdyj,2014-11-07T01:20:33.869Z,"34 km NNW of Pelabuhanratu, Indonesia",earthquake,,,,3,reviewed,us,us
2003-11-28T12:45:13.920Z,-7.717,109.62,33,4.7,mb,10,97.3,,1.32,us,usp000ce2j,2014-11-07T01:20:34.259Z,"16 km SE of Gombong, Indonesia",earthquake,,,,4,reviewed,us,us
2003-11-28T22:50:32.560Z,-7.945,109.25,127.7,4.3,mb,41,52.5,,1.09,us,usp000ce3c,2014-11-07T01:20:34.323Z,"34 km S of Kroya, Indonesia",earthquake,,31.6,,8,reviewed,us,us
2003-12-03T12:04:04.210Z,-6.959,106.274,33,5.4,mwc,153,56,,0.94,us,usp000cedr,2022-05-02T16:55:08.107Z,"30 km W of Pelabuhanratu, Indonesia",earthquake,,,,,reviewed,us,hrv
2003-12-17T17:03:55.330Z,-8.208,114.025,33,4.1,mb,8,178.3,,0.82,us,usp000cff1,2014-11-07T01:20:46.389Z,"22 km NW of Genteng, Indonesia",earthquake,,,,1,reviewed,us,us
2003-12-22T18:02:50.120Z,-6.83,106.36,100,4.4,mb,19,107.9,,1.13,us,usp000cft8,2014-11-07T01:20:47.816Z,"27 km NW of Pelabuhanratu, Indonesia",earthquake,,,,2,reviewed,us,us
2003-12-24T14:57:50.360Z,-7.805,108.273,33,4.4,mb,19,121,,0.84,us,usp000cfyb,2014-11-07T01:20:48.890Z,"47 km S of Kawalu, Indonesia",earthquake,,,,6,reviewed,us,us
2003-12-25T22:50:29.260Z,-8.644,112.409,33,4.2,mb,20,76.9,,1.28,us,usp000cg1u,2014-11-07T01:20:49.429Z,"54 km S of Sumberpucung, Indonesia",earthquake,,,,9,reviewed,us,us
2004-01-01T13:58:14.410Z,-6.156,113.73,588.6,4.9,mb,59,54.6,,0.82,us,usp000cgrx,2014-11-07T01:20:55.516Z,"95 km N of Sumenep, Indonesia",earthquake,,,,26,reviewed,us,us
2004-01-13T20:04:24.070Z,-8.571,105.866,25.9,4.9,mwc,49,66.3,,1.1,us,usp000chu7,2016-11-10T00:23:19.713Z,"190 km SSW of Pelabuhanratu, Indonesia",earthquake,,23.7,,,reviewed,us,hrv
2004-01-25T09:45:55.350Z,-7.994,112.077,115.5,5.2,mwc,77,47.5,,0.83,us,usp000cjmu,2025-12-19T23:10:50.865Z,"14 km NNE of Ngunut, Indonesia",earthquake,,,,,reviewed,us,hrv
2004-02-04T02:02:38.150Z,-7.646,106.43,50,4.6,mb,47,74.4,,1.17,us,usp000ckcc,2014-11-07T01:21:17.074Z,"74 km S of Pelabuhanratu, Indonesia",earthquake,,0,,13,reviewed,us,us
2004-02-08T17:17:23.540Z,-7.194,106.597,75.4,4.3,mb,8,157.9,,0.72,us,usp000ckrm,2014-11-07T01:21:19.406Z,"23 km SSE of Pelabuhanratu, Indonesia",earthquake,,58.9,,1,reviewed,us,us
2004-02-19T05:25:46.200Z,-7.804,115.368,222.1,4.3,mb,16,131.9,,0.49,us,usp000cmjb,2014-11-07T01:21:22.797Z,"45 km NE of Singaraja, Indonesia",earthquake,,18.4,,6,reviewed,us,us
2004-02-20T12:15:24.240Z,-7.061,107.027,112.2,4.4,mb,57,48,,1.33,us,usp000cmp5,2014-11-07T01:21:23.724Z,"19 km SE of Sukabumi, Indonesia",earthquake,,11.4,,10,reviewed,us,us
2004-03-01T23:48:49.790Z,-8.569,115.379,104.3,4.6,mb,15,100.5,,0.56,us,usp000cnvc,2014-11-07T01:21:35.959Z,"4 km SSW of Klungkung, Indonesia",earthquake,,25.9,,7,reviewed,us,us
2004-03-04T14:21:50.510Z,-7.045,106.136,83.8,4.6,mb,71,48.3,,0.79,us,usp000cp2q,2014-11-07T01:21:38.211Z,"46 km W of Pelabuhanratu, Indonesia",earthquake,,9.1,,21,reviewed,us,us
2004-03-20T17:42:26.000Z,-8.236,115.206,15,3.6,ml,4,164.5,,,us,usp000cqfj,2014-11-07T01:21:45.180Z,"14 km ENE of Munduk, Indonesia",earthquake,,,,,reviewed,dja,dja
2004-03-25T22:15:45.520Z,-6.65,105.436,74.9,5.4,mwc,110,49.7,,0.97,us,usp000cqw3,2022-05-02T17:07:00.553Z,"52 km SW of Labuan, Indonesia",earthquake,,9,,,reviewed,us,hrv
2004-04-16T18:32:24.010Z,-8.669,114.65,95.5,5.5,mwc,208,35.6,,1.03,us,usp000csp7,2025-12-19T23:12:16.445Z,"34 km S of Negara, Indonesia",earthquake,,,,,reviewed,us,hrv
2004-04-17T02:20:32.890Z,-8.298,112.798,10,4.4,mb,11,201.7,,1.42,us,usp000csqg,2014-11-07T01:22:00.784Z,"10 km SSE of Dampit, Indonesia",earthquake,,,,1,reviewed,us,us
2004-04-26T16:05:45.500Z,-8.663,114.633,107.4,4.9,mwc,83,27.9,,1.14,us,usp000ctfz,2016-11-10T00:32:35.307Z,"33 km S of Negara, Indonesia",earthquake,,4.5,,,reviewed,us,hrv
2004-04-26T16:13:19.510Z,-8.598,114.7,106.7,4.7,mb,39,65.8,,0.93,us,usp000ctg1,2014-11-07T01:22:06.504Z,"28 km SSE of Negara, Indonesia",earthquake,,18.1,,11,reviewed,us,us
2004-05-06T10:15:54.960Z,-6.796,105.618,74.7,4.7,mwc,92,82.7,,1.01,us,usp000cu9j,2016-11-10T00:33:36.029Z,"51 km SSW of Labuan, Indonesia",earthquake,,7.9,,,reviewed,us,hrv
2004-05-08T17:10:16.080Z,-7.956,113.413,169.4,4.4,mb,12,137.1,,1.01,us,usp000cug2,2014-11-07T01:22:16.031Z,"21 km S of Kraksaan, Indonesia",earthquake,,9.5,,2,reviewed,us,us
2004-05-09T22:25:31.130Z,-6.944,106.178,78.3,5.2,mwc,208,48.4,,0.86,us,usp000cukk,2022-05-02T17:11:03.204Z,"41 km W of Pelabuhanratu, Indonesia",earthquake,,5.7,,,reviewed,us,hrv
2004-05-13T01:38:44.080Z,-8.639,111.442,65.1,4.8,mb,86,51,,0.83,us,usp000cuwb,2014-11-07T01:22:17.946Z,"68 km SSW of Trenggalek, Indonesia",earthquake,,8.3,,28,reviewed,us,us
2004-05-13T13:38:47.170Z,-7.895,109.018,63.3,4.4,mb,21,178.7,,0.74,us,usp000cuxx,2014-11-07T01:22:18.263Z,"38 km SW of Kroya, Indonesia",earthquake,,36.2,,7,reviewed,us,us
2004-05-16T06:09:16.480Z,-7.964,108.801,100,4.5,mb,8,206.6,,1.1,us,usp000cv6a,2014-11-07T01:22:19.482Z,"53 km S of Sidareja, Indonesia",earthquake,,,,2,reviewed,us,us
2004-05-23T13:12:28.300Z,-8.175,114.491,33,4.3,ml,4,264.8,,,us,usp000cvzr,2014-11-07T01:22:23.212Z,"16 km ENE of Banyuwangi, Indonesia",earthquake,,,,,reviewed,dja,dja
2004-05-25T03:43:06.950Z,-6.143,105.905,119.6,4.4,mb,33,73.6,,1.01,us,usp000cw53,2014-11-07T01:22:23.934Z,"27 km NNE of Labuan, Indonesia",earthquake,,,,7,reviewed,us,us
2004-05-28T22:23:12.010Z,-7.779,107.093,76.1,4.7,mb,33,78.6,,0.82,us,usp000cwg6,2014-11-07T01:22:25.656Z,"74 km SSW of Banjar, Indonesia",earthquake,,15.1,,1,reviewed,us,us
2004-05-31T04:20:58.480Z,-7.967,107.689,55.6,4.5,mb,68,64,,1.07,us,usp000cwpy,2014-11-07T01:22:26.624Z,"82 km SW of Singaparna, Indonesia",earthquake,,8.5,,6,reviewed,us,us
2004-05-31T20:55:46.280Z,-6.66,108.451,219.7,4.5,mb,50,51.3,,0.87,us,usp000cwry,2014-11-07T01:22:26.776Z,"4 km ESE of Arjawinangun, Indonesia",earthquake,,,,19,reviewed,us,us
2004-06-01T19:49:16.230Z,-5.759,105.963,193.9,4.2,mb,27,71.8,,0.71,us,usp000cwv9,2014-11-07T01:22:30.153Z,"44 km NNW of Serang, Indonesia",earthquake,,29.7,,5,reviewed,us,us
2004-06-02T11:43:40.510Z,-8.467,111.792,91.5,4.2,mb,20,155,,0.75,us,usp000cwxe,2014-11-07T01:22:31.302Z,"40 km SSW of Boyolangu, Indonesia",earthquake,,19.1,,3,reviewed,us,us
2004-06-05T04:25:35.620Z,-8.23,113.779,133.6,4.4,mb,17,137.2,,0.35,us,usp000cx53,2014-11-07T01:22:33.058Z,"10 km SE of Jember, Indonesia",earthquake,,5.8,,2,reviewed,us,us
2004-06-06T09:38:07.280Z,-6.04,113.109,579.4,5.9,mwb,417,26.5,,0.87,us,usp000cx7y,2022-05-02T17:13:47.180Z,"118 km NNE of Bangkalan, Indonesia",earthquake,,,,,reviewed,us,us
2004-06-07T10:35:43.410Z,-6.099,113.13,590.7,4.5,mb,55,50.3,,0.7,us,usp000cxbc,2014-11-07T01:22:34.807Z,"113 km NNE of Bangkalan, Indonesia",earthquake,,8.8,,16,reviewed,us,us
2004-06-19T21:46:27.410Z,-7.767,108.003,78.8,4.4,mb,62,41.9,,0.94,us,usp000cy9f,2014-11-07T01:22:39.079Z,"47 km SSW of Singaparna, Indonesia",earthquake,,10.6,,9,reviewed,us,us
2004-06-22T18:06:33.220Z,-6.709,108.986,207.8,3.6,mb,12,188.9,,0.63,us,usp000cyhj,2014-11-07T01:22:40.562Z,"18 km N of Bulakamba, Indonesia",earthquake,,18.8,,1,reviewed,us,us
2004-06-27T23:46:26.430Z,-7.996,111.624,150,3.8,mb,10,136.5,,0.97,us,usp000cz0x,2014-11-07T01:22:42.903Z,"12 km NW of Trenggalek, Indonesia",earthquake,,,,2,reviewed,us,us
2004-07-06T14:49:47.400Z,-8.433,113.063,146.7,4.1,mb,22,92.5,,,us,usp000czp3,2014-11-07T01:22:51.512Z,"37 km WSW of Kencong, Indonesia",earthquake,,,,4,reviewed,dja,us
2004-07-10T21:39:59.240Z,-6.586,105.267,68.8,4.2,mb,13,180.7,,0.77,us,usp000czxw,2014-11-07T01:22:52.893Z,"66 km WSW of Labuan, Indonesia",earthquake,,60.1,,2,reviewed,us,us
2004-07-17T01:20:33.390Z,-6.519,113.367,53.8,5.1,mb,66,65.7,,1.2,us,usp000d0ab,2014-11-07T01:22:54.999Z,"71 km N of Pamekasan, Indonesia",earthquake,,8.5,,31,reviewed,us,us
2004-07-25T11:59:40.640Z,-6.153,108.033,306.5,4,mb,25,101.3,,1.1,us,usp000d0uz,2014-11-07T01:22:58.955Z,"28 km ENE of Pamanukan, Indonesia",earthquake,,,,8,reviewed,us,us
2004-08-08T02:22:37.080Z,-6.502,113.353,62.6,4,mb,12,115.3,,0.5,us,usp000d1qr,2014-11-07T01:23:10.128Z,"73 km N of Pamekasan, Indonesia",earthquake,,32.3,,1,reviewed,us,us
2004-08-15T18:48:04.610Z,-7.037,105.32,50,4.3,mb,13,116.5,,0.67,us,usp000d27m,2014-11-07T01:23:13.039Z,"92 km SW of Labuan, Indonesia",earthquake,,,,2,reviewed,us,us
2004-08-17T15:55:53.100Z,-8.073,115.492,33,3.3,ml,4,183,,,us,usp000d2b1,2014-11-07T01:23:13.615Z,"43 km NNW of Bedugul, Indonesia",earthquake,,,,,reviewed,dja,dja
2004-08-19T06:33:31.360Z,-8.291,109.794,79.9,5.2,mwc,133,29.7,,1.04,us,usp000d2en,2025-12-19T23:15:45.159Z,"63 km SW of Srandakan, Indonesia",earthquake,,5.5,,,reviewed,us,hrv
2004-08-21T23:22:27.550Z,-7.781,111.94,179.8,4.4,mb,34,113.7,,0.89,us,usp000d2md,2014-11-07T01:23:15.018Z,"8 km W of Gampengrejo, Indonesia",earthquake,,9.4,,15,reviewed,us,us
2004-09-06T14:03:46.820Z,-8.261,111.659,135.4,4.3,mb,24,125.7,,0.83,us,usp000d3r5,2014-11-07T01:23:26.463Z,"21 km SSW of Trenggalek, Indonesia",earthquake,,13.6,,9,reviewed,us,us
2004-09-12T12:48:27.010Z,-8.14,114.125,19.2,4.3,mb,14,199.1,,0.85,us,usp000d44v,2014-11-07T01:23:28.272Z,"22 km NNW of Singojuruh, Indonesia",earthquake,,11.4,,3,reviewed,us,us
2004-09-25T16:04:16.970Z,-7.753,107.963,86.6,5.1,mwc,102,28.4,,1.1,us,usp000d51g,2025-12-19T23:16:30.759Z,"47 km SSW of Singaparna, Indonesia",earthquake,,6.2,,,reviewed,us,hrv
2004-09-29T19:07:11.500Z,-6.426,107.172,193.9,4.3,mb,32,110.8,,1.11,us,usp000d5b7,2014-11-07T01:23:35.248Z,"18 km S of Cikarang, Indonesia",earthquake,,,,14,reviewed,us,us
2004-10-05T21:14:34.410Z,-7.438,106.202,50.5,4.9,mwc,67,41.8,,1.08,us,usp000d5uq,2016-11-10T00:47:53.381Z,"63 km SW of Pelabuhanratu, Indonesia",earthquake,,7.5,,,reviewed,us,hrv
2004-10-12T04:27:36.730Z,-7.179,111.937,94.9,4.1,mb,13,136.5,,1.37,us,usp000d67x,2014-11-07T01:23:44.620Z,"6 km ESE of Bojonegoro, Indonesia",earthquake,,40,,3,reviewed,us,us
2004-10-12T06:49:26.230Z,-8.344,112.455,133.3,3.9,mb,12,136.9,,1.12,us,usp000d683,2014-11-07T01:23:44.630Z,"20 km S of Sumberpucung, Indonesia",earthquake,,30.8,,3,reviewed,us,us
2004-10-15T06:59:18.900Z,-6.462,111.534,258.8,3.9,mb,13,179.4,,1.34,us,usp000d6dt,2014-11-07T01:23:45.991Z,"26 km NNE of Lasem, Indonesia",earthquake,,9.3,,2,reviewed,us,us
2004-10-16T15:20:26.640Z,-7.009,107.297,61.4,4.1,mb,14,133.2,,0.84,us,usp000d6gg,2014-11-07T01:23:46.264Z,"21 km SSE of Ciranjang-hilir, Indonesia",earthquake,,63.7,,3,reviewed,us,us
2004-10-20T15:47:50.050Z,-6.09,108.278,367.1,3.9,mb,14,122.5,,0.96,us,usp000d6qz,2014-11-07T01:23:47.278Z,"26 km N of Indramayu, Indonesia",earthquake,,73.6,,3,reviewed,us,us
2004-10-23T14:59:52.780Z,-8.324,105.699,35,4.4,mb,19,142.9,,0.85,us,usp000d6wy,2014-11-07T01:23:48.290Z,"175 km SSW of Pelabuhanratu, Indonesia",earthquake,,0,,2,reviewed,us,us
2004-10-30T09:55:33.010Z,-8.589,112.574,81.4,4.9,mwc,68,37,,0.95,us,usp000d7bd,2016-11-10T00:50:26.003Z,"45 km SSW of Dampit, Indonesia",earthquake,,6.2,,,reviewed,us,hrv
2004-11-10T03:09:03.440Z,-5.831,110.421,641.5,3.7,mb,14,126.7,,0.64,us,usp000d82a,2014-11-07T01:23:58.164Z,"78 km NNW of Batang, Indonesia",earthquake,,34.3,,2,reviewed,us,us
2004-11-10T22:35:54.110Z,-7.089,108.911,76.2,4.7,mb,17,109.9,,1.13,us,usp000d842,2014-11-07T01:23:58.640Z,"11 km W of Margasari, Indonesia",earthquake,,66.6,,7,reviewed,us,us
2004-11-17T01:29:11.390Z,-7.302,107.941,106.6,4.2,mb,26,87.2,,1.28,us,usp000d8mf,2014-11-07T01:24:01.623Z,"14 km SSW of Wanaraja, Indonesia",earthquake,,8.2,,3,reviewed,us,us
2004-11-25T17:39:06.980Z,-8.236,108.899,150,4.2,mb,9,207.4,,1.22,us,usp000d96a,2014-11-07T01:24:05.082Z,"76 km SSW of Kroya, Indonesia",earthquake,,,,2,reviewed,us,us
2004-11-28T15:02:27.230Z,-6.605,105.724,15,4.1,mb,10,200.1,,0.88,us,usp000d9gs,2014-11-07T01:24:06.783Z,"27 km SSW of Labuan, Indonesia",earthquake,,0,,1,reviewed,us,us
2004-12-08T18:14:45.350Z,-7.743,108.177,104.6,4.6,mb,39,46.1,,0.95,us,usp000daay,2014-11-07T01:24:15.131Z,"40 km S of Kawalu, Indonesia",earthquake,,10.7,,10,reviewed,us,us
2004-12-09T20:30:47.140Z,-6.813,110.165,248.4,4.1,mb,19,75.9,,0.97,us,usp000dacu,2014-11-07T01:24:15.426Z,"20 km NNE of Weleri, Indonesia",earthquake,,12.9,,5,reviewed,us,us
2004-12-14T08:33:12.380Z,-8.669,111.844,75.8,4.8,mb,57,51.6,,1.02,us,usp000dap5,2014-11-07T01:24:16.766Z,"61 km S of Boyolangu, Indonesia",earthquake,,11.1,,16,reviewed,us,us
2004-12-21T02:23:27.510Z,-6.236,105.929,75,4.5,mb,9,199.7,,1.22,us,usp000db4j,2014-11-07T01:24:19.935Z,"19 km NE of Labuan, Indonesia",earthquake,,,,3,reviewed,us,us
2004-12-24T23:54:46.500Z,-6.618,109.169,248.6,4.6,mb,98,50.5,,0.9,us,usp000dbcw,2014-11-07T01:24:21.438Z,"27 km N of Tegal, Indonesia",earthquake,,3.9,,32,reviewed,us,us
2005-01-06T06:21:48.340Z,-6.982,105.084,30,4.5,mb,14,101.6,,1.29,us,usp000dcn6,2014-11-07T01:24:34.940Z,"106 km SW of Labuan, Indonesia",earthquake,,,,5,reviewed,us,us
2005-01-15T13:47:05.130Z,-6.462,105.236,58.7,6,mwc,199,32.6,,1.05,us,usp000ddcz,2022-05-02T17:42:45.537Z,"66 km W of Labuan, Indonesia",earthquake,,4.9,,,reviewed,us,hrv
2005-01-20T16:09:44.760Z,-7.68,112.898,184.8,4.7,mb,71,54.5,,1,us,usp000ddvs,2014-11-07T01:24:42.265Z,"3 km SSW of Pasuruan, Indonesia",earthquake,,5.5,,32,reviewed,us,us
2005-01-31T20:21:12.460Z,-8.602,112.505,83,4.6,mb,28,121,,0.75,us,usp000dfa6,2014-11-07T01:24:50.259Z,"49 km S of Sumberpucung, Indonesia",earthquake,,9.9,,15,reviewed,us,us
2005-02-02T05:55:18.240Z,-7.037,107.819,15,4.8,mb,29,60.5,,1.24,us,usp000dfcz,2020-09-18T20:21:51.366Z,"9 km NE of Paseh, Indonesia",earthquake,,0,,17,reviewed,us,us
2005-02-15T14:00:04.270Z,-8.688,114.774,37.4,4.3,mb,9,120.6,,1.1,us,usp000dg71,2014-11-07T01:24:59.979Z,"40 km SSE of Negara, Indonesia",earthquake,,33.7,,1,reviewed,us,us
2005-03-07T13:51:03.570Z,-8.524,113.297,116.8,5.1,mb,69,95.6,,0.77,us,usp000dhrc,2014-11-07T01:25:12.245Z,"27 km SSW of Kencong, Indonesia",earthquake,,3.9,,40,reviewed,us,us
2005-03-11T12:46:32.050Z,-8.379,106.163,40,4.2,mb,15,207.3,,0.99,us,usp000dhzp,2014-11-07T01:25:13.328Z,"159 km SSW of Pelabuhanratu, Indonesia",earthquake,,0,,2,reviewed,us,us
2005-03-14T15:37:01.030Z,-8.618,112.716,120.7,5,mwc,145,20,,0.98,us,usp000dj73,2025-12-19T23:21:09.970Z,"45 km S of Dampit, Indonesia",earthquake,,,,,reviewed,us,hrv
2005-04-02T16:34:26.580Z,-6.991,107.553,96.6,4.6,mb,12,204.2,,0.44,us,usp000dm0x,2014-11-07T01:25:27.961Z,"2 km SW of Margahayukencana, Indonesia",earthquake,,48.3,,2,reviewed,us,us
2005-04-04T13:09:39.780Z,-5.86,105.478,30,4.8,mb,87,51.3,,1.05,us,usp000dm7n,2014-11-07T01:25:29.186Z,"53 km SSE of Bandar Lampung, Indonesia",earthquake,,,,30,reviewed,us,us
2005-04-09T02:58:42.650Z,-5.914,105.584,35,4.1,mb,9,208.6,,1.18,us,usp000dmpj,2014-11-07T01:25:31.532Z,"58 km NNW of Labuan, Indonesia",earthquake,,,,2,reviewed,us,us
2005-04-15T02:06:07.760Z,-6.892,107.464,10,4.4,mb,15,84.8,,0.87,us,usp000dncn,2014-11-07T01:25:35.753Z,"6 km S of Padalarang, Indonesia",earthquake,,,,5,reviewed,us,us
2005-04-15T03:46:19.610Z,-7.427,106.965,66.6,4.7,mb,131,42,,1.19,us,usp000dncx,2014-11-07T01:25:35.789Z,"56 km S of Sukabumi, Indonesia",earthquake,,5.1,,32,reviewed,us,us
2005-04-17T11:11:39.270Z,-8.465,112.913,39.4,3.9,mb,9,146.5,,0.8,us,usp000dnk5,2014-11-07T01:25:37.045Z,"33 km SSE of Dampit, Indonesia",earthquake,,26.6,,1,reviewed,us,us
2005-05-12T13:58:09.810Z,-8.056,111.604,100,4.5,mb,15,124.3,,1.18,us,usp000dqm6,2014-11-07T01:25:52.371Z,"11 km WNW of Trenggalek, Indonesia",earthquake,,,,4,reviewed,us,us
2005-05-22T19:56:59.710Z,-7.865,106.929,75,4.1,mb,11,191.2,,0.82,us,usp000drcr,2014-11-07T01:25:57.325Z,"92 km SW of Banjar, Indonesia",earthquake,,11.7,,1,reviewed,us,us
2005-06-07T03:50:46.220Z,-8.281,108.907,100,4.4,mb,21,71.2,,1,us,usp000dsd9,2014-11-07T01:26:08.980Z,"80 km SSW of Kroya, Indonesia",earthquake,,40.1,,4,reviewed,us,us
2005-06-12T15:31:51.110Z,-7.661,107.611,98.6,4.6,mb,35,94.2,,1.25,us,usp000dstb,2014-11-07T01:26:11.140Z,"55 km SSE of Banjar, Indonesia",earthquake,,22.5,,13,reviewed,us,us
2005-06-14T19:32:04.730Z,-7.428,106.973,102.3,4.1,mb,18,87.9,,1.25,us,usp000dt0h,2014-11-07T01:26:12.649Z,"56 km S of Sukabumi, Indonesia",earthquake,,50.4,,5,reviewed,us,us
2005-06-17T11:40:57.250Z,-7.066,107.298,107.4,4.1,mb,9,193,,0.28,us,usp000dt99,2014-11-07T01:26:14.641Z,"20 km NW of Banjar, Indonesia",earthquake,,67.4,,1,reviewed,us,us
2005-06-22T20:08:23.870Z,-7.847,107.463,38.3,5.3,mwc,130,45.5,,1,us,usp000dtpj,2022-05-02T16:48:57.931Z,"72 km S of Banjar, Indonesia",earthquake,,10.4,,,reviewed,us,hrv
2005-06-23T17:38:25.550Z,-6.091,113.09,589.6,4.5,mb,71,49.8,,0.75,us,usp000dtrt,2014-11-07T01:26:16.600Z,"112 km NNE of Bangkalan, Indonesia",earthquake,,,,37,reviewed,us,us
2005-06-24T12:35:35.340Z,-6.868,106.236,41.3,4.9,mwc,92,48.6,,0.85,us,usp000dttu,2016-11-10T01:07:49.236Z,"37 km WNW of Pelabuhanratu, Indonesia",earthquake,,9.7,,,reviewed,us,hrv
2005-07-06T07:19:08.160Z,-8.502,113.391,142.9,4.9,mb,61,68.6,,0.79,us,usp000dumv,2014-11-07T01:26:26.247Z,"24 km S of Kencong, Indonesia",earthquake,,10.3,,23,reviewed,us,us
2005-07-09T22:42:04.080Z,-7.517,112.696,261.1,4.4,mb,11,195.8,,0.29,us,usp000duvq,2014-11-07T01:26:27.952Z,"1 km SSW of Tanggulangin, Indonesia",earthquake,,35.8,,2,reviewed,us,us
2005-07-10T23:11:02.440Z,-7.63,106.958,40,4.3,mb,13,68.9,,0.76,us,usp000duym,2014-11-07T01:26:28.400Z,"70 km SW of Banjar, Indonesia",earthquake,,0,,1,reviewed,us,us
2005-07-12T17:35:28.710Z,-7.457,108.556,35,3.8,mb,6,203.6,,1.03,us,usp000dv2t,2014-11-07T01:26:28.885Z,"26 km W of Sidareja, Indonesia",earthquake,,0,,1,reviewed,us,us
2005-07-14T05:50:25.260Z,-8.067,112.133,54.7,4.5,mb,18,124.8,,1.08,us,usp000dv5u,2014-11-07T01:26:29.384Z,"5 km NW of Blitar, Indonesia",earthquake,,18,,5,reviewed,us,us
2005-07-16T15:48:25.480Z,-6.705,105.867,55.7,4.8,mwc,78,69.5,,1.03,us,usp000dvb6,2016-11-10T01:08:44.611Z,"36 km S of Labuan, Indonesia",earthquake,,,,,reviewed,us,hrv
2005-07-19T12:21:13.200Z,-8.559,111.068,46,4.8,mb,56,63.7,,0.88,us,usp000dvgs,2014-11-07T01:26:30.955Z,"74 km S of Jatiroto, Indonesia",earthquake,,19.3,,18,reviewed,us,us
2005-07-25T08:03:14.910Z,-8.23,105.982,35,4.2,mb,13,114.6,,1.02,us,usp000dvvt,2014-11-07T01:26:33.215Z,"151 km SSW of Pelabuhanratu, Indonesia",earthquake,,,,2,reviewed,us,us
2005-07-29T17:36:30.560Z,-6.187,113.508,594.5,4.6,mb,71,49.5,,0.75,us,usp000dw7r,2014-11-07T01:26:35.917Z,"99 km NNW of Sumenep, Indonesia",earthquake,,6.6,,26,reviewed,us,us
2005-08-03T16:32:53.440Z,-5.777,105.209,15,4.1,mb,15,81,,0.74,us,usp000dwk6,2014-11-07T01:26:43.286Z,"38 km S of Bandar Lampung, Indonesia",earthquake,,0,,1,reviewed,us,us
2005-08-15T07:35:01.470Z,-8.092,106.965,30,4.8,mb,33,101.1,,0.82,us,usp000dxca,2014-11-07T01:26:49.157Z,"111 km SSW of Banjar, Indonesia",earthquake,,,,8,reviewed,us,us
2005-08-23T13:57:41.320Z,-6.896,106.093,10,4,mb,7,180.3,,0.83,us,usp000dxwp,2014-11-07T01:26:51.725Z,"51 km WNW of Pelabuhanratu, Indonesia",earthquake,,,,1,reviewed,us,us
2005-08-29T09:49:05.670Z,-8.201,106.026,30,4.5,mb,21,102.2,,0.61,us,usp000dy92,2014-11-07T01:26:54.172Z,"146 km SSW of Pelabuhanratu, Indonesia",earthquake,,,,9,reviewed,us,us
2005-08-31T14:53:19.220Z,-6.981,106.622,102.7,4.1,mb,19,115.1,,0.7,us,usp000dydp,2014-11-07T01:26:54.993Z,"7 km E of Pelabuhanratu, Indonesia",earthquake,,17.3,,4,reviewed,us,us
2005-09-24T00:58:35.820Z,-6.599,105.842,10,4.7,mb,21,96.3,,0.62,us,usp000e01v,2014-11-07T01:27:08.484Z,"24 km S of Labuan, Indonesia",earthquake,,,,5,reviewed,us,us
2005-09-24T04:40:24.720Z,-5.845,105.498,57.9,5,mwc,103,51.3,,1.05,us,usp000e02j,2022-05-02T17:59:38.804Z,"52 km SSE of Bandar Lampung, Indonesia",earthquake,,12,,,reviewed,us,hrv
2005-10-03T23:30:29.450Z,-7.887,107.028,35,4.9,mwc,58,62.4,,1.18,us,usp000e0ug,2016-11-10T01:12:30.106Z,"88 km SSW of Banjar, Indonesia",earthquake,,,,,reviewed,us,hrv
2005-10-04T00:10:24.950Z,-7.974,106.946,90.9,4.6,mb,32,85.2,,1.08,us,usp000e0uj,2014-11-07T01:27:16.743Z,"101 km SSW of Banjar, Indonesia",earthquake,,22.1,,11,reviewed,us,us
2005-10-04T02:11:18.810Z,-6.773,105.578,15,4.7,mb,31,82.6,,0.79,us,usp000e0up,2014-11-07T01:27:16.759Z,"51 km SSW of Labuan, Indonesia",earthquake,,0,,8,reviewed,us,us
2005-10-07T00:09:26.020Z,-6.932,105.552,23.6,4.6,mb,38,56,,0.93,us,usp000e101,2014-11-07T01:27:17.858Z,"68 km SSW of Labuan, Indonesia",earthquake,,,,16,reviewed,us,us
2005-10-07T05:09:08.270Z,-8.239,112.56,108.6,4.3,mb,27,125.4,,0.68,us,usp000e10g,2014-11-07T01:27:17.903Z,"10 km SW of Gongdanglegi Kulon, Indonesia",earthquake,,18.7,,10,reviewed,us,us
2005-10-10T10:55:48.430Z,-6.881,105.459,30,5.5,mwc,95,34,,1.14,us,usp000e1gt,2022-05-02T18:03:55.726Z,"69 km SW of Labuan, Indonesia",earthquake,,,,,reviewed,us,hrv
2005-10-19T09:51:17.010Z,-7.142,105.484,30,4.5,mb,17,114,,1.08,us,usp000e27z,2014-11-07T01:27:26.633Z,"92 km SSW of Labuan, Indonesia",earthquake,,0,,7,reviewed,us,us
2005-10-24T17:20:32.920Z,-7.776,108.059,35,4.3,mb,12,119.5,,0.97,us,usp000e2rd,2014-11-07T01:27:28.508Z,"46 km SSW of Kawalu, Indonesia",earthquake,,,,6,reviewed,us,us
2005-10-24T21:28:27.390Z,-7.308,112.021,173.1,4.3,mb,18,126.9,,0.62,us,usp000e2s8,2014-11-07T01:27:28.569Z,"23 km SE of Bojonegoro, Indonesia",earthquake,,25.4,,7,reviewed,us,us
2005-11-09T00:08:47.770Z,-7.375,106.985,108.9,4.8,mb,18,121,,1.08,us,usp000e3t3,2014-11-07T01:27:37.287Z,"50 km S of Sukabumi, Indonesia",earthquake,,46.9,,3,reviewed,us,us
2005-11-14T16:40:21.980Z,-8.619,109.383,30,4.3,mb,8,147,,0.58,us,usp000e45r,2014-11-07T01:27:39.361Z,"110 km S of Kroya, Indonesia",earthquake,,,,3,reviewed,us,us
2005-11-18T16:45:08.780Z,-8.51,113.231,64.4,4.8,mwc,71,63.3,,0.87,us,usp000e4et,2016-11-10T01:14:41.155Z,"29 km SSW of Kencong, Indonesia",earthquake,,10.3,,,reviewed,us,hrv
2005-11-20T15:31:34.610Z,-8.21,111.781,153.3,4.6,mb,33,93,,0.84,us,usp000e4js,2014-11-07T01:27:41.581Z,"Java, Indonesia",earthquake,,15.1,,13,reviewed,us,us
2005-11-21T06:43:47.510Z,-8.713,112.276,35,4.1,mb,17,93.1,,0.98,us,usp000e4mj,2014-11-07T01:27:41.789Z,"65 km SSW of Sumberpucung, Indonesia",earthquake,,,,2,reviewed,us,us
2005-11-22T01:58:49.930Z,-8.745,111.42,30,4.6,mb,32,81,,0.7,us,usp000e4pe,2014-11-07T01:27:42.187Z,"80 km SSW of Trenggalek, Indonesia",earthquake,,,,10,reviewed,us,us
2005-11-26T03:09:27.430Z,-8.36,109.041,100,4,mb,6,206.8,,0.32,us,usp000e4x5,2014-11-07T01:27:43.489Z,"83 km SSW of Kroya, Indonesia",earthquake,,,,2,reviewed,us,us
2005-11-30T13:42:24.050Z,-8.044,108.842,10,4.6,mb,18,169.1,,0.75,us,usp000e57v,2014-11-07T01:27:45.222Z,"62 km S of Sidareja, Indonesia",earthquake,,,,3,reviewed,us,us
2005-12-08T01:05:07.310Z,-5.944,105.489,15,4.7,mb,31,72.3,,1.05,us,usp000e5rk,2014-11-07T01:27:51.719Z,"61 km NW of Labuan, Indonesia",earthquake,,0,,8,reviewed,us,us
2005-12-16T12:30:30.160Z,-8.544,113.279,114,4.5,mb,33,72.6,,0.96,us,usp000e68j,2014-11-07T01:27:54.341Z,"30 km SSW of Kencong, Indonesia",earthquake,,16.1,,15,reviewed,us,us
2005-12-25T04:10:47.910Z,-8.365,111.231,104.7,3.9,mb,11,158,,0.96,us,usp000e6tv,2014-11-07T01:27:56.452Z,"54 km SSE of Jatiroto, Indonesia",earthquake,,35.1,,2,reviewed,us,us
2006-01-04T20:25:03.120Z,-8.497,110.162,56.1,4.5,mb,26,70.6,,0.74,us,usp000e7ks,2014-11-07T01:28:03.816Z,"61 km SSW of Bambanglipuro, Indonesia",earthquake,,26.7,,7,reviewed,us,us
2006-01-08T08:00:04.070Z,-6.007,105.138,15,4.2,mb,17,180.2,,0.49,us,usp000e7tx,2014-11-07T01:28:04.783Z,"65 km SSW of Bandar Lampung, Indonesia",earthquake,,0,,2,reviewed,us,us
2006-01-09T01:56:30.670Z,-5.858,105.152,35,4.4,mb,13,99,,1.33,us,usp000e7wd,2014-11-07T01:28:05.161Z,"48 km SSW of Bandar Lampung, Indonesia",earthquake,,,,3,reviewed,us,us
2006-01-09T12:48:18.220Z,-6.051,105.046,35,4.3,mb,8,99.1,,0.65,us,usp000e7x8,2014-11-07T01:28:05.229Z,"72 km SSW of Bandar Lampung, Indonesia",earthquake,,,,1,reviewed,us,us
2006-01-11T13:52:28.220Z,-6.209,105.023,15,4.7,mb,15,79,,1.09,us,usp000e81n,2014-11-07T01:28:05.772Z,"90 km SSW of Bandar Lampung, Indonesia",earthquake,,0,,2,reviewed,us,us
2006-01-20T20:26:51.270Z,-6.082,113.064,579.6,5.2,mwc,116,39.1,,0.68,us,usp000e8j5,2025-12-22T16:14:46.849Z,"112 km NNE of Bangkalan, Indonesia",earthquake,,,,,reviewed,us,hrv
2006-01-29T21:37:12.490Z,-6.224,105.097,35,4.3,mb,9,200.1,,0.44,us,usp000e93g,2014-11-07T01:28:10.563Z,"82 km WNW of Labuan, Indonesia",earthquake,,,,2,reviewed,us,us
2006-02-03T00:49:26.960Z,-8.68,113.407,10,4.1,mb,6,181.7,,0.61,us,usp000e9bs,2014-11-07T01:28:14.771Z,"44 km S of Kencong, Indonesia",earthquake,,,,1,reviewed,us,us
2006-02-16T19:20:54.740Z,-6.894,105.365,15,4.3,mb,18,175.1,,1,us,usp000ea64,2014-11-07T01:28:18.906Z,"76 km SW of Labuan, Indonesia",earthquake,,0,,4,reviewed,us,us
2006-02-26T13:39:56.220Z,-8.672,105.983,34.4,4.9,mwc,84,44.8,,0.8,us,usp000eax1,2016-11-10T01:18:02.957Z,"196 km SSW of Pelabuhanratu, Indonesia",earthquake,,,,,reviewed,us,hrv
2006-02-26T14:42:59.610Z,-8.66,106.04,3.6,5.4,mwc,117,46.9,,0.93,us,usp000eax5,2025-12-22T16:15:18.647Z,"193 km SSW of Pelabuhanratu, Indonesia",earthquake,,18.1,,,reviewed,us,hrv
2006-03-08T21:04:31.970Z,-6.69,105.158,15,4.6,mb,11,200.6,,0.64,us,usp000ebpq,2014-11-07T01:28:29.622Z,"81 km WSW of Labuan, Indonesia",earthquake,,0,,2,reviewed,us,us
2006-03-10T09:26:03.540Z,-7.762,107.762,69,4.9,mwc,86,58.3,,0.93,us,usp000ebvh,2016-11-10T01:18:39.239Z,"59 km SW of Singaparna, Indonesia",earthquake,,,,,reviewed,us,hrv
2006-03-11T16:25:32.190Z,-6.903,105.601,122.7,4.5,mb,21,174.6,,0.95,us,usp000ebys,2014-11-07T01:28:30.843Z,"63 km SSW of Labuan, Indonesia",earthquake,,43.9,,6,reviewed,us,us
2006-03-16T05:43:09.700Z,-7.366,106.72,20.3,5,mwc,187,47.1,,0.84,us,usp000ec8v,2022-05-02T15:26:45.888Z,"45 km SSE of Pelabuhanratu, Indonesia",earthquake,,11.4,,,reviewed,us,hrv
2006-04-06T07:36:41.960Z,-8.538,110.879,35,4.6,mb,15,177.6,,0.82,us,usp000edtt,2014-11-07T01:28:43.851Z,"76 km SSW of Jatiroto, Indonesia",earthquake,,,,1,reviewed,us,us
2006-04-09T22:50:02.660Z,-7.438,106.065,29.9,4.5,mb,45,63.4,,0.91,us,usp000ee22,2014-11-07T01:28:44.973Z,"73 km SW of Pelabuhanratu, Indonesia",earthquake,,,,12,reviewed,us,us
2006-04-18T13:12:32.140Z,-8.082,108.868,35,4.1,mb,11,141.8,,0.85,us,usp000eev3,2014-11-07T01:28:51.684Z,"64 km SW of Kroya, Indonesia",earthquake,,,,2,reviewed,us,us
2006-05-06T17:25:38.440Z,-6.06,113.177,595.9,4.1,mb,17,105.3,,0.68,us,usp000ege8,2014-11-07T01:29:03.779Z,"Java, Indonesia",earthquake,,13.8,,7,reviewed,us,us
2006-05-18T08:33:42.990Z,-7.47,106.086,49.7,4.8,mb,45,66.2,,0.78,us,usp000ehdc,2014-11-07T01:29:08.273Z,"74 km SW of Pelabuhanratu, Indonesia",earthquake,,,,23,reviewed,us,us
2006-05-19T22:19:23.010Z,-8.687,105.977,28.5,5,mb,55,49.2,,0.89,us,usp000ehh3,2014-11-07T01:29:08.649Z,"198 km SSW of Pelabuhanratu, Indonesia",earthquake,,,,23,reviewed,us,us
2006-05-24T15:34:44.060Z,-8.501,108.155,54,4.4,mb,9,200,,0.61,us,usp000ehv0,2014-11-07T01:29:10.281Z,"123 km S of Kawalu, Indonesia",earthquake,,47.6,,2,reviewed,us,us
2006-05-26T22:53:58.920Z,-7.961,110.446,12.5,6.3,mwb,213,42.8,,1.32,us,usp000ej1c,2023-05-26T00:49:27.961Z,"10 km E of Pundong, Indonesia",earthquake,,,,,reviewed,us,us
2006-05-27T01:07:44.810Z,-8.115,110.353,35,4.4,mb,19,112.2,,1.78,us,usp000ej1f,2014-11-07T01:29:11.625Z,"18 km S of Pundong, Indonesia",earthquake,,,,6,reviewed,us,us
2006-05-27T03:10:02.640Z,-7.844,110.435,10,4.8,mb,98,45.7,,1.02,us,usp000ej1n,2014-11-07T01:29:11.637Z,"9 km S of Depok, Indonesia",earthquake,,,,30,reviewed,us,us
2006-05-27T04:21:50.630Z,-7.775,110.511,10,4.6,mb,53,57.2,,1.07,us,usp000ej1v,2014-11-07T01:29:11.664Z,"3 km SE of Candi Prambanan, Indonesia",earthquake,,,,18,reviewed,us,us
2006-06-01T23:45:43.160Z,-7.997,110.376,35,4,mb,7,188.5,,0.56,us,usp000ejgd,2014-11-07T01:29:17.000Z,"5 km SSE of Pundong, Indonesia",earthquake,,,,3,reviewed,us,us
2006-06-02T16:45:29.230Z,-8.213,109.009,10,4.2,mb,11,225.4,,1.94,us,usp000ejjd,2014-11-07T01:29:18.321Z,"69 km SSW of Kroya, Indonesia",earthquake,,,,5,reviewed,us,us
2006-06-02T19:58:54.690Z,-7.518,106.109,10,4.3,mb,9,187.8,,0.81,us,usp000ejjs,2014-11-07T01:29:18.414Z,"76 km SW of Pelabuhanratu, Indonesia",earthquake,,,,2,reviewed,us,us
2006-06-08T04:44:23.870Z,-8.424,110.478,10,4.5,mb,12,139.1,,1.13,us,usp000ejxb,2014-11-07T01:29:20.296Z,"54 km SSE of Pundong, Indonesia",earthquake,,,,5,reviewed,us,us
2006-06-09T01:06:44.750Z,-7.989,110.193,11.5,4.1,mb,9,192.8,,0.94,us,usp000ejzn,2014-11-07T01:29:20.570Z,"8 km SW of Srandakan, Indonesia",earthquake,,55.6,,2,reviewed,us,us
2006-06-16T19:11:41.340Z,-7.946,110.46,10,3.7,mb,9,168.2,,0.78,us,usp000ekhp,2014-11-07T01:29:23.209Z,"12 km E of Pundong, Indonesia",earthquake,,,,2,reviewed,us,us
2006-06-17T00:57:03.420Z,-8.401,110.123,35,4.1,mb,7,167.5,,1.55,us,usp000ekjq,2014-11-07T01:29:23.328Z,"52 km SSW of Bambanglipuro, Indonesia",earthquake,,0,,1,reviewed,us,us
2006-06-19T20:35:48.390Z,-7.959,112.298,231.9,4.2,mb,23,175.6,,0.71,us,usp000eku4,2014-11-07T01:29:25.353Z,"21 km NE of Blitar, Indonesia",earthquake,,41.6,,11,reviewed,us,us
2006-06-21T07:10:59.090Z,-8.463,110.48,10,4.8,mb,50,71.1,,0.72,us,usp000ekx9,2014-11-07T01:29:25.889Z,"58 km SSE of Pundong, Indonesia",earthquake,,,,8,reviewed,us,us
2006-06-23T23:37:12.230Z,-7.127,105.562,30.6,4.9,mb,34,87.2,,0.68,us,usp000em3t,2014-11-07T01:29:26.776Z,"87 km SSW of Labuan, Indonesia",earthquake,,,,17,reviewed,us,us
2006-06-24T10:06:17.290Z,-8.19,110.009,35,4.8,mb,6,205.2,,0.92,us,usp000em4y,2014-11-07T01:29:26.917Z,"38 km SW of Srandakan, Indonesia",earthquake,,0,,1,reviewed,us,us
2006-06-24T16:38:36.640Z,-8.099,110.269,10,4.7,mb,10,140.4,,1.59,us,usp000em5j,2014-11-07T01:29:26.968Z,"Java, Indonesia",earthquake,,,,4,reviewed,us,us
2006-06-30T00:22:20.510Z,-7.14,108.957,35,3.8,mb,8,192.6,,0.55,us,usp000emkq,2014-11-07T01:29:30.154Z,"7 km SW of Margasari, Indonesia",earthquake,,,,1,reviewed,us,us
2006-07-01T13:16:00.360Z,-7.512,106.134,10,4.5,mb,17,117,,0.9,us,usp000empp,2014-11-07T01:29:32.752Z,"74 km SW of Pelabuhanratu, Indonesia",earthquake,,,,6,reviewed,us,us
2006-07-04T00:03:44.080Z,-8.132,110.389,35,3.7,mb,11,188.7,,0.97,us,usp000emve,2014-11-07T01:29:35.059Z,"20 km SSE of Pundong, Indonesia",earthquake,,,,1,reviewed,us,us
2006-07-05T15:26:30.120Z,-5.996,105.572,117,4.3,mb,21,105.3,,0.67,us,usp000emy9,2014-11-07T01:29:35.575Z,"51 km NW of Labuan, Indonesia",earthquake,,52.3,,4,reviewed,us,us
2006-07-06T00:58:10.370Z,-7.307,110.66,35,3.7,mb,16,76.5,,0.97,us,usp000emyw,2014-11-07T01:29:35.777Z,"18 km E of Salatiga, Indonesia",earthquake,,,,4,reviewed,us,us
2006-07-14T15:09:33.880Z,-5.957,107.297,256,4.1,mb,10,146,,0.75,us,usp000enkw,2014-11-07T01:29:38.797Z,"22 km N of Rengasdengklok, Indonesia",earthquake,,24.2,,1,reviewed,us,us
2006-07-17T10:07:47.340Z,-8.574,108.305,10,4.5,mb,7,139.3,,0.63,us,usp000ent4,2014-11-07T01:29:40.286Z,"131 km SSW of Sidareja, Indonesia",earthquake,,,,1,reviewed,us,us
2006-07-17T15:07:09.190Z,-7.649,105.998,10,4.6,mb,9,188.1,,1.56,us,usp000enuj,2014-11-07T01:29:41.620Z,"95 km SW of Pelabuhanratu, Indonesia",earthquake,,,,2,reviewed,us,us
2006-07-17T15:56:58.550Z,-7.28,105.581,10,4.5,mb,12,196,,1.07,us,usp000env2,2014-11-07T01:29:42.053Z,"103 km SSW of Labuan, Indonesia",earthquake,,,,1,reviewed,us,us
2006-07-17T21:34:34.030Z,-8.35,108.293,10,4.3,mb,6,211,,1.01,us,usp000enws,2014-11-07T01:29:42.235Z,"107 km S of Kawalu, Indonesia",earthquake,,,,2,reviewed,us,us
2006-07-17T23:00:44.440Z,-7.431,106.36,28.3,4.2,mb,15,170.6,,0.89,us,usp000enx2,2014-11-07T01:29:42.298Z,"53 km SSW of Pelabuhanratu, Indonesia",earthquake,,37.4,,5,reviewed,us,us
2006-07-17T23:00:56.650Z,-6.55,107.328,10,4.3,mb,11,209.5,,0.77,us,usp000enx3,2014-11-07T01:29:42.300Z,"12 km W of Purwakarta, Indonesia",earthquake,,,,4,reviewed,us,us
2006-07-17T23:01:17.310Z,-8.548,106.454,10,4.5,mb,17,181.6,,1.07,us,usp000enx4,2014-11-07T01:29:42.302Z,"south of Java, Indonesia",earthquake,,,,7,reviewed,us,us
2006-07-18T08:49:05.240Z,-7.464,115.438,317.2,4.4,mb,9,196.9,,0.13,us,usp000enzc,2014-11-07T01:29:42.639Z,"Bali Sea",earthquake,,54.5,,2,reviewed,us,us
2006-07-19T08:18:59.360Z,-8.501,108.874,10,4.5,mb,13,138.8,,1.32,us,usp000ep2s,2014-11-07T01:29:43.157Z,"104 km SSW of Kroya, Indonesia",earthquake,,,,2,reviewed,us,us
2006-07-19T10:57:36.880Z,-6.535,105.389,45,6.1,mwb,383,33.2,,0.93,us,usp000ep36,2022-07-14T10:34:31.550Z,"51 km WSW of Labuan, Indonesia",earthquake,,,,,reviewed,us,us
2006-08-02T08:21:02.840Z,-8.55,108.77,10,4.8,mb,20,129.4,,1.36,us,usp000eq2c,2014-11-07T01:29:52.630Z,"114 km SSW of Kroya, Indonesia",earthquake,,,,3,reviewed,us,us
2006-08-02T08:35:11.140Z,-7.644,110.199,10,4.1,mb,10,195.5,,1.21,us,usp000eq2d,2014-11-07T01:29:52.635Z,"12 km SW of Muntilan, Indonesia",earthquake,,,,3,reviewed,us,us
2006-08-02T17:17:26.900Z,-7.842,112.595,10,3.9,mb,10,183.3,,0.77,us,usp000eq3g,2014-11-07T01:29:53.011Z,"7 km ENE of Batu, Indonesia",earthquake,,,,1,reviewed,us,us
2006-08-08T23:26:01.100Z,-8.354,107.495,10,4.4,mb,16,117.6,,0.79,us,usp000eqhp,2014-11-07T01:29:56.032Z,"128 km S of Banjar, Indonesia",earthquake,,,,2,reviewed,us,us
2006-08-13T14:14:47.930Z,-7.701,108.023,10,4.8,mb,77,57.3,,0.9,us,usp000eqvj,2014-11-07T01:29:57.640Z,"39 km SSW of Singaparna, Indonesia",earthquake,,,,21,reviewed,us,us
2006-08-16T09:15:28.490Z,-7.853,106.819,10,4.6,mb,51,74.9,,0.89,us,usp000er1v,2014-11-07T01:29:58.566Z,"99 km SW of Banjar, Indonesia",earthquake,,,,13,reviewed,us,us
2006-08-17T04:28:51.540Z,-8.639,108.628,10,4.3,mb,10,138.3,,1.14,us,usp000er4j,2014-11-07T01:29:58.933Z,"128 km S of Sidareja, Indonesia",earthquake,,,,4,reviewed,us,us
2006-08-18T04:22:24.860Z,-7.632,107.973,10,4.3,mb,10,138.7,,0.49,us,usp000er7u,2014-11-07T01:29:59.524Z,"34 km SSW of Singaparna, Indonesia",earthquake,,,,3,reviewed,us,us
2006-08-18T17:40:25.990Z,-8.422,109.007,35,4.2,mb,7,193.6,,1.31,us,usp000er8q,2014-11-07T01:29:59.603Z,"91 km SSW of Kroya, Indonesia",earthquake,,,,3,reviewed,us,us
2006-08-23T17:35:00.090Z,-6.888,106.137,111.9,4.5,mb,55,69.6,,1.07,us,usp000erk5,2014-11-07T01:30:00.991Z,"47 km WNW of Pelabuhanratu, Indonesia",earthquake,,15.5,,19,reviewed,us,us
2006-09-05T19:35:18.870Z,-7.579,112.09,65.7,4.3,mb,10,145.1,,0.83,us,usp000eshm,2014-11-07T01:30:09.992Z,"1 km WNW of Kertosono, Indonesia",earthquake,,34,,3,reviewed,us,us
2006-09-07T21:12:24.000Z,-7.574,111.676,10,3.9,mb,12,176.7,,1.22,us,usp000esnf,2014-11-07T01:30:10.706Z,"17 km ENE of Madiun, Indonesia",earthquake,,,,2,reviewed,us,us
2006-09-09T17:48:55.800Z,-6.95,109.765,252,4.6,mb,74,49.7,,0.79,us,usp000essy,2014-11-07T01:30:11.360Z,"12 km SE of Pekalongan, Indonesia",earthquake,,,,40,reviewed,us,us
2006-09-16T10:31:29.560Z,-8.104,107.081,10,4.7,mb,8,209.2,,1.2,us,usp000et65,2014-11-07T01:30:13.950Z,"107 km SSW of Banjar, Indonesia",earthquake,,,,1,reviewed,us,us
2006-09-19T10:08:31.620Z,-7.147,106.74,35,4.4,mb,18,173.4,,0.68,us,usp000etdf,2014-11-07T01:30:15.109Z,"27 km SE of Pelabuhanratu, Indonesia",earthquake,,,,3,reviewed,us,us
2006-09-20T01:28:05.240Z,-7.684,110.288,10,3.7,mb,9,188.8,,1.21,us,usp000etet,2014-11-07T01:30:15.335Z,"8 km WNW of Sleman, Indonesia",earthquake,,,,1,reviewed,us,us
2006-09-28T13:46:18.300Z,-7.7,107.779,10,4.4,mb,12,139.5,,1.02,us,usp000eu0a,2014-11-07T01:30:19.745Z,"53 km SW of Singaparna, Indonesia",earthquake,,,,7,reviewed,us,us
2006-10-08T07:41:09.200Z,-6.953,106.104,10,4.6,mb,21,96.3,,0.56,us,usp000eupp,2014-11-07T01:30:31.151Z,"49 km W of Pelabuhanratu, Indonesia",earthquake,,,,4,reviewed,us,us
2006-10-09T23:38:25.270Z,-7.813,107.932,49.2,4.1,mb,23,96.5,,1.13,us,usp000euug,2014-11-07T01:30:31.822Z,"54 km SSW of Singaparna, Indonesia",earthquake,,16,,7,reviewed,us,us
2006-10-11T05:25:25.950Z,-6.24,105.382,150,4,mb,10,180.2,,0.57,us,usp000euxh,2014-11-07T01:30:32.222Z,"51 km WNW of Labuan, Indonesia",earthquake,,,,1,reviewed,us,us
2006-10-13T15:33:50.930Z,-6.768,106.454,154,4.4,mb,40,107.5,,1.02,us,usp000ev4j,2014-11-07T01:30:33.769Z,"26 km NNW of Pelabuhanratu, Indonesia",earthquake,,28.7,,14,reviewed,us,us
2006-10-13T17:31:29.630Z,-7.896,109.167,118.5,4.6,mb,70,36.6,,0.87,us,usp000ev4p,2014-11-07T01:30:33.793Z,"30 km SSW of Kroya, Indonesia",earthquake,,11.1,,37,reviewed,us,us
2006-10-19T07:38:47.850Z,-7.172,106.137,68.1,4.2,mb,8,140.2,,0.23,us,usp000evgx,2014-11-07T01:30:35.869Z,"50 km WSW of Pelabuhanratu, Indonesia",earthquake,,28.5,,1,reviewed,us,us
2006-10-20T16:22:31.310Z,-8.376,113.174,141.5,4.5,mb,39,78.2,,1.04,us,usp000evm6,2014-11-07T01:30:36.352Z,"23 km WSW of Kencong, Indonesia",earthquake,,,,28,reviewed,us,us
2006-10-22T11:16:26.360Z,-6.74,106.621,109.2,4.2,mb,22,134.6,,0.55,us,usp000evsk,2014-11-07T01:30:36.949Z,"18 km WNW of Cicurug, Indonesia",earthquake,,32.5,,4,reviewed,us,us
2006-10-30T01:00:28.450Z,-7.001,106.754,10,4.7,mb,44,56.2,,1.1,us,usp000ew98,2014-11-07T01:30:38.989Z,"21 km WSW of Sukabumi, Indonesia",earthquake,,,,10,reviewed,us,us
2006-11-03T20:11:39.640Z,-7.926,110.337,10,4.3,mb,13,165,,1.07,us,usp000ewjw,2014-11-07T01:30:44.861Z,"3 km NNW of Pundong, Indonesia",earthquake,,,,3,reviewed,us,us
2006-11-04T19:10:28.600Z,-8.305,111.235,10,4.1,mb,8,164.6,,0.73,us,usp000ewmv,2014-11-07T01:30:45.312Z,"48 km SSE of Jatiroto, Indonesia",earthquake,,,,3,reviewed,us,us
2006-11-05T21:16:51.220Z,-8.063,107.453,23.3,4.5,mb,41,52.7,,0.97,us,usp000ewpz,2014-11-07T01:30:45.725Z,"95 km S of Banjar, Indonesia",earthquake,,17.2,,14,reviewed,us,us
2006-11-06T06:11:15.450Z,-8.499,110.935,10,4.3,mb,13,141,,1.2,us,usp000ewqz,2014-11-07T01:30:45.843Z,"70 km SSW of Jatiroto, Indonesia",earthquake,,,,6,reviewed,us,us
2006-11-06T12:58:34.500Z,-7.796,110.888,10,4.5,mb,31,66.9,,0.81,us,usp000ewre,2014-11-07T01:30:45.883Z,"2 km ESE of Selogiri, Indonesia",earthquake,,,,10,reviewed,us,us
2006-11-17T13:40:32.520Z,-8.29,111.271,85.3,4.4,mb,23,154.3,,0.98,us,usp000ey0f,2014-11-07T01:30:52.842Z,"48 km SSE of Jatiroto, Indonesia",earthquake,,31.6,,4,reviewed,us,us
2006-11-23T00:06:49.720Z,-8.511,106.335,35,4,mb,13,115.7,,0.56,us,usp000eykb,2014-11-07T01:30:55.894Z,"170 km S of Pelabuhanratu, Indonesia",earthquake,,,,4,reviewed,us,us
2006-11-28T13:54:07.740Z,-7.735,107.798,38.4,5.1,mb,47,69.3,,0.83,us,usp000ez1h,2014-11-07T01:30:58.332Z,"54 km SW of Singaparna, Indonesia",earthquake,,11.8,,10,reviewed,us,us
2006-12-02T15:56:12.880Z,-8.705,111.399,10,4.3,mb,13,183.7,,0.65,us,usp000ezcd,2014-11-07T01:31:03.942Z,"77 km SSW of Trenggalek, Indonesia",earthquake,,,,4,reviewed,us,us
2006-12-10T10:28:41.030Z,-6.757,110.039,315.3,4.3,mb,16,141.2,,0.7,us,usp000ezyg,2014-11-07T01:31:06.810Z,"23 km N of Weleri, Indonesia",earthquake,,45.6,,2,reviewed,us,us
2006-12-16T00:10:57.160Z,-8.615,114.411,35,4.3,mb,9,161.4,,0.81,us,usp000f09z,2014-11-07T01:31:08.787Z,"21 km SSE of Muncar, Indonesia",earthquake,,,,1,reviewed,us,us
2006-12-16T21:40:12.730Z,-6.034,107.346,35,4.4,mb,7,206.5,,1.03,us,usp000f0ca,2014-11-07T01:31:09.021Z,"14 km NNE of Rengasdengklok, Indonesia",earthquake,,,,3,reviewed,us,us
2006-12-23T02:04:26.190Z,-8.452,112.63,22.9,4.7,mb,23,61.1,,0.63,us,usp000f0tg,2014-11-07T01:31:10.758Z,"29 km SSW of Dampit, Indonesia",earthquake,,39.9,,8,reviewed,us,us
2006-12-23T22:59:40.530Z,-6.785,105.635,30,5.5,mwb,206,48.5,,0.81,us,usp000f0uy,2025-12-22T16:20:25.184Z,"49 km SSW of Labuan, Indonesia",earthquake,,,,,reviewed,us,us
2006-12-31T05:46:37.160Z,-8.54,110.305,10,4.3,mb,21,178.1,,0.7,us,usp000f1dm,2014-11-07T01:31:13.556Z,"65 km S of Pundong, Indonesia",earthquake,,,,7,reviewed,us,us
2006-12-31T13:12:49.520Z,-8.257,111.672,139.9,5,mb,52,75.2,,0.85,us,usp000f1e1,2014-11-07T01:31:13.578Z,"20 km S of Trenggalek, Indonesia",earthquake,,21.7,,22,reviewed,us,us
2006-12-31T19:22:55.060Z,-7.078,107.293,30,4.3,mb,13,150.1,,0.99,us,usp000f1f1,2014-11-07T01:31:13.720Z,"20 km NW of Banjar, Indonesia",earthquake,,,,2,reviewed,us,us
2007-01-01T11:14:58.200Z,-7.892,107.012,48.5,4.6,mb,26,131.8,,0.79,us,usp000f1gk,2014-11-07T01:31:16.270Z,"89 km SSW of Banjar, Indonesia",earthquake,,13.4,,7,reviewed,us,us
2007-01-06T10:24:48.480Z,-7.041,108.158,10,4.5,mb,11,195.5,,1.07,us,usp000f1tn,2014-11-07T01:31:19.113Z,"20 km N of Rajapolah, Indonesia",earthquake,,,,4,reviewed,us,us
2007-01-06T20:04:05.120Z,-6.972,105.513,35,4.6,mb,35,115.7,,1.24,us,usp000f1u9,2014-11-07T01:31:19.380Z,"74 km SSW of Labuan, Indonesia",earthquake,,,,7,reviewed,us,us
2007-01-08T01:28:34.260Z,-6.595,106.526,119.5,3.9,mb,12,142.4,,0.39,us,usp000f1xg,2014-11-07T01:31:19.721Z,"19 km WSW of Ciampea, Indonesia",earthquake,,18.3,,1,reviewed,us,us
2007-01-13T14:06:30.340Z,-7.955,107.569,32.6,4.4,mb,18,180,,0.89,us,usp000f2dy,2014-11-07T01:31:21.875Z,"85 km S of Banjar, Indonesia",earthquake,,46.6,,2,reviewed,us,us
2007-01-21T18:35:26.960Z,-8.7,111.15,10,4,mb,10,177.5,,0.69,us,usp000f36m,2014-11-07T01:31:25.817Z,"90 km S of Jatiroto, Indonesia",earthquake,,,,1,reviewed,us,us
2007-01-24T04:32:23.170Z,-7.331,111.825,35,4.3,mb,15,157.9,,1.15,us,usp000f3fc,2014-11-07T01:31:26.956Z,"20 km SSW of Bojonegoro, Indonesia",earthquake,,,,2,reviewed,us,us
2007-01-31T20:31:34.840Z,-7.817,107.193,51.7,5.5,mwb,275,36.2,,0.93,us,usp000f41s,2022-05-02T19:36:36.844Z,"73 km SSW of Banjar, Indonesia",earthquake,,9.1,,,reviewed,us,us
2007-02-03T05:25:07.130Z,-7.72,107.907,10,4.7,mb,25,72.9,,0.88,us,usp000f469,2014-11-07T01:31:33.261Z,"46 km SSW of Singaparna, Indonesia",earthquake,,,,2,reviewed,us,us
2007-02-06T00:59:55.700Z,-8.46,112.796,88.4,4,mb,15,115.5,,1.39,us,usp000f4bq,2014-11-07T01:31:35.022Z,"27 km S of Dampit, Indonesia",earthquake,,23.5,,3,reviewed,us,us
2007-02-06T14:02:55.310Z,-8.425,110.926,10,4.4,mb,7,195.8,,0.52,us,usp000f4cn,2014-11-07T01:31:35.141Z,"63 km SSW of Jatiroto, Indonesia",earthquake,,,,2,reviewed,us,us
2007-02-08T16:03:25.880Z,-6.527,105.188,10,4.5,mb,22,77,,1.55,us,usp000f4gr,2014-11-07T01:31:35.711Z,"72 km WSW of Labuan, Indonesia",earthquake,,,,10,reviewed,us,us
2007-02-09T17:26:35.760Z,-7.927,107.108,35,4.3,mb,12,102.4,,0.58,us,usp000f4jw,2014-11-07T01:31:36.008Z,"88 km SSW of Banjar, Indonesia",earthquake,,,,4,reviewed,us,us
2007-03-06T12:41:56.090Z,-7.993,106.659,10,4.6,mb,22,180.8,,0.7,us,usp000f66v,2014-11-07T01:31:49.404Z,"111 km S of Pelabuhanratu, Indonesia",earthquake,,,,8,reviewed,us,us
2007-03-08T02:47:09.080Z,-8.57,114.564,57.3,4,mb,8,175.6,,0.44,us,usp000f6ab,2014-11-07T01:31:49.931Z,"24 km SSW of Negara, Indonesia",earthquake,,37.7,,3,reviewed,us,us
2007-03-13T07:39:32.300Z,-6.857,105.06,44.5,4.9,mb,19,132.2,,1.23,us,usp000f6mp,2014-11-07T01:31:52.193Z,"100 km WSW of Labuan, Indonesia",earthquake,,16.3,,6,reviewed,us,us
2007-03-17T16:20:33.050Z,-7.708,111.417,35,4.4,mb,12,179,,1.03,us,usp000f6vz,2014-11-07T01:31:53.166Z,"14 km SW of Madiun, Indonesia",earthquake,,0,,8,reviewed,us,us
2007-04-09T14:56:40.760Z,-5.929,107.459,310.3,4.2,mb,32,77.5,,1.09,us,usp000f969,2014-11-07T01:32:09.333Z,"31 km NE of Rengasdengklok, Indonesia",earthquake,,9.1,,8,reviewed,us,us
2007-04-10T16:15:48.150Z,-6.018,106.527,136.7,4.8,mb,82,43.8,,0.85,us,usp000f9bq,2014-11-07T01:32:09.924Z,"12 km NNW of Sepatan, Indonesia",earthquake,,,,23,reviewed,us,us
2007-04-23T13:44:39.690Z,-7.8,107.15,10,3.8,mb,7,208.7,,0.4,us,usp000fadp,2014-11-07T01:32:15.581Z,"73 km SSW of Banjar, Indonesia",earthquake,,,,1,reviewed,us,us
2007-04-26T02:52:58.460Z,-7.225,111.206,89.1,4.3,mb,19,149.5,,1.27,us,usp000famt,2014-11-07T01:32:17.266Z,"30 km NE of Sragen, Indonesia",earthquake,,23.2,,8,reviewed,us,us
2007-05-09T04:10:12.120Z,-8.309,107.581,47.1,4.1,mb,21,192.8,,1.05,us,usp000fbjv,2014-11-07T01:32:25.941Z,"120 km SSW of Singaparna, Indonesia",earthquake,,28.4,,7,reviewed,us,us
2007-05-10T09:44:16.500Z,-8.178,112.404,125.9,4.7,mb,30,67.4,,0.82,us,usp000fbp0,2014-11-07T01:32:26.426Z,"8 km WSW of Sumberpucung, Indonesia",earthquake,,,,15,reviewed,us,us
2007-05-15T00:39:56.610Z,-6.788,109.229,224.5,4.5,mb,71,30.9,,0.95,us,usp000fbzh,2014-11-07T01:32:28.168Z,"13 km NE of Tegal, Indonesia",earthquake,,8,,17,reviewed,us,us
2007-05-16T23:37:42.580Z,-6.584,105.22,16.1,5,mb,110,57.5,,0.93,us,usp000fc3z,2014-11-07T01:32:28.725Z,"71 km WSW of Labuan, Indonesia",earthquake,,15.9,,25,reviewed,us,us
2007-05-27T05:50:49.950Z,-8.18,108.578,58.1,4.4,mb,41,99.4,,1.1,us,usp000fcuy,2014-11-07T01:32:32.251Z,"80 km SSW of Sidareja, Indonesia",earthquake,,11.5,,14,reviewed,us,us
2007-05-29T04:21:39.850Z,-8.639,106.382,30,4.7,mb,34,39,,0.73,us,usp000fcys,2014-11-07T01:32:33.216Z,"183 km S of Pelabuhanratu, Indonesia",earthquake,,,,7,reviewed,us,us
2007-06-09T10:35:50.420Z,-5.882,105.544,59.6,4.4,mb,27,72.9,,0.8,us,usp000fdpr,2014-11-07T01:32:40.666Z,"Sunda Strait, Indonesia",earthquake,,,,5,reviewed,us,us
2007-06-23T21:09:09.920Z,-8.686,112.512,94.6,4.3,mb,32,60.2,,1.15,us,usp000fep4,2014-11-07T01:32:45.317Z,"58 km SSW of Gongdanglegi Kulon, Indonesia",earthquake,,16.3,,16,reviewed,us,us
2007-06-24T16:07:02.000Z,-7.45,112.021,176.3,3.7,mb,18,76.9,,0.94,us,usp000fera,2014-11-07T01:32:45.614Z,"17 km NNW of Kertosono, Indonesia",earthquake,,20.2,,1,reviewed,us,us
2007-06-29T13:18:13.670Z,-6.225,113.496,609.3,4.2,mb,12,142.3,,0.45,us,usp000ff31,2014-11-07T01:32:47.062Z,"95 km NNW of Sumenep, Indonesia",earthquake,,18.8,,2,reviewed,us,us
2007-07-18T21:35:31.250Z,-7.181,106.369,98.8,4.4,mb,13,134.8,,0.72,us,usp000fgk9,2014-11-07T01:33:00.030Z,"29 km SW of Pelabuhanratu, Indonesia",earthquake,,41.8,,2,reviewed,us,us
2007-07-25T18:25:36.580Z,-6.946,106.24,54,4.8,mb,62,56.6,,0.77,us,usp000fh2w,2014-11-07T01:33:03.545Z,"34 km W of Pelabuhanratu, Indonesia",earthquake,,16.4,,19,reviewed,us,us
2007-08-04T07:17:13.010Z,-6.372,107.33,201.7,4.8,mb,97,51.8,,1.01,us,usp000fhuv,2014-11-07T01:33:11.654Z,"14 km WNW of Cikampek, Indonesia",earthquake,,,,21,reviewed,us,us
2007-08-08T17:04:57.840Z,-5.926,107.681,291.2,6.1,mb,531,32.1,,1.05,us,usp000fj6j,2022-07-14T04:59:04.221Z,"42 km NNW of Pamanukan, Indonesia",earthquake,,2.9,,116,reviewed,us,us
2007-08-08T17:05:04.920Z,-5.859,107.419,280,7.5,mwc,228,30.7,,1.13,us,usp000fj6k,2022-05-09T19:12:38.751Z,"35 km NNE of Rengasdengklok, Indonesia",earthquake,,,,,reviewed,us,gcmt
2007-08-09T15:02:05.890Z,-7.928,109.005,21.9,4.5,mb,32,65.6,,1.02,us,usp000fj92,2014-11-07T01:33:13.749Z,"42 km SW of Kroya, Indonesia",earthquake,,26.6,,10,reviewed,us,us
2007-08-10T03:15:55.110Z,-5.93,107.383,265.7,3.9,mb,20,111,,0.73,us,usp000fjaa,2014-11-07T01:33:13.902Z,"27 km NNE of Rengasdengklok, Indonesia",earthquake,,13.8,,6,reviewed,us,us
2007-08-10T13:17:57.750Z,-6.521,105.135,51.8,5,mwc,120,37.5,,1.13,us,usp000fjb2,2022-07-14T04:53:50.137Z,"78 km WSW of Labuan, Indonesia",earthquake,,8,,,reviewed,us,gcmt
2007-08-13T18:45:06.740Z,-7.34,106.007,21.5,4.8,mb,56,58.4,,0.88,us,usp000fjku,2014-11-07T01:33:15.626Z,"71 km WSW of Pelabuhanratu, Indonesia",earthquake,,26.9,,24,reviewed,us,us
2007-08-16T16:15:41.600Z,-6.078,107.568,378.7,3.9,mb,16,169.7,,0.85,us,usp000fjy1,2014-11-07T01:33:17.444Z,"31 km ENE of Rengasdengklok, Indonesia",earthquake,,21.5,,3,reviewed,us,us
2007-08-23T20:49:48.170Z,-7.775,107.782,15,4.1,mb,17,114.8,,1.23,us,usp000fkht,2014-11-07T01:33:22.095Z,"59 km SW of Singaparna, Indonesia",earthquake,,0,,4,reviewed,us,us
2007-08-24T04:14:18.350Z,-8.102,107.097,8.2,4.9,mb,84,49.2,,1.13,us,usp000fkjn,2022-07-14T03:46:19.368Z,"106 km SSW of Banjar, Indonesia",earthquake,,16.3,,26,reviewed,us,us
2007-08-26T09:58:28.260Z,-5.838,107.28,317.9,4.1,mb,25,116.1,,0.66,us,usp000fkqj,2014-11-07T01:33:23.090Z,"35 km N of Rengasdengklok, Indonesia",earthquake,,7.2,,8,reviewed,us,us
2007-08-28T17:20:47.330Z,-7.425,108.36,52.2,4.5,mb,7,118.1,,0.59,us,usp000fkwj,2014-11-07T01:33:24.019Z,"11 km S of Ciamis, Indonesia",earthquake,,17.9,,1,reviewed,us,us
2007-08-31T19:15:08.640Z,-8.061,108.963,25.6,3.8,mb,13,99.8,,1.69,us,usp000fm3b,2014-11-07T01:33:25.042Z,"56 km SSW of Kroya, Indonesia",earthquake,,70.7,,3,reviewed,us,us
2007-09-09T18:36:37.610Z,-7.783,114.338,35,4.9,mwc,47,46.7,,1.34,us,usp000fmst,2020-09-18T21:45:42.559Z,"24 km NNW of Wongsorejo, Indonesia",earthquake,,,,,reviewed,us,gcmt
2007-09-09T21:26:51.630Z,-7.682,106.88,35,4.2,mb,20,68.2,,0.66,us,usp000fmt4,2014-11-07T01:33:32.234Z,"81 km SW of Banjar, Indonesia",earthquake,,,,6,reviewed,us,us
2007-09-09T23:31:54.910Z,-7.998,114.303,10,4.4,mb,24,67.5,,1.35,us,usp000fmta,2014-11-07T01:33:32.264Z,"10 km W of Wongsorejo, Indonesia",earthquake,,,,5,reviewed,us,us
2007-09-16T12:06:30.140Z,-7.83,107.846,28.5,4.1,mb,22,78.9,,0.86,us,usp000fneq,2014-11-07T01:33:35.963Z,"60 km SSW of Singaparna, Indonesia",earthquake,,26.8,,3,reviewed,us,us
2007-09-17T22:37:22.090Z,-7.849,107.817,40.6,4.6,mb,61,61.8,,0.96,us,usp000fnjk,2014-11-07T01:33:36.771Z,"63 km SSW of Singaparna, Indonesia",earthquake,,8.3,,12,reviewed,us,us
2007-09-23T15:29:53.970Z,-7.752,111.262,155.2,4.8,mb,53,44.4,,0.93,us,usp000fnyj,2014-11-07T01:33:38.496Z,"21 km NE of Jatiroto, Indonesia",earthquake,,7.7,,14,reviewed,us,us
2007-09-24T17:35:29.110Z,-5.875,105.572,35,5,mb,137,59.5,,1.11,us,usp000fp1a,2014-11-07T01:33:38.974Z,"60 km SE of Bandar Lampung, Indonesia",earthquake,,,,29,reviewed,us,us
2007-09-29T00:17:46.050Z,-7.948,107.601,14.3,4.9,mb,59,53,,0.75,us,usp000fpd9,2014-11-07T01:33:41.877Z,"85 km SSE of Banjar, Indonesia",earthquake,,15.8,,16,reviewed,us,us
2007-10-09T01:28:28.140Z,-7.816,107.754,35,4.3,mb,12,121.9,,1.13,us,usp000fq5p,2014-11-07T01:33:52.341Z,"64 km SW of Singaparna, Indonesia",earthquake,,,,1,reviewed,us,us
2007-10-10T22:54:54.940Z,-8.724,111.55,47.7,4.6,mb,41,45.5,,0.73,us,usp000fq9k,2014-11-07T01:33:53.869Z,"73 km SSW of Trenggalek, Indonesia",earthquake,,15.6,,18,reviewed,us,us
2007-10-12T06:37:09.660Z,-8.607,113.232,180.8,3.6,mb,11,126.6,,0.81,us,usp000fqca,2014-11-07T01:33:55.018Z,"38 km SSW of Kencong, Indonesia",earthquake,,36.1,,1,reviewed,us,us
2007-10-20T05:50:16.890Z,-7.142,106.624,10,4.4,mb,20,83.6,,1.29,us,usp000fqxu,2014-11-07T01:33:57.888Z,"18 km SSE of Pelabuhanratu, Indonesia",earthquake,,,,5,reviewed,us,us
2007-10-20T23:40:38.190Z,-8.606,111.484,43.4,4.8,mb,67,39.8,,0.77,us,usp000fqza,2014-11-07T01:33:58.029Z,"63 km SSW of Trenggalek, Indonesia",earthquake,,6.7,,39,reviewed,us,us
2007-11-06T20:33:23.530Z,-7.846,107.961,10,4.6,mb,54,62.1,,1.04,us,usp000fs2u,2014-11-07T01:34:07.849Z,"57 km SSW of Singaparna, Indonesia",earthquake,,,,23,reviewed,us,us
2007-11-10T02:43:46.200Z,-8.565,107.854,34.2,5.3,mb,119,31.4,,1.04,us,usp000fs9w,2014-11-07T01:34:08.971Z,"136 km SSW of Kawalu, Indonesia",earthquake,,,,45,reviewed,us,us
2007-11-13T14:38:19.120Z,-6.691,107.192,74,4.8,mb,34,70.8,,0.87,us,usp000fsfy,2014-11-07T01:34:10.023Z,"15 km NNW of Ciranjang-hilir, Indonesia",earthquake,,13.7,,13,reviewed,us,us
2007-11-14T22:31:58.880Z,-7.633,106.954,35,4.7,mb,66,61.9,,1.08,us,usp000fsk8,2014-11-07T01:34:10.462Z,"71 km SW of Banjar, Indonesia",earthquake,,,,17,reviewed,us,us
2007-11-20T05:10:02.310Z,-7.059,105.08,35,4.3,mb,16,159.6,,1.07,us,usp000fsyb,2014-11-07T01:34:12.387Z,"111 km SW of Labuan, Indonesia",earthquake,,,,3,reviewed,us,us
2007-11-24T02:14:52.300Z,-8.022,111.369,75.1,3.9,mb,12,107.6,,0.53,us,usp000ft6a,2014-11-07T01:34:14.083Z,"19 km SSW of Ponorogo, Indonesia",earthquake,,24,,3,reviewed,us,us
2007-11-28T12:40:38.330Z,-8.287,114.563,10,4.1,mb,6,170.7,,1.17,us,usp000ftfc,2014-11-07T01:34:15.703Z,"9 km NW of Negara, Indonesia",earthquake,,,,2,reviewed,us,us
2007-12-01T23:01:32.900Z,-7.068,105.993,87.7,5,mwc,136,44.9,,0.92,us,usp000ftps,2025-12-22T15:31:14.933Z,"62 km W of Pelabuhanratu, Indonesia",earthquake,,13.9,,,reviewed,us,gcmt
2007-12-13T23:36:30.960Z,-8.481,113.699,35,3.3,mb,8,142.1,,1.22,us,usp000fudk,2014-11-07T01:34:25.300Z,"34 km S of Jember, Indonesia",earthquake,,,,2,reviewed,us,us
2007-12-14T20:47:19.070Z,-8.254,112.358,97,4.6,mb,49,61,,1.04,us,usp000fufn,2014-11-07T01:34:25.494Z,"17 km SW of Sumberpucung, Indonesia",earthquake,,9.9,,22,reviewed,us,us
2007-12-21T09:55:53.200Z,-6.764,105.724,35,4.2,mb,13,199.7,,1.34,us,usp000fuxz,2014-11-07T01:34:27.721Z,"44 km SSW of Labuan, Indonesia",earthquake,,,,4,reviewed,us,us
2008-01-02T01:34:20.050Z,-8.196,107.849,35,4.3,mb,21,86.3,,0.8,us,usp000fvtx,2014-11-07T01:34:35.494Z,"97 km SSW of Singaparna, Indonesia",earthquake,,,,6,reviewed,us,us
2008-01-24T23:10:24.230Z,-6.711,109.469,229.3,3.7,mb,12,110.8,,0.66,us,usp000fxd3,2014-11-07T01:34:45.763Z,"22 km NNE of Pemalang, Indonesia",earthquake,,21.3,,3,reviewed,us,us
2008-01-27T12:48:00.260Z,-8.677,110.677,35,4.6,mb,45,79.9,,0.72,us,usp000fxjj,2014-11-07T01:34:46.282Z,"87 km SSE of Pundong, Indonesia",earthquake,,,,8,reviewed,us,us
2008-01-30T00:51:30.810Z,-8.016,110.577,35,3.8,mb,19,84.9,,1.02,us,usp000fxr8,2014-11-07T01:34:46.883Z,"26 km ESE of Pundong, Indonesia",earthquake,,,,7,reviewed,us,us
2008-02-03T10:55:33.480Z,-8.617,111.521,35,5.1,mb,21,168,,1.2,us,usp000fy25,2014-11-07T01:34:52.932Z,"63 km SSW of Trenggalek, Indonesia",earthquake,,,,7,reviewed,us,us
2008-02-08T03:42:12.230Z,-7.656,106.995,35,4.5,mb,33,66.4,,1.09,us,usp000fyeb,2014-11-07T01:34:54.863Z,"70 km SW of Banjar, Indonesia",earthquake,,,,9,reviewed,us,us
2008-02-24T12:16:43.670Z,-8.172,105.573,35,4.6,mb,24,152,,0.62,us,usp000fzup,2014-11-07T01:35:03.047Z,"169 km SW of Pelabuhanratu, Indonesia",earthquake,,,,12,reviewed,us,us
2008-02-28T00:30:12.760Z,-7.05,106.746,35,4.2,mb,42,72.9,,0.82,us,usp000g05j,2014-11-07T01:35:04.600Z,"22 km ESE of Pelabuhanratu, Indonesia",earthquake,,,,8,reviewed,us,us
2008-03-01T23:23:23.480Z,-7.422,107.503,35,3.5,mb,11,129,,1.26,us,usp000g0es,2014-11-07T01:35:09.433Z,"26 km SSE of Banjar, Indonesia",earthquake,,,,2,reviewed,us,us
2008-03-02T04:53:31.040Z,-6.793,111.676,250,3.9,mb,9,197.9,,1.41,us,usp000g0fb,2014-11-07T01:35:09.644Z,"27 km ESE of Lasem, Indonesia",earthquake,,,,1,reviewed,us,us
2008-03-03T23:34:44.310Z,-7.081,106.842,46,4.6,mb,86,38,,0.88,us,usp000g0na,2014-11-07T01:35:10.998Z,"20 km SSW of Sukabumi, Indonesia",earthquake,,7.8,,28,reviewed,us,us
2008-03-03T23:46:34.430Z,-7.599,106.665,35,4.3,mb,16,122.7,,0.68,us,usp000g0nb,2014-11-07T01:35:11.005Z,"68 km S of Pelabuhanratu, Indonesia",earthquake,,,,5,reviewed,us,us
2008-03-09T07:44:06.020Z,-8.319,112.675,139.5,4.8,mb,42,58,,0.72,us,usp000g118,2014-11-07T01:35:13.181Z,"Java, Indonesia",earthquake,,14.6,,19,reviewed,us,us
2008-03-17T04:36:03.740Z,-8.702,111.474,35,4.2,mb,10,136.1,,1.4,us,usp000g1nn,2014-11-07T01:35:16.181Z,"73 km SSW of Trenggalek, Indonesia",earthquake,,,,2,reviewed,us,us
2008-03-20T08:27:24.060Z,-5.779,105.397,35,4.1,mb,15,179.8,,1.03,us,usp000g1ur,2014-11-07T01:35:16.871Z,"41 km SSE of Bandar Lampung, Indonesia",earthquake,,,,1,reviewed,us,us
2008-03-20T09:25:17.250Z,-5.813,105.529,35,4.5,mb,27,69.8,,0.77,us,usp000g1uu,2014-11-07T01:35:16.876Z,"51 km SE of Bandar Lampung, Indonesia",earthquake,,,,1,reviewed,us,us
2008-03-24T01:23:38.180Z,-6.081,113.19,587.9,4.2,mb,14,86.8,,0.65,us,usp000g266,2014-11-07T01:35:18.575Z,"117 km NNE of Bangkalan, Indonesia",earthquake,,13.7,,5,reviewed,us,us
2008-03-27T14:22:17.350Z,-7.804,108.104,103.7,4.5,mb,27,75.9,,1.4,us,usp000g2ga,2014-11-07T01:35:19.817Z,"48 km SSW of Kawalu, Indonesia",earthquake,,11.6,,12,reviewed,us,us
2008-04-12T17:54:08.020Z,-6.714,105.57,10,4.6,mb,41,190.3,,0.78,us,usp000g3sh,2014-11-07T01:35:36.414Z,"46 km SW of Labuan, Indonesia",earthquake,,,,21,reviewed,us,us
2008-04-17T21:02:23.970Z,-5.913,105.489,21,4.9,mb,101,55.3,,1.04,us,usp000g46c,2014-11-07T01:35:39.676Z,"59 km SSE of Bandar Lampung, Indonesia",earthquake,,16.9,,28,reviewed,us,us
2008-04-23T19:29:47.530Z,-8.215,106.705,35,4.2,mb,15,107.2,,0.82,us,usp000g4ns,2014-11-07T01:35:41.936Z,"136 km S of Pelabuhanratu, Indonesia",earthquake,,0,,1,reviewed,us,us
2008-04-24T01:23:10.420Z,-6.717,106.988,152,4.3,mb,36,94.6,,1.04,us,usp000g4pv,2014-11-07T01:35:42.069Z,"18 km E of Caringin, Indonesia",earthquake,,12.3,,1,reviewed,us,us
2008-04-25T02:23:14.500Z,-7.051,105.378,51,4.3,mb,15,193.2,,0.62,us,usp000g4sm,2014-11-07T01:35:42.980Z,"89 km SW of Labuan, Indonesia",earthquake,,,,4,reviewed,us,us
2008-04-26T10:04:09.470Z,-8.655,107.475,35,4,mb,10,191.5,,0.88,us,usp000g4w7,2014-11-07T01:35:43.931Z,"160 km SSW of Singaparna, Indonesia",earthquake,,,,3,reviewed,us,us
2008-04-27T05:02:39.910Z,-7.782,107.876,40.7,5,mwc,162,27.6,,0.98,us,usp000g4ym,2025-12-22T15:04:02.375Z,"54 km SSW of Singaparna, Indonesia",earthquake,,6.4,,,reviewed,us,gcmt
2008-04-29T08:31:53.310Z,-7.24,105.991,49.5,4.7,mb,39,174.4,,0.81,us,usp000g53h,2014-11-07T01:35:45.048Z,"67 km WSW of Pelabuhanratu, Indonesia",earthquake,,,,14,reviewed,us,us
2008-05-01T15:17:44.560Z,-8.642,114.335,185.7,4,mb,9,177.8,,1.43,us,usp000g58q,2014-11-07T01:35:48.591Z,"23 km S of Muncar, Indonesia",earthquake,,21.9,,3,reviewed,us,us
2008-05-11T17:08:47.190Z,-7.942,115.02,35,3.5,mb,6,346.9,,0.25,us,usp000g63r,2014-11-07T01:35:56.382Z,"20 km NNW of Singaraja, Indonesia",earthquake,,,,1,reviewed,us,us
2008-05-12T23:31:33.690Z,-7.453,106.137,60.5,4.1,mb,34,63.7,,0.58,us,usp000g6et,2014-11-07T01:35:59.328Z,"68 km SW of Pelabuhanratu, Indonesia",earthquake,,,,9,reviewed,us,us
2008-05-19T11:08:43.900Z,-7.135,107.138,35,4,mb,10,189,,1.16,us,usp000g786,2014-11-07T01:36:03.322Z,"33 km WNW of Banjar, Indonesia",earthquake,,,,3,reviewed,us,us
2008-05-21T13:45:19.510Z,-7.33,109.948,35,4.4,mb,9,167.7,,0.93,us,usp000g7dn,2014-11-07T01:36:04.157Z,"5 km ENE of Wonosobo, Indonesia",earthquake,,,,2,reviewed,us,us
2008-05-21T20:45:47.230Z,-7.752,109.247,35,4.2,mb,16,184.5,,1.39,us,usp000g7eq,2014-11-07T01:36:04.248Z,"13 km S of Kroya, Indonesia",earthquake,,,,3,reviewed,us,us
2008-05-23T03:35:10.550Z,-7.98,106.953,35,4.9,mb,53,54.1,,0.81,us,usp000g7j0,2014-11-07T01:36:04.706Z,"101 km SSW of Banjar, Indonesia",earthquake,,,,21,reviewed,us,us
2008-06-12T15:30:19.420Z,-8.488,108.78,10,4.3,mb,11,196.7,,0.8,us,usp000g9bv,2014-11-07T01:36:20.208Z,"107 km SSW of Kroya, Indonesia",earthquake,,,,2,reviewed,us,us
2008-06-18T21:47:10.270Z,-7.646,108.086,110.2,4.3,mb,43,53.8,,0.92,us,usp000ga11,2014-11-07T01:36:23.001Z,"32 km SSW of Kawalu, Indonesia",earthquake,,10,,18,reviewed,us,us
2008-06-20T10:55:09.910Z,-7.046,107.826,35,4,mb,15,131.6,,1.01,us,usp000ga5g,2014-11-07T01:36:23.574Z,"9 km NE of Paseh, Indonesia",earthquake,,,,2,reviewed,us,us
2008-07-03T16:28:21.800Z,-6.853,106.036,100.2,4.8,mb,59,40.5,,1.13,us,usp000gb8c,2014-11-07T01:36:33.669Z,"57 km SSE of Labuan, Indonesia",earthquake,,,,25,reviewed,us,us
2008-07-04T11:07:49.670Z,-8.282,105.322,35,4.4,mb,27,67.9,,1.02,us,usp000gba9,2014-11-07T01:36:34.126Z,"south of Java, Indonesia",earthquake,,,,10,reviewed,us,us
2008-07-07T06:34:32.640Z,-7.984,107.805,35,4.6,mb,28,61.8,,1.09,us,usp000gbhq,2014-11-07T01:36:35.303Z,"77 km SSW of Singaparna, Indonesia",earthquake,,,,5,reviewed,us,us
2008-07-07T06:39:43.100Z,-7.948,107.965,35,4.4,mb,20,114.4,,0.86,us,usp000gbhs,2014-11-07T01:36:35.309Z,"67 km SSW of Singaparna, Indonesia",earthquake,,,,2,reviewed,us,us
2008-07-09T04:50:42.300Z,-7.851,106.75,67.2,4.5,mb,32,118.2,,1.01,us,usp000gbq1,2014-11-07T01:36:35.959Z,"97 km SSE of Pelabuhanratu, Indonesia",earthquake,,23.8,,9,reviewed,us,us
2008-07-09T15:36:47.170Z,-8.684,112.328,35,4.3,mb,12,176.3,,0.51,us,usp000gbrg,2014-11-07T01:36:36.143Z,"60 km SSW of Sumberpucung, Indonesia",earthquake,,0,,1,reviewed,us,us
2008-07-11T18:50:23.540Z,-8.377,105.385,35,4.3,mb,31,67.2,,0.94,us,usp000gbx1,2014-11-07T01:36:36.869Z,"200 km SW of Pelabuhanratu, Indonesia",earthquake,,0,,14,reviewed,us,us
2008-07-13T03:58:28.440Z,-8.39,105.311,34.6,4.4,mb,18,115.7,,0.37,us,usp000gc18,2014-11-07T01:36:37.323Z,"206 km SW of Pelabuhanratu, Indonesia",earthquake,,,,4,reviewed,us,us
2008-07-18T21:05:41.610Z,-7.187,105.978,35,4,mb,11,187.4,,0.38,us,usp000gchr,2014-11-07T01:36:40.038Z,"67 km WSW of Pelabuhanratu, Indonesia",earthquake,,,,4,reviewed,us,us
2008-07-20T06:11:08.200Z,-8.636,111.225,77.8,5.3,mwc,201,44.1,,1.04,us,usp000gcpf,2025-12-22T15:33:40.299Z,"81 km SW of Trenggalek, Indonesia",earthquake,,8.3,,,reviewed,us,gcmt
2008-07-26T18:20:33.340Z,-6.725,106.93,143,4.1,mb,21,171.2,,0.86,us,usp000gd6t,2014-11-07T01:36:43.240Z,"12 km E of Caringin, Indonesia",earthquake,,18.1,,4,reviewed,us,us
2008-08-05T22:42:48.870Z,-6.809,106.186,21.3,4.4,mb,46,69.2,,0.58,us,usp000gdxm,2014-11-07T01:36:50.648Z,"Java, Indonesia",earthquake,,18.1,,16,reviewed,us,us
2008-08-08T04:45:52.150Z,-8.104,107.647,77.1,4.8,mb,56,71.2,,0.75,us,usp000ge5m,2014-11-07T01:36:51.632Z,"97 km SSW of Singaparna, Indonesia",earthquake,,18.2,,17,reviewed,us,us
2008-08-09T20:51:23.220Z,-7.721,106.236,36.7,4.3,mb,18,174.8,,0.82,us,usp000ge9x,2014-11-07T01:36:52.184Z,"88 km SSW of Pelabuhanratu, Indonesia",earthquake,,34.4,,6,reviewed,us,us
2008-08-20T16:19:53.360Z,-8.324,110.876,66.8,4.6,mb,29,55.6,,0.66,us,usp000gf3c,2014-11-07T01:36:57.206Z,"55 km SSW of Jatiroto, Indonesia",earthquake,,,,7,reviewed,us,us
2008-09-04T01:49:44.020Z,-6.02,106.321,76.5,4,mb,14,179.2,,0.32,us,usp000ggc1,2014-11-07T01:37:07.509Z,"13 km NNW of Kresek, Indonesia",earthquake,,43.4,,1,reviewed,us,us
2008-09-10T05:06:15.830Z,-7.692,108.071,94.1,4.4,mb,27,93.4,,0.64,us,usp000ggs3,2014-11-07T01:37:10.326Z,"37 km SSW of Kawalu, Indonesia",earthquake,,27.6,,4,reviewed,us,us
2008-09-23T22:43:24.950Z,-8.605,111.778,35,4.1,mb,20,92.4,,0.62,us,usp000ghkj,2014-11-07T01:37:14.456Z,"55 km SSW of Boyolangu, Indonesia",earthquake,,,,9,reviewed,us,us
2008-10-04T15:54:20.630Z,-7.632,108.022,10,4.5,mb,25,68.3,,0.83,us,usp000gjam,2014-11-07T01:37:23.615Z,"32 km SSW of Singaparna, Indonesia",earthquake,,0,,7,reviewed,us,us
2008-10-10T21:26:27.010Z,-7.694,111.45,35,4.3,mb,24,121.2,,1.07,us,usp000gjww,2014-11-07T01:37:27.033Z,"10 km SW of Madiun, Indonesia",earthquake,,,,11,reviewed,us,us
2008-10-11T04:24:13.710Z,-6.775,106.716,10,4.1,mb,6,179.6,,0.54,us,usp000gjxp,2014-11-07T01:37:27.204Z,"7 km W of Cicurug, Indonesia",earthquake,,,,1,reviewed,us,us
2008-10-26T21:12:06.260Z,-7.539,107.23,38.4,4.9,mb,103,41.4,,0.97,us,usp000gm3c,2014-11-07T01:37:32.712Z,"44 km SSW of Banjar, Indonesia",earthquake,,7.3,,26,reviewed,us,us
2008-11-05T17:11:26.550Z,-8.382,113.11,35,3.8,mb,6,200.9,,1.41,us,usp000gn10,2014-11-07T01:37:41.236Z,"30 km SSW of Lumajang, Indonesia",earthquake,,,,1,reviewed,us,us
2008-11-07T18:19:47.250Z,-8.356,107.076,27.3,4.5,mb,19,191.8,,0.9,us,usp000gn6m,2014-11-07T01:37:41.991Z,"134 km SSW of Banjar, Indonesia",earthquake,,56.4,,6,reviewed,us,us
2008-11-08T05:55:48.620Z,-7.077,108.988,181.3,4.4,mb,22,110,,0.86,us,usp000gn7e,2014-11-07T01:37:42.072Z,"4 km NW of Margasari, Indonesia",earthquake,,17.2,,11,reviewed,us,us
2008-11-14T11:37:14.820Z,-8.014,115.283,35,3.8,mb,6,197.2,,0.51,us,usp000gnp2,2014-11-07T01:37:44.176Z,"24 km ENE of Singaraja, Indonesia",earthquake,,,,1,reviewed,us,us
2008-11-15T09:03:57.730Z,-7.395,106.127,35,4.1,mb,15,104.3,,1.09,us,usp000gnr7,2014-11-07T01:37:44.385Z,"65 km SW of Pelabuhanratu, Indonesia",earthquake,,,,5,reviewed,us,us
2008-11-15T13:00:48.030Z,-7.193,106.641,59.9,4.5,mb,40,69.8,,0.81,us,usp000gnrm,2014-11-07T01:37:44.412Z,"24 km SSE of Pelabuhanratu, Indonesia",earthquake,,8.8,,11,reviewed,us,us
2008-11-18T11:06:35.140Z,-6.782,108.865,35,4.2,mb,20,86.2,,1.2,us,usp000gnzd,2014-11-07T01:37:45.744Z,"14 km NW of Bulakamba, Indonesia",earthquake,,,,2,reviewed,us,us
2008-11-27T03:58:41.980Z,-7.742,106.508,35,3.9,mb,11,198.4,,0.95,us,usp000gphf,2014-11-07T01:37:48.384Z,"83 km S of Pelabuhanratu, Indonesia",earthquake,,,,2,reviewed,us,us
2008-11-28T14:00:27.370Z,-8.172,111.455,81.3,4.2,mb,14,129.4,,0.8,us,usp000gpm3,2014-11-07T01:37:48.784Z,"29 km WSW of Trenggalek, Indonesia",earthquake,,30,,5,reviewed,us,us
2008-12-01T14:20:22.500Z,-8.387,107.627,35,4.5,mb,16,173,,1.18,us,usp000gprr,2014-11-07T01:37:51.457Z,"126 km SSW of Singaparna, Indonesia",earthquake,,,,3,reviewed,us,us
2008-12-10T02:46:02.310Z,-7.894,108.223,47.5,4.5,mb,44,84,,1.1,us,usp000gqah,2014-11-07T01:37:56.987Z,"56 km S of Kawalu, Indonesia",earthquake,,22.1,,11,reviewed,us,us
2008-12-11T20:55:04.160Z,-5.845,105.333,35,5.2,mb,139,51.5,,1.17,us,usp000gqdt,2014-11-07T01:37:57.428Z,"46 km S of Bandar Lampung, Indonesia",earthquake,,,,43,reviewed,us,us
2008-12-11T20:57:25.950Z,-6.02,105.317,40.9,5.1,mb,98,56,,1.33,us,usp000gqdv,2014-11-07T01:37:57.441Z,"65 km S of Bandar Lampung, Indonesia",earthquake,,13.3,,26,reviewed,us,us
2008-12-15T10:12:03.990Z,-5.918,105.37,10,4.7,mb,38,66.2,,0.91,us,usp000gqn7,2014-11-07T01:37:58.412Z,"55 km SSE of Bandar Lampung, Indonesia",earthquake,,,,9,reviewed,us,us
2008-12-28T16:52:51.690Z,-6.259,114.222,568,4.3,mb,33,78.5,,0.61,us,usp000grqm,2014-11-07T01:38:03.794Z,"92 km NNE of Sumenep, Indonesia",earthquake,,8.3,,10,reviewed,us,us
2008-12-30T09:42:22.590Z,-6.32,108.268,329.6,4.2,mb,16,172.6,,0.66,us,usp000gruk,2014-11-07T01:38:04.480Z,"5 km W of Indramayu, Indonesia",earthquake,,49.1,,1,reviewed,us,us
2008-12-31T07:07:01.890Z,-8.21,109.966,35,4.1,mb,18,166.4,,1.29,us,usp000grwr,2014-11-07T01:38:04.829Z,"43 km SW of Srandakan, Indonesia",earthquake,,,,2,reviewed,us,us
2009-01-06T14:36:11.040Z,-7.774,107.923,44.8,4.1,mb,25,110.3,,0.7,us,usp000gs98,2014-11-07T01:38:10.542Z,"Java, Indonesia",earthquake,,29.8,,7,reviewed,us,us
2009-01-07T21:00:39.920Z,-6.972,105.223,35,3.9,mb,13,181.1,,0.53,us,usp000gsbb,2014-11-07T01:38:10.862Z,"93 km SW of Labuan, Indonesia",earthquake,,,,3,reviewed,us,us
2009-01-11T21:31:32.100Z,-5.757,106.053,186,4.1,mb,30,179.2,,0.59,us,usp000gsgj,2014-11-07T01:38:11.568Z,"41 km NNW of Serang, Indonesia",earthquake,,20.7,,6,reviewed,us,us
2009-01-16T05:04:43.030Z,-7.124,109.244,191.9,4.5,mb,53,48.9,,0.77,us,usp000gsnx,2014-11-07T01:38:12.376Z,"9 km WSW of Randudongkal, Indonesia",earthquake,,6.7,,17,reviewed,us,us
2009-01-16T20:40:17.150Z,-7.659,108.13,10,4.3,mb,19,170.2,,0.96,us,usp000gsq3,2014-11-07T01:38:12.853Z,"31 km SSW of Kawalu, Indonesia",earthquake,,,,4,reviewed,us,us
2009-01-20T02:24:55.100Z,-7.849,106.086,35,4.5,mb,26,96.9,,0.72,us,usp000gsva,2014-11-07T01:38:13.804Z,"108 km SSW of Pelabuhanratu, Indonesia",earthquake,,,,9,reviewed,us,us
2009-01-20T17:34:12.710Z,-8.084,112.103,117.9,4.5,mb,52,65.8,,0.97,us,usp000gswx,2014-11-07T01:38:13.949Z,"7 km WNW of Blitar, Indonesia",earthquake,,10.1,,21,reviewed,us,us
2009-03-10T05:41:49.550Z,-7.331,106.037,10,4.3,mb,16,97.1,,0.45,us,usp000gutf,2014-11-07T01:38:33.606Z,"68 km WSW of Pelabuhanratu, Indonesia",earthquake,,,,5,reviewed,us,us
2009-03-11T19:12:07.750Z,-8.74,108.793,35,4.7,mb,35,87.9,,0.54,us,usp000guva,2014-11-07T01:38:34.159Z,"132 km SSW of Kroya, Indonesia",earthquake,,,,14,reviewed,us,us
2009-03-27T20:53:26.670Z,-6.963,106.154,47.4,5,mwc,90,46.4,,1.08,us,usp000gvg4,2022-05-02T19:50:56.396Z,"Java, Indonesia",earthquake,,6.5,,,reviewed,us,gcmt
2009-05-04T03:40:47.020Z,-8.705,106.134,35,4.6,mb,20,104.2,,1.11,us,usp000gwtp,2014-11-07T01:38:54.823Z,"195 km SSW of Pelabuhanratu, Indonesia",earthquake,,,,2,reviewed,us,us
2009-05-07T07:03:37.480Z,-7.989,109.041,95.8,4.4,mb,66,65.5,,0.85,us,usp000gwwp,2014-11-07T01:38:55.614Z,"45 km SSW of Kroya, Indonesia",earthquake,,9.2,,12,reviewed,us,us
2009-05-15T00:23:19.020Z,-8.154,107.997,35,4.8,mb,24,72.9,,0.86,us,usp000gx4d,2014-11-07T01:38:57.278Z,"88 km SSW of Kawalu, Indonesia",earthquake,,,,4,reviewed,us,us
2009-06-09T15:42:55.290Z,-8.581,112.616,108,4.5,mb,51,45.2,,0.85,us,usp000gy11,2014-11-07T01:39:08.223Z,"43 km SSW of Dampit, Indonesia",earthquake,,10.9,,9,reviewed,us,us
2009-06-14T01:31:18.070Z,-7.745,107.471,18.1,4.6,mb,74,43,,0.88,us,usp000gy5p,2014-11-07T01:39:09.304Z,"60 km S of Banjar, Indonesia",earthquake,,14.5,,20,reviewed,us,us
2009-06-17T19:42:38.550Z,-7.961,108.54,76.3,4.6,mb,66,30.2,,1.03,us,usp000gyag,2014-11-07T01:39:10.228Z,"59 km SSW of Sidareja, Indonesia",earthquake,,5.6,,19,reviewed,us,us
2009-06-24T16:00:30.170Z,-6.849,105.062,17.4,4.8,mb,58,49.6,,1.04,us,usp000gyjd,2014-11-07T01:39:11.525Z,"99 km WSW of Labuan, Indonesia",earthquake,,7.9,,17,reviewed,us,us
2009-06-24T19:09:23.000Z,-6.769,105.118,34.9,4.6,mb,41,60.7,,0.69,us,usp000gyjk,2014-11-07T01:39:11.547Z,"89 km WSW of Labuan, Indonesia",earthquake,,29.2,,9,reviewed,us,us
2009-06-29T23:54:17.330Z,-8.589,111.955,35,4.5,mb,18,176.6,,0.91,us,usp000gys4,2014-11-07T01:39:12.572Z,"52 km S of Boyolangu, Indonesia",earthquake,,,,5,reviewed,us,us
2009-07-13T12:59:01.490Z,-8.688,112.377,35,4.4,mb,30,82.3,,1.26,us,usp000gz71,2014-11-07T01:39:19.215Z,"59 km SSW of Sumberpucung, Indonesia",earthquake,,,,4,reviewed,us,us
2009-07-28T12:50:52.900Z,-8.675,112.512,79.9,4.9,mwc,109,35.9,,1.09,us,usp000gzrr,2016-11-10T02:15:24.735Z,"56 km SSW of Gongdanglegi Kulon, Indonesia",earthquake,,6.1,,,reviewed,us,gcmt
2009-07-30T17:10:35.220Z,-6.696,106.021,71.8,4.6,mb,34,126.4,,0.75,us,usp000gztq,2014-11-07T01:39:23.210Z,"40 km SSE of Labuan, Indonesia",earthquake,,9.3,,6,reviewed,us,us
2009-08-14T13:21:17.060Z,-8.308,112.448,131.6,4.5,mb,29,43.7,,1.27,us,usp000h0c7,2014-11-07T01:39:30.584Z,"16 km SSW of Sumberpucung, Indonesia",earthquake,,10,,6,reviewed,us,us
2009-08-22T04:35:26.950Z,-8.081,110.279,36.4,4.2,mb,24,141.3,,1.13,us,usp000h0r9,2014-11-07T01:39:33.012Z,"14 km S of Bambanglipuro, Indonesia",earthquake,,13.8,,4,reviewed,us,us
2009-09-02T07:55:01.050Z,-7.782,107.297,46,7,mwc,312,16.3,,0.89,us,usp000h152,2025-06-18T11:45:29.280Z,"66 km SSW of Banjar, Indonesia",earthquake,,,,,reviewed,us,us
2009-09-02T08:02:21.200Z,-7.817,107.393,51.8,5.5,mb,53,30.1,,0.97,us,usp000h153,2020-09-21T16:14:12.551Z,"68 km S of Banjar, Indonesia",earthquake,,12.3,,3,reviewed,us,us
2009-09-02T08:07:44.610Z,-7.765,107.449,54,5.3,mb,68,37.7,,0.99,us,usp000h155,2014-11-07T01:39:38.629Z,"63 km S of Banjar, Indonesia",earthquake,,7.7,,2,reviewed,us,us
2009-09-02T08:15:52.660Z,-7.863,107.285,35,4.8,mb,24,77.2,,0.84,us,usp000h156,2014-11-07T01:39:38.648Z,"75 km SSW of Banjar, Indonesia",earthquake,,,,1,reviewed,us,us
2009-09-02T09:28:46.280Z,-7.961,107.275,59,4.9,mb,55,64.7,,1.21,us,usp000h158,2022-07-15T17:04:51.098Z,"86 km SSW of Banjar, Indonesia",earthquake,,5.9,,8,reviewed,us,us
2009-09-02T20:48:59.560Z,-7.89,107.273,35,4.5,mb,23,67.6,,1.13,us,usp000h15t,2014-11-07T01:39:39.356Z,"78 km SSW of Banjar, Indonesia",earthquake,,,,3,reviewed,us,us
2009-09-16T11:36:17.140Z,-7.067,111.884,270.8,4.4,mb,39,112.7,,0.7,us,usp000h1jn,2014-11-07T01:39:42.588Z,"9 km N of Bojonegoro, Indonesia",earthquake,,10.5,,13,reviewed,us,us
2009-09-28T00:26:24.180Z,-7.883,107.221,55.6,4.9,mb,97,27,,1.23,us,usp000h1x8,2022-07-15T18:16:55.676Z,"79 km SSW of Banjar, Indonesia",earthquake,,1.8,,26,reviewed,us,us
2009-09-28T04:13:20.670Z,-6.115,112.9,590.5,4.8,mb,217,22.8,,0.95,us,usp000h1xd,2014-11-07T01:39:45.248Z,"102 km NE of Paciran, Indonesia",earthquake,,,,43,reviewed,us,us
2009-10-02T09:00:37.690Z,-7.8,107.328,13.4,4.2,mb,27,55.6,,0.85,us,usp000h27w,2014-11-07T01:39:51.215Z,"67 km S of Banjar, Indonesia",earthquake,,26.5,,3,reviewed,us,us
2009-10-08T18:56:27.630Z,-7.821,107.296,35,4.7,mb,56,54.8,,0.9,us,usp000h2kz,2014-11-07T01:39:53.993Z,"70 km SSW of Banjar, Indonesia",earthquake,,,,12,reviewed,us,us
2009-10-11T09:52:54.350Z,-8.138,107.65,35,4.2,mb,17,91.6,,1.05,us,usp000h2rb,2014-11-07T01:39:54.879Z,"100 km SSW of Singaparna, Indonesia",earthquake,,,,3,reviewed,us,us
2009-10-12T02:56:55.280Z,-7.758,107.305,35,4.4,mb,26,72.1,,0.9,us,usp000h2sx,2014-11-07T01:39:55.023Z,"63 km SSW of Banjar, Indonesia",earthquake,,,,5,reviewed,us,us
2009-10-12T15:01:02.410Z,-8.065,107.301,35,4.7,mb,20,97.7,,0.91,us,usp000h2tg,2014-11-07T01:39:55.170Z,"97 km S of Banjar, Indonesia",earthquake,,,,3,reviewed,us,us
2009-10-16T09:52:50.830Z,-6.534,105.223,38,6.1,mwc,388,15.2,,1.02,us,usp000h325,2023-03-17T00:20:52.893Z,"69 km WSW of Labuan, Indonesia",earthquake,,,,,reviewed,us,us
2009-10-16T10:01:08.140Z,-6.452,105.18,35,5.2,mb,42,63.3,,0.84,us,usp000h326,2014-11-07T01:39:56.479Z,"72 km W of Labuan, Indonesia",earthquake,,,,2,reviewed,us,us
2009-10-20T12:01:09.210Z,-7.836,108.276,15.3,4.3,mb,43,81,,0.91,us,usp000h36x,2014-11-07T01:39:57.416Z,"50 km S of Kawalu, Indonesia",earthquake,,22.1,,8,reviewed,us,us
2009-10-24T03:09:46.710Z,-7.055,106.498,15.4,4.7,mb,55,52.5,,0.98,us,usp000h3bd,2022-07-15T19:42:41.756Z,"9 km SW of Pelabuhanratu, Indonesia",earthquake,,19.5,,15,reviewed,us,us
2009-11-07T01:11:58.320Z,-7.869,107.138,34.8,4.4,mb,31,102.4,,0.86,us,usp000h3tt,2014-11-07T01:40:04.978Z,"81 km SSW of Banjar, Indonesia",earthquake,,21.5,,11,reviewed,us,us
2009-12-22T20:54:06.640Z,-7.763,111.392,148.1,4.4,mb,43,77.5,,0.82,us,usp000h595,2014-11-07T01:40:18.001Z,"13 km NNW of Ponorogo, Indonesia",earthquake,,,,16,reviewed,us,us
2009-12-24T12:20:53.510Z,-6.879,106.243,10,4.6,mb,22,96.8,,0.78,us,usp000h5am,2014-11-07T01:40:18.359Z,"36 km WNW of Pelabuhanratu, Indonesia",earthquake,,,,2,reviewed,us,us
2009-12-31T07:52:56.050Z,-5.988,105.099,35,4.7,mb,38,74.6,,0.7,us,usp000h5hy,2014-11-07T01:40:20.381Z,"64 km SSW of Bandar Lampung, Indonesia",earthquake,,,,5,reviewed,us,us
2010-01-10T00:25:04.230Z,-7.907,107.879,65.2,5.1,mb,155,23.3,,1.23,us,usp000h5wc,2022-07-15T23:53:55.120Z,"66 km SSW of Singaparna, Indonesia",earthquake,,5.1,,32,reviewed,us,us
2010-01-10T07:48:55.320Z,-7.193,105.149,38.8,4.6,mb,35,140.7,,1.09,us,usp000h5xa,2014-11-07T01:40:26.282Z,"117 km SW of Labuan, Indonesia",earthquake,,8.4,,3,reviewed,us,us
2010-01-18T08:18:25.540Z,-6.255,114.332,517.6,4.9,mb,47,49.7,,1.02,us,usp000h69j,2014-11-07T01:40:30.012Z,"98 km NNE of Kalianget, Indonesia",earthquake,,4.9,,19,reviewed,us,us
2010-01-22T20:12:17.630Z,-8.25,107.981,57.9,4.2,mb,24,94.2,,0.9,us,usp000h6gp,2014-11-07T01:40:32.921Z,"99 km SSW of Kawalu, Indonesia",earthquake,,6.9,,6,reviewed,us,us
2010-01-24T02:46:48.110Z,-7.878,107.821,58,4.4,mb,49,50,,0.96,us,usp000h6j1,2014-11-07T01:40:33.624Z,"66 km SSW of Singaparna, Indonesia",earthquake,,5.8,,16,reviewed,us,us
2010-01-27T20:39:15.240Z,-8.735,111.01,69.8,4.8,mb,66,36.5,,1.14,us,usp000h6pu,2022-07-16T01:35:13.156Z,"94 km S of Jatiroto, Indonesia",earthquake,,7.3,,17,reviewed,us,us
2010-01-29T03:15:59.900Z,-8.108,107.39,89,4.7,mb,75,38.2,,0.87,us,usp000h6r9,2014-11-07T01:40:35.032Z,"101 km S of Banjar, Indonesia",earthquake,,4.8,,37,reviewed,us,us
2010-02-20T04:57:34.230Z,-7.278,105.934,50.4,4.9,mwc,84,48.2,,0.93,us,usp000h7gd,2016-11-10T02:24:22.026Z,"75 km WSW of Pelabuhanratu, Indonesia",earthquake,,5.2,,,reviewed,us,gcmt
2010-02-22T13:02:20.530Z,-7.96,108.179,89.2,3.9,mb,16,93.4,,0.84,us,usp000h7jp,2014-11-07T01:40:44.261Z,"64 km S of Kawalu, Indonesia",earthquake,,6,,1,reviewed,us,us
2010-02-27T05:04:28.590Z,-7.174,111.344,246.7,4.4,mb,49,41.4,,0.99,us,usp000h7rc,2014-11-07T01:40:45.315Z,"24 km SSW of Blora, Indonesia",earthquake,,4.8,,18,reviewed,us,us
2010-02-28T15:38:36.550Z,-8.374,108.598,96.7,4.4,mb,11,102,,1.31,us,usp000h88d,2014-11-07T01:40:48.654Z,"100 km SSW of Sidareja, Indonesia",earthquake,,11.6,,2,reviewed,us,us
2010-03-20T11:42:28.020Z,-8.075,108.96,72.8,4.4,mb,20,107.7,,1.33,us,usp000h9r6,2014-11-07T01:41:03.660Z,"58 km SSW of Kroya, Indonesia",earthquake,,10.4,,2,reviewed,us,us
2010-03-21T14:52:48.410Z,-8.652,110.526,64.4,3.6,mb,13,103.4,,1.35,us,usp000h9t4,2014-11-07T01:41:04.072Z,"79 km SSE of Pundong, Indonesia",earthquake,,12.7,,2,reviewed,us,us
2010-03-28T08:35:27.860Z,-8.429,111.383,103,4.5,mb,25,51.3,,1.16,us,usp000ha29,2014-11-07T01:41:06.126Z,"52 km SW of Trenggalek, Indonesia",earthquake,,8.7,,4,reviewed,us,us
2010-04-06T05:08:05.850Z,-7.382,106.491,60,4.3,mb,17,116.9,,0.83,us,usp000hapz,2014-11-07T01:41:12.885Z,"44 km S of Pelabuhanratu, Indonesia",earthquake,,9.4,,1,reviewed,us,us
2010-04-09T14:37:44.400Z,-8.239,106.829,35,3.6,mb,9,216.8,,1.17,us,usp000hb26,2014-11-07T01:41:14.249Z,"133 km SSW of Banjar, Indonesia",earthquake,,,,2,reviewed,us,us
2010-04-27T19:13:46.150Z,-7.872,107.787,61.3,4.5,mb,67,37.3,,1.26,us,usp000hbzp,2014-11-07T01:41:20.329Z,"67 km SSW of Singaparna, Indonesia",earthquake,,7,,20,reviewed,us,us
2010-05-05T06:44:56.230Z,-7.948,109.07,92.5,4.3,mb,24,91.4,,0.92,us,usp000hcbc,2014-11-07T01:41:26.784Z,"39 km SSW of Kroya, Indonesia",earthquake,,6,,3,reviewed,us,us
2010-05-17T22:58:44.030Z,-8.041,107.783,71.8,4.5,mb,16,108.2,,0.92,us,usp000hcw1,2014-11-07T01:41:30.133Z,"84 km SSW of Singaparna, Indonesia",earthquake,,6.6,,2,reviewed,us,us
2010-05-18T11:59:57.840Z,-7.845,107.22,34.2,5.3,mwc,243,18.7,,1.17,us,usp000hcws,2025-12-22T15:18:09.784Z,"Java, Indonesia",earthquake,,,,,reviewed,us,gcmt
2010-05-19T00:13:21.120Z,-6.641,105.161,38.9,5.4,mwc,100,32.5,,1.22,us,usp000hcxa,2023-03-17T02:47:31.728Z,"79 km WSW of Labuan, Indonesia",earthquake,,6.9,,,reviewed,us,gcmt
2010-05-19T07:47:43.380Z,-7.117,105.151,35,4.5,mb,15,201,,1.21,us,usp000hcxs,2014-11-07T01:41:30.419Z,"110 km SW of Labuan, Indonesia",earthquake,,,,3,reviewed,us,us
2010-05-20T15:14:24.640Z,-6.243,106.331,134.1,4.3,mb,41,54.8,,1.06,us,usp000hcze,2014-11-07T01:41:30.736Z,"13 km SSW of Kresek, Indonesia",earthquake,,6.4,,11,reviewed,us,us
2010-05-26T06:25:29.680Z,-8.699,113.204,121.1,4.1,mb,17,127.9,,1.01,us,usp000hd6a,2014-11-07T01:41:32.971Z,"49 km SSW of Kencong, Indonesia",earthquake,,7.3,,3,reviewed,us,us
2010-05-28T19:45:33.230Z,-7.487,106.342,35,4.1,mb,17,142.6,,1.81,us,usp000hdah,2014-11-07T01:41:33.812Z,"59 km SSW of Pelabuhanratu, Indonesia",earthquake,,,,7,reviewed,us,us
2010-06-06T16:57:26.980Z,-8.572,112.451,87.6,5.1,mb,134,41,,0.96,us,usp000hdnp,2022-07-16T15:03:41.560Z,"45 km S of Sumberpucung, Indonesia",earthquake,,6.4,,29,reviewed,us,us
2010-06-18T14:42:53.310Z,-8.58,111.34,73.9,5,mb,103,44.1,,1.31,us,usp000he85,2014-11-07T01:41:42.723Z,"68 km SW of Trenggalek, Indonesia",earthquake,,6.6,,24,reviewed,us,us
2010-06-24T19:55:53.140Z,-7.63,105.956,35,4.4,mb,15,188.1,,1.14,us,usp000heg0,2014-11-07T01:41:44.007Z,"96 km SW of Pelabuhanratu, Indonesia",earthquake,,,,2,reviewed,us,us
2010-06-26T09:50:43.090Z,-8.07,108.089,68,5.9,mwc,381,19.2,,1.05,us,usp000hejb,2022-07-16T16:16:37.374Z,"77 km S of Kawalu, Indonesia",earthquake,,,,,reviewed,us,gcmt
2010-07-09T10:13:38.760Z,-6.04,105.495,67.6,5.1,mb,68,28.2,,1.38,us,usp000hf2a,2014-11-07T01:41:51.651Z,"52 km NW of Labuan, Indonesia",earthquake,,6.8,,14,reviewed,us,us
2010-07-10T07:14:22.090Z,-6.215,105.96,110.7,4.7,mb,39,59.3,,0.94,us,usp000hf3h,2014-11-07T01:41:51.896Z,"19 km WNW of Pandeglang, Indonesia",earthquake,,4.9,,5,reviewed,us,us
2010-07-10T14:06:10.880Z,-8.109,106.984,35,3.9,mb,5,197.7,,0.56,us,usp000hf3z,2014-11-07T01:41:52.026Z,"112 km SSW of Banjar, Indonesia",earthquake,,,,1,reviewed,us,us
2010-08-09T03:34:15.980Z,-6.082,112.995,598.5,5.3,mwc,320,23,,0.95,us,usp000hhsy,2025-12-22T15:18:18.561Z,"110 km NNE of Bangkalan, Indonesia",earthquake,,4.4,,,reviewed,us,gcmt
2010-08-10T00:19:44.860Z,-7.977,107.798,70.6,4.2,mb,21,91.4,,1.03,us,usp000hhu2,2014-11-07T01:42:12.481Z,"77 km SSW of Singaparna, Indonesia",earthquake,,6.3,,5,reviewed,us,us
2010-08-11T19:10:21.430Z,-7.495,107.058,37.4,5.3,mwc,317,18.4,,1.01,us,usp000hhyz,2022-07-18T18:24:42.766Z,"52 km SW of Banjar, Indonesia",earthquake,,4.4,,,reviewed,us,gcmt
2010-08-14T01:32:36.890Z,-7.404,105.86,48.8,4.9,mb,77,51.2,,0.88,us,usp000hj32,2014-11-07T01:42:14.156Z,"Java, Indonesia",earthquake,,6.6,,26,reviewed,us,us
2010-08-16T22:19:17.250Z,-8.546,112.53,73.6,5,mb,138,23.3,,1.13,us,usp000hjan,2014-11-07T01:42:15.410Z,"42 km SSW of Gongdanglegi Kulon, Indonesia",earthquake,,4.9,,43,reviewed,us,us
2010-08-20T14:12:21.650Z,-8.345,105.88,35,4.9,mb,53,114.7,,1.06,us,usp000hjh2,2014-11-07T01:42:16.260Z,"167 km SSW of Pelabuhanratu, Indonesia",earthquake,,,,16,reviewed,us,us
2010-08-21T11:41:38.330Z,-8.004,110.449,22.3,4.7,mb,75,43.4,,1.31,us,usp000hjjj,2022-07-18T18:48:27.575Z,"12 km ESE of Pundong, Indonesia",earthquake,,6.5,,14,reviewed,us,us
2010-09-12T16:38:58.900Z,-7.849,110.499,48.4,4.8,mb,35,47.2,,0.89,us,usp000hkmk,2014-11-07T01:42:26.912Z,"10 km S of Candi Prambanan, Indonesia",earthquake,,6.5,,3,reviewed,us,us
2010-09-16T05:09:10.010Z,-7.93,106.834,56.9,4.2,mb,16,107.2,,0.81,us,usp000hktb,2014-11-07T01:42:28.288Z,"104 km SW of Banjar, Indonesia",earthquake,,8.9,,2,reviewed,us,us
2010-09-25T06:23:04.260Z,-6.582,106.146,134.2,4.7,mb,25,49,,1.1,us,usp000hm58,2014-11-07T01:42:30.619Z,"27 km SSW of Rangkasbitung, Indonesia",earthquake,,9.3,,9,reviewed,us,us
2010-10-03T17:20:56.560Z,-6.566,105.056,71.6,4.7,mb,32,69.9,,1.18,us,usp000hmjh,2014-11-07T01:42:38.456Z,"88 km WSW of Labuan, Indonesia",earthquake,,13.7,,8,reviewed,us,us
2010-10-14T19:48:22.440Z,-7.564,106.408,36.5,4.9,mb,64,39.1,,1.19,us,usp000hn3u,2014-11-07T01:42:42.422Z,"65 km SSW of Pelabuhanratu, Indonesia",earthquake,,8.2,,17,reviewed,us,us
2010-10-15T02:52:10.000Z,-7.526,105.831,41.7,4.6,mb,29,123.9,,0.84,us,usp000hn41,2014-11-07T01:42:42.441Z,"99 km SW of Pelabuhanratu, Indonesia",earthquake,,7,,12,reviewed,us,us
2010-10-25T07:28:13.880Z,-6.142,113.139,580.2,4.5,mb,32,48.3,,1.06,us,usp000hnhm,2014-11-07T01:42:45.360Z,"109 km NNE of Bangkalan, Indonesia",earthquake,,5.3,,12,reviewed,us,us
2010-10-27T14:48:59.990Z,-7.176,107.464,10,4.4,mb,23,114.4,,1.25,us,usp000hnp1,2014-11-07T01:42:46.260Z,"4 km ENE of Banjar, Indonesia",earthquake,,,,4,reviewed,us,us
2010-10-31T16:14:18.700Z,-7.021,105.259,10,4,mb,9,217.2,,1.33,us,usp000hnuj,2014-11-07T01:42:47.285Z,"95 km SW of Labuan, Indonesia",earthquake,,,,2,reviewed,us,us
2010-11-04T16:55:52.280Z,-8.102,108.929,93.3,4.4,mb,37,98.6,,1.27,us,usp000hp22,2014-11-07T01:42:52.059Z,"62 km SW of Kroya, Indonesia",earthquake,,7,,11,reviewed,us,us
2010-11-09T07:03:30.360Z,-8.634,110.026,63,5.4,mwb,302,22.9,,1.14,us,usp000hpad,2025-12-22T15:53:37.534Z,"80 km SSW of Bambanglipuro, Indonesia",earthquake,,,,,reviewed,us,us
2010-11-09T12:38:59.620Z,-7.865,107.206,56.8,5.1,mwc,174,17.8,,1.23,us,usp000hpas,2025-12-22T15:53:43.097Z,"78 km SSW of Banjar, Indonesia",earthquake,,5.5,,,reviewed,us,gcmt
2010-11-12T21:38:06.080Z,-8.659,111.387,59.6,4.1,mb,25,59.1,,0.85,us,usp000hpg2,2014-11-07T01:42:54.273Z,"73 km SSW of Trenggalek, Indonesia",earthquake,,7,,9,reviewed,us,us
2010-11-13T07:52:04.950Z,-6.691,109.57,275.9,4.2,mb,29,59.4,,0.99,us,usp000hpgq,2014-11-07T01:42:54.621Z,"Java, Indonesia",earthquake,,7.5,,9,reviewed,us,us
2010-11-20T18:42:15.910Z,-6.988,106.16,44.4,4.8,mb,100,30.7,,1.05,us,usp000hpwk,2022-07-19T00:24:57.179Z,"43 km W of Pelabuhanratu, Indonesia",earthquake,,5.8,,25,reviewed,us,us
2010-11-29T10:27:21.730Z,-8.016,106.928,58.4,4.9,mwc,78,31.4,,1.11,us,usp000hqa0,2016-11-10T02:36:47.078Z,"106 km SSW of Banjar, Indonesia",earthquake,,7.4,,,reviewed,us,gcmt
2010-12-19T19:15:40.140Z,-8.72,112.472,79.4,4.3,mb,8,163.6,,0.82,us,usp000hr5h,2014-11-07T01:43:09.854Z,"62 km S of Sumberpucung, Indonesia",earthquake,,11,,4,reviewed,us,us
2010-12-21T03:59:38.350Z,-8.7,111.197,54.6,5.6,mwb,310,21.4,,1.01,us,usp000hr88,2022-05-02T22:29:43.590Z,"88 km SW of Trenggalek, Indonesia",earthquake,,4.4,,,reviewed,us,us
2010-12-21T05:40:16.240Z,-8.326,105.261,35,4.7,mb,42,160.4,,1.34,us,usp000hr8f,2014-11-07T01:43:10.359Z,"205 km SW of Pelabuhanratu, Indonesia",earthquake,,,,8,reviewed,us,us
2011-01-12T12:44:45.810Z,-6.961,105.083,35,5,mwc,74,62.8,,1.38,us,usp000hsz5,2022-04-08T21:30:13.515Z,"104 km SW of Labuan, Indonesia",earthquake,,,,,reviewed,us,gcmt
2011-01-14T21:10:23.590Z,-8.472,111.71,80.3,4.2,mb,14,148.8,,0.91,us,usp000ht43,2014-11-07T01:43:26.492Z,"43 km S of Trenggalek, Indonesia",earthquake,,11,,4,reviewed,us,us
2011-01-24T21:00:06.060Z,-7.985,107.752,69.3,4.7,mb,20,109.3,,0.98,us,usp000htm6,2014-11-07T01:43:29.225Z,"80 km SSW of Singaparna, Indonesia",earthquake,,6.7,,9,reviewed,us,us
2011-02-10T23:19:29.940Z,-8.358,112.78,153.2,4.6,mb,69,83.6,,1.06,us,usp000huaz,2014-11-07T01:43:38.940Z,"16 km SSE of Dampit, Indonesia",earthquake,,5.1,,21,reviewed,us,us
2011-02-20T20:15:42.850Z,-8.143,109.691,87.8,4.2,mb,24,42.9,,1.51,us,usp000hutm,2014-11-07T01:43:41.618Z,"53 km SSW of Kutoarjo, Indonesia",earthquake,,9.4,,1,reviewed,us,us
2011-02-26T05:06:29.390Z,-8.425,115.151,172.2,4.6,mb,22,48.2,,0.94,us,usp000hv35,2014-11-07T01:43:44.009Z,"13 km NNE of Tabanan, Indonesia",earthquake,,6.2,,6,reviewed,us,us
2011-02-26T06:29:35.440Z,-6.556,107.187,187.4,5,mb,68,34.7,,1.12,us,usp000hv3a,2014-11-07T01:43:44.025Z,"28 km W of Purwakarta, Indonesia",earthquake,,4.1,,17,reviewed,us,us
2011-03-11T15:33:02.960Z,-8.263,115.304,190.7,4.9,mb,25,50.1,,1.3,us,usp000hvy8,2014-11-07T01:43:57.912Z,"24 km E of Munduk, Indonesia",earthquake,,8.2,,1,reviewed,us,us
2011-03-18T16:25:02.340Z,-7.549,107.326,15,3.8,mb,7,202.8,,1.32,us,usp000hxts,2014-11-07T01:44:13.712Z,"40 km SSW of Banjar, Indonesia",earthquake,,0,,2,reviewed,us,us
2011-03-20T01:20:16.080Z,-7.47,106.97,69.6,4.8,mb,115,25.5,,1.13,us,usp000hxzz,2014-11-07T01:44:15.040Z,"Java, Indonesia",earthquake,,5.9,,35,reviewed,us,us
2011-03-20T16:29:23.430Z,-8.402,115.022,24.4,4.3,mb,38,37.7,,1.47,us,usp000hy2p,2022-07-19T09:29:18.331Z,"16 km SSW of Munduk, Indonesia",earthquake,,12.7,,9,reviewed,us,us
2011-03-22T00:37:16.700Z,-7.737,105.789,29.6,4.6,mb,62,52.1,,1.05,us,usp000hy7b,2014-11-07T01:44:17.052Z,"118 km SW of Pelabuhanratu, Indonesia",earthquake,,5.6,,23,reviewed,us,us
2011-03-27T03:08:11.190Z,-8.712,110.869,79.5,4.4,mb,35,144.2,,1.08,us,usp000hyq0,2014-11-07T01:44:20.488Z,"95 km SSW of Jatiroto, Indonesia",earthquake,,7.8,,9,reviewed,us,us
2011-03-31T23:02:37.780Z,-7.76,115.335,10,4.2,mb,13,100.8,,1,us,usp000hz16,2014-11-07T01:44:23.116Z,"47 km NE of Singaraja, Indonesia",earthquake,,,,3,reviewed,us,us
2011-04-05T04:34:46.260Z,-6.93,106.22,82.7,5.2,mwc,155,23,,1,us,usp000hza4,2025-12-30T18:04:43.220Z,"55 km W of Pelabuhanratu, Indonesia",earthquake,,5.9,,,reviewed,us,gcmt
2011-04-07T22:07:10.920Z,-7.225,105.931,35,4.2,mb,13,180.7,,0.19,us,usp000hzg3,2014-11-07T01:44:30.175Z,"73 km WSW of Pelabuhanratu, Indonesia",earthquake,,,,6,reviewed,us,us
2011-04-19T15:58:48.200Z,-6.819,105.67,107.5,4.2,mb,17,131.7,,1.44,us,usp000j08u,2014-11-07T01:44:35.453Z,"51 km SSW of Labuan, Indonesia",earthquake,,11.4,,2,reviewed,us,us
2011-04-26T06:39:36.520Z,-8.081,108.477,95.4,5.6,mww,215,27,,1.03,us,usp000j0m1,2022-07-19T13:30:48.816Z,"74 km SSW of Sidareja, Indonesia",earthquake,,6.7,,,reviewed,us,us
2011-04-26T07:24:59.030Z,-8.114,108.454,90.4,4.8,mb,143,48,,1.08,us,usp000j0m4,2022-07-19T13:32:20.026Z,"78 km SSW of Sidareja, Indonesia",earthquake,,8.3,,40,reviewed,us,us
2011-05-04T12:31:38.370Z,-7.826,107.203,35,4.4,mb,6,98.9,,0.68,us,usp000j0zh,2014-11-07T01:44:44.769Z,"74 km SSW of Banjar, Indonesia",earthquake,,,,1,reviewed,us,us
2011-05-08T08:05:14.520Z,-7.176,111.982,229,4.5,mb,21,92.2,,0.89,us,usp000j16y,2014-11-07T01:44:47.629Z,"11 km ESE of Bojonegoro, Indonesia",earthquake,,5.7,,4,reviewed,us,us
2011-06-05T07:42:16.750Z,-8.023,106.966,35,4,mb,19,85.3,,1.01,us,usp000j2r9,2014-11-07T01:45:02.080Z,"104 km SSW of Banjar, Indonesia",earthquake,,,,4,reviewed,us,us
2011-06-05T14:02:06.690Z,-7.415,109.598,10,3.7,mb,8,161.1,,1.3,us,usp000j2rs,2014-11-07T01:45:02.269Z,"23 km NNE of Gombong, Indonesia",earthquake,,,,2,reviewed,us,us
2011-06-09T17:50:21.740Z,-8.75,113.743,97.5,4.2,mb,15,101,,1.26,us,usp000j2x4,2014-11-07T01:45:03.499Z,"59 km SW of Gambiran Satu, Indonesia",earthquake,,9.4,,3,reviewed,us,us
2011-06-11T20:23:08.510Z,-6.623,106.336,13.9,4.7,mb,77,49,,1.06,us,usp000j309,2014-11-07T01:45:04.426Z,"30 km SSE of Rangkasbitung, Indonesia",earthquake,,3.1,,21,reviewed,us,us
2011-06-13T03:17:00.890Z,-8.717,112.461,76.4,4.2,mb,20,61.1,,1.01,us,usp000j33g,2014-11-07T01:45:05.078Z,"61 km S of Sumberpucung, Indonesia",earthquake,,7.8,,2,reviewed,us,us
2011-06-13T15:46:35.650Z,-8.037,110.733,152.5,4.7,mb,56,45.4,,1.02,us,usp000j34b,2014-11-07T01:45:05.283Z,"31 km SSW of Selogiri, Indonesia",earthquake,,3.8,,20,reviewed,us,us
2011-06-15T02:34:17.960Z,-7.651,106.97,37.2,4.8,mb,57,32.7,,1.13,us,usp000j36f,2014-11-07T01:45:05.823Z,"71 km SW of Banjar, Indonesia",earthquake,,8.2,,13,reviewed,us,us
2011-06-21T22:43:11.370Z,-6.341,107.468,185.1,4.5,mb,74,38.3,,1.01,us,usp000j3j0,2014-11-07T01:45:08.874Z,"8 km N of Cikampek, Indonesia",earthquake,,3.8,,26,reviewed,us,us
2011-07-01T14:33:22.800Z,-8.308,108.733,92.9,4.6,mb,67,61.6,,1.09,us,usp000j412,2014-11-07T01:45:14.844Z,"91 km S of Sidareja, Indonesia",earthquake,,5.4,,20,reviewed,us,us
2011-07-03T09:01:23.250Z,-6.79,106.845,118.8,4.5,mb,31,104.4,,0.88,us,usp000j435,2014-11-07T01:45:15.863Z,"6 km E of Cicurug, Indonesia",earthquake,,6.2,,9,reviewed,us,us
2011-07-06T17:39:13.590Z,-7.574,108.065,70.2,4.1,mb,12,68.5,,1.06,us,usp000j48g,2014-11-07T01:45:17.501Z,"25 km SSW of Singaparna, Indonesia",earthquake,,9,,1,reviewed,us,us
2011-07-14T01:04:01.890Z,-7.672,107.149,28.2,4.5,mb,21,69.4,,1.05,us,usp000j4u9,2014-11-07T01:45:21.630Z,"61 km SSW of Banjar, Indonesia",earthquake,,25.1,,4,reviewed,us,us
2011-07-17T10:59:09.690Z,-6.64,106.489,94.8,5,mb,171,25.9,,0.95,us,usp000j52k,2014-11-07T01:45:23.028Z,"25 km WSW of Ciampea, Indonesia",earthquake,,4.9,,49,reviewed,us,us
2011-07-24T08:23:36.380Z,-7.197,106.458,59.1,5,mwc,121,28.7,,1.02,us,usp000j5dj,2022-04-08T21:55:39.247Z,"25 km SSW of Pelabuhanratu, Indonesia",earthquake,,5,,,reviewed,us,gcmt
2011-07-24T21:20:23.290Z,-7.507,106.713,44.9,4.4,mb,21,110.2,,1.05,us,usp000j5ej,2014-11-07T01:45:25.880Z,"60 km SSE of Pelabuhanratu, Indonesia",earthquake,,9,,5,reviewed,us,us
2011-08-03T05:04:26.280Z,-8.246,107,35,4.6,mb,40,100.9,,1.12,us,usp000j5wb,2014-11-07T01:45:33.119Z,"125 km SSW of Banjar, Indonesia",earthquake,,,,5,reviewed,us,us
2011-08-03T12:15:32.220Z,-8.317,108.542,92.6,4.2,mb,17,93.7,,1.09,us,usp000j5wu,2014-11-07T01:45:33.242Z,"96 km SSW of Sidareja, Indonesia",earthquake,,8.8,,5,reviewed,us,us
2011-08-08T02:35:04.180Z,-5.824,111.294,510.3,5,mb,71,31.2,,0.96,us,usp000j65j,2014-11-07T01:45:34.792Z,"83 km NNE of Tayu, Indonesia",earthquake,,4.1,,22,reviewed,us,us
2011-08-16T07:37:59.240Z,-7.184,105.967,39.2,4.4,mb,14,126.5,,1.49,us,usp000j6hr,2014-11-07T01:45:37.231Z,"68 km WSW of Pelabuhanratu, Indonesia",earthquake,,13.1,,3,reviewed,us,us
2011-08-18T21:42:44.000Z,-7.59,106.64,10,4.5,mb,22,63.1,,,us,usp000j6nd,2014-11-07T01:45:38.112Z,"67 km S of Pelabuhanratu, Indonesia",earthquake,,,,5,reviewed,dja,us
2011-08-21T16:54:21.330Z,-7.13,106.906,78.9,4.8,mb,90,46.3,,0.95,us,usp000j6tw,2015-03-24T02:39:42.148Z,"23 km S of Sukabumi, Indonesia",earthquake,,5.1,,28,reviewed,us,us
2011-08-29T08:56:59.160Z,-7.987,107.158,49.9,4.5,mb,18,118.4,,1.04,us,usp000j770,2014-11-07T01:45:44.433Z,"92 km SSW of Banjar, Indonesia",earthquake,,9.6,,5,reviewed,us,us
2011-08-30T09:56:01.690Z,-5.878,107.358,318.1,4.2,mb,22,88.6,,1.2,us,usp000j78x,2014-11-07T01:45:44.816Z,"31 km NNE of Rengasdengklok, Indonesia",earthquake,,6.5,,8,reviewed,us,us
2011-09-05T02:01:36.640Z,-8.005,107.256,47.5,4.2,mb,16,99.1,,1.28,us,usp000j7mh,2014-11-07T01:45:50.227Z,"91 km SSW of Banjar, Indonesia",earthquake,,11.8,,3,reviewed,us,us
2011-10-05T18:26:57.430Z,-8.027,112.406,165.1,4.7,mb,32,77.2,,0.99,us,usp000j8yw,2014-11-07T01:46:04.025Z,"16 km NNW of Sumberpucung, Indonesia",earthquake,,5.6,,9,reviewed,us,us
2011-10-09T11:43:22.930Z,-8.398,105.333,10.7,4.7,mb,78,67.2,,1.04,us,usp000j94d,2014-11-07T01:46:05.495Z,"205 km SW of Pelabuhanratu, Indonesia",earthquake,,13.3,,19,reviewed,us,us
2011-10-11T00:57:57.080Z,-7.705,105.916,35,4.3,mb,19,115.4,,1.39,us,usp000j971,2014-11-07T01:46:05.930Z,"105 km SW of Pelabuhanratu, Indonesia",earthquake,,,,2,reviewed,us,us
2011-10-18T20:07:53.520Z,-7.577,105.801,25,4.6,mb,17,135.4,,1.03,us,usp000j9h6,2014-11-07T01:46:07.802Z,"105 km SW of Pelabuhanratu, Indonesia",earthquake,,22.4,,5,reviewed,us,us
2011-10-23T17:45:26.540Z,-7.874,107.775,66.2,4.6,mb,40,80.1,,0.74,us,usp000j9sz,2014-11-07T01:46:10.296Z,"68 km SSW of Singaparna, Indonesia",earthquake,,5,,10,reviewed,us,us
2011-10-28T02:38:33.840Z,-8.441,105.361,35,4.5,mb,26,100.2,,1.07,us,usp000ja0d,2014-11-07T01:46:11.819Z,"207 km SW of Pelabuhanratu, Indonesia",earthquake,,,,9,reviewed,us,us
2011-10-29T21:59:55.810Z,-6.513,105.281,39,4.7,mb,52,64.1,,1.41,us,usp000ja3b,2014-11-07T01:46:12.413Z,"62 km WSW of Labuan, Indonesia",earthquake,,7.5,,23,reviewed,us,us
2011-10-31T00:25:06.440Z,-7.343,107.233,35,4.4,mb,19,160,,0.7,us,usp000ja54,2014-11-07T01:46:12.744Z,"27 km SW of Banjar, Indonesia",earthquake,,,,9,reviewed,us,us
2011-10-31T04:48:46.770Z,-8.069,106.872,48.5,4.8,mb,60,29.7,,0.93,us,usp000ja5c,2014-11-07T01:46:12.793Z,"114 km SSW of Banjar, Indonesia",earthquake,,6.3,,22,reviewed,us,us
2011-11-06T04:41:57.140Z,-6.132,106.301,163.8,5.2,mb,213,24,,0.98,us,usp000jadv,2014-11-07T01:46:18.324Z,"8 km W of Kresek, Indonesia",earthquake,,2.9,,62,reviewed,us,us
2011-11-17T06:10:50.920Z,-8.408,105.348,35,4,mb,13,140.5,,1.38,us,usp000jaz0,2014-11-07T01:46:21.903Z,"205 km SW of Pelabuhanratu, Indonesia",earthquake,,,,2,reviewed,us,us
2011-11-24T03:55:36.540Z,-8.644,109.888,90,5.1,mb,98,101.8,,0.86,us,usp000jbaz,2015-03-24T02:31:05.695Z,"87 km SSW of Srandakan, Indonesia",earthquake,,5.1,,38,reviewed,us,us
2011-12-11T06:34:19.230Z,-8.187,107.305,35,4.3,mb,21,68.6,,0.9,us,usp000jc2d,2014-11-07T01:46:33.005Z,"110 km S of Banjar, Indonesia",earthquake,,,,2,reviewed,us,us
2011-12-14T10:41:44.170Z,-8.344,109.022,112.8,4.3,mb,15,104.9,,0.87,us,usp000jc66,2014-11-07T01:46:33.959Z,"82 km SSW of Kroya, Indonesia",earthquake,,6.9,,1,reviewed,us,us
2012-01-14T23:58:44.750Z,-7.667,108.053,69,4,mb,21,101.2,,0.65,us,usp000jdgy,2014-11-07T01:46:47.233Z,"35 km S of Singaparna, Indonesia",earthquake,,6.3,,4,reviewed,us,us
2012-01-31T04:18:52.380Z,-8.226,107.74,59.5,4.7,mb,42,86.2,,1.14,us,usp000je6w,2014-11-07T01:46:52.233Z,"105 km SSW of Singaparna, Indonesia",earthquake,,6.4,,12,reviewed,us,us
2012-02-03T04:01:51.410Z,-8.561,111.597,75.6,4.5,mb,61,62.7,,0.81,us,usp000jed2,2014-11-07T01:46:57.001Z,"54 km SSW of Trenggalek, Indonesia",earthquake,,4.9,,14,reviewed,us,us
2012-02-05T15:52:02.960Z,-7.966,108.276,83,4.4,mb,44,106.6,,1.17,us,usp000jeht,2014-11-07T01:46:58.275Z,"65 km S of Kawalu, Indonesia",earthquake,,5.7,,5,reviewed,us,us
2012-02-10T03:00:51.150Z,-6.112,105.002,52.7,4.1,mb,17,167.7,,1.25,us,usp000jerv,2014-11-07T01:46:59.964Z,"80 km SSW of Bandar Lampung, Indonesia",earthquake,,12.1,,5,reviewed,us,us
2012-02-15T20:38:16.220Z,-7.566,107.592,86.2,4.5,mb,68,45.1,,0.96,us,usp000jezq,2014-11-07T01:47:01.703Z,"44 km SSE of Banjar, Indonesia",earthquake,,4.8,,21,reviewed,us,us
2012-02-15T21:59:30.760Z,-7.77,106.12,61.8,4.6,mb,43,61.9,,1.26,us,usp000jezr,2014-11-07T01:47:01.709Z,"98 km SSW of Pelabuhanratu, Indonesia",earthquake,,7.9,,10,reviewed,us,us
2012-02-27T10:53:38.420Z,-7.823,106.792,61,4.2,mb,40,108.8,,1.06,us,usp000jfg9,2014-11-07T01:47:05.139Z,"96 km SSE of Pelabuhanratu, Indonesia",earthquake,,6.6,,5,reviewed,us,us
2012-02-29T13:28:14.870Z,-7.285,106.564,45.4,4.8,mb,112,103.7,,0.9,us,usp000jfkn,2014-11-07T01:47:05.968Z,"32 km S of Pelabuhanratu, Indonesia",earthquake,,4.5,,30,reviewed,us,us
2012-03-07T15:33:54.610Z,-7.083,106.565,66.7,4.6,mb,50,58.3,,1.2,us,usp000jfwu,2015-03-24T02:36:08.628Z,"10 km S of Pelabuhanratu, Indonesia",earthquake,,9.2,,9,reviewed,us,us
2012-03-19T02:19:36.950Z,-8.064,110.404,10.3,3.7,mb,10,134.6,,1.36,us,usp000jgf8,2014-11-07T01:47:16.528Z,"13 km SSE of Pundong, Indonesia",earthquake,,15.2,,1,reviewed,us,us
2012-04-08T08:06:47.850Z,-6.728,105.972,123.1,4.4,mb,15,176.2,,0.85,us,usp000jhdc,2014-11-07T01:47:27.137Z,"41 km SSE of Labuan, Indonesia",earthquake,,7.2,,2,reviewed,us,us
2012-04-10T09:18:51.950Z,-8.274,107.85,38.4,4.8,mb,75,79.7,,1.02,us,usp000jhfr,2015-03-24T01:28:10.508Z,"106 km SSW of Singaparna, Indonesia",earthquake,,6.6,,21,reviewed,us,us
2012-04-12T15:01:19.560Z,-7.598,107.114,57.6,4.9,mb,127,47.6,,1.11,us,usp000jhsa,2014-11-07T01:47:30.329Z,"56 km SW of Banjar, Indonesia",earthquake,,5.5,,49,reviewed,us,us
2012-04-14T04:04:10.130Z,-8.333,109.981,102.2,4.3,mb,12,144.3,,1.36,us,usp000jhx6,2014-11-07T01:47:31.132Z,"52 km SW of Srandakan, Indonesia",earthquake,,16.3,,1,reviewed,us,us
2012-04-14T19:26:43.250Z,-6.81,105.457,62.7,5.8,mww,456,18.5,,1.07,us,usp000jhz5,2024-06-17T19:09:01.998Z,"63 km SW of Labuan, Indonesia",earthquake,,4.7,,,reviewed,us,us
2012-04-14T19:31:50.000Z,-6.777,105.444,68.1,5.3,mb,169,57.2,,0.87,us,usp000jhz6,2014-11-07T01:47:31.991Z,"61 km SW of Labuan, Indonesia",earthquake,,6.1,,87,reviewed,us,us
2012-04-15T18:22:09.740Z,-6.887,105.274,56.6,4.6,mb,56,69,,1.19,us,usp000jj17,2014-11-07T01:47:32.519Z,"83 km SW of Labuan, Indonesia",earthquake,,7.4,,11,reviewed,us,us
2012-04-16T07:37:26.390Z,-6.913,105.265,20.4,4.7,mb,40,74.9,,1.36,us,usp000jj24,2014-11-07T01:47:32.701Z,"86 km SW of Labuan, Indonesia",earthquake,,,,9,reviewed,us,us
2012-04-22T13:04:15.140Z,-5.911,105.504,28.9,4.8,mb,116,58.3,,0.93,us,usp000jjdq,2014-11-07T01:47:35.911Z,"59 km SSE of Bandar Lampung, Indonesia",earthquake,,11.8,,39,reviewed,us,us
2012-04-23T19:57:11.070Z,-8.745,106.01,10,4.6,mb,23,120.6,,1.32,us,usp000jjfu,2014-11-07T01:47:36.409Z,"203 km SSW of Pelabuhanratu, Indonesia",earthquake,,,,6,reviewed,us,us
2012-04-28T14:31:04.020Z,-7.085,106.638,84.9,4.3,mb,47,94.6,,1.29,us,usp000jjqm,2014-11-07T01:47:37.874Z,"14 km SE of Pelabuhanratu, Indonesia",earthquake,,8,,8,reviewed,us,us
2012-04-30T16:56:42.110Z,-8.354,105.422,18.7,5,mb,116,46.7,,0.9,us,usp000jjtr,2014-11-07T01:47:39.044Z,"195 km SW of Pelabuhanratu, Indonesia",earthquake,,11.3,,42,reviewed,us,us
2012-05-01T04:59:21.810Z,-7.697,106.479,35,4.8,mb,23,180.7,,0.96,us,usp000jjud,2014-11-07T01:47:41.020Z,"78 km S of Pelabuhanratu, Indonesia",earthquake,,,,3,reviewed,us,us
2012-05-20T12:37:44.490Z,-8.059,108.031,65.9,4.8,mb,147,59.8,,0.97,us,usp000jkpg,2014-11-07T01:47:50.232Z,"77 km SSW of Kawalu, Indonesia",earthquake,,4.9,,34,reviewed,us,us
2012-05-30T04:43:17.870Z,-8.233,107.588,67.3,4.3,mb,34,112.4,,0.85,us,usp000jm42,2014-11-07T01:47:55.100Z,"113 km SSW of Singaparna, Indonesia",earthquake,,7.4,,9,reviewed,us,us
2012-06-04T11:18:13.450Z,-7.692,106.371,50,5.9,mww,542,26.6,,0.88,us,usp000jmap,2022-05-03T15:41:44.131Z,"80 km SSW of Pelabuhanratu, Indonesia",earthquake,,,,,reviewed,us,us
2012-06-08T07:04:24.040Z,-5.878,107.416,308.8,4.5,mb,129,56.2,,1.02,us,usp000jmh1,2014-11-07T01:48:02.021Z,"33 km NNE of Rengasdengklok, Indonesia",earthquake,,3.8,,43,reviewed,us,us
2012-06-14T14:54:14.110Z,-8.533,110.493,110.5,4.3,mb,36,90.3,,0.89,us,usp000jmrq,2014-11-07T01:48:05.012Z,"66 km SSE of Pundong, Indonesia",earthquake,,11,,4,reviewed,us,us
2012-06-21T08:47:52.170Z,-7.947,107.836,72.4,4.1,mb,24,197.1,,0.94,us,usp000jn1a,2014-11-07T01:48:07.541Z,"72 km SSW of Singaparna, Indonesia",earthquake,,7.9,,6,reviewed,us,us
2012-06-24T15:40:13.260Z,-7.107,106.082,70.5,4.9,mb,129,130,,1,us,usp000jn6j,2014-11-07T01:48:08.642Z,"53 km WSW of Pelabuhanratu, Indonesia",earthquake,,5.4,,28,reviewed,us,us
2012-06-25T06:43:54.620Z,-6.717,112.545,10,3.7,mb,13,108.8,,0.42,us,usp000jn78,2014-11-07T01:48:09.041Z,"25 km NE of Paciran, Indonesia",earthquake,,,,4,reviewed,us,us
2012-06-26T05:05:25.130Z,-8.583,112.544,75.9,4.6,mb,56,84.1,,1,us,usp000jn85,2014-11-07T01:48:09.190Z,"46 km SSW of Gongdanglegi Kulon, Indonesia",earthquake,,5.3,,10,reviewed,us,us
2012-06-27T04:55:30.040Z,-7.35,107.27,86.6,4.6,mb,83,38.8,,1.25,us,usp000jn9r,2014-11-07T01:48:09.645Z,"24 km SW of Banjar, Indonesia",earthquake,,6,,24,reviewed,us,us
2012-06-29T06:48:57.950Z,-6.82,105.4,64.3,4.5,mb,77,114.6,,0.99,us,usp000jnc8,2014-11-07T01:48:10.159Z,"68 km SW of Labuan, Indonesia",earthquake,,6.5,,13,reviewed,us,us
2012-07-04T23:39:20.670Z,-6.584,105.887,117.9,4.4,mb,62,124.1,,1.06,us,usp000jnmh,2014-11-07T01:48:16.320Z,"23 km SSE of Labuan, Indonesia",earthquake,,9.9,,11,reviewed,us,us
2012-07-13T17:57:06.300Z,-7.977,109.099,74.3,4.9,mb,270,29.7,,0.96,us,usp000jnz9,2014-11-07T01:48:19.544Z,"41 km SSW of Kroya, Indonesia",earthquake,,4.3,,93,reviewed,us,us
2012-07-16T12:55:17.410Z,-6.631,105.188,63.7,4.4,mb,43,184,,0.88,us,usp000jp2j,2014-11-07T01:48:20.408Z,"76 km WSW of Labuan, Indonesia",earthquake,,5.8,,8,reviewed,us,us
2012-08-03T23:34:16.420Z,-7.664,108.112,92.2,4.5,mb,75,38.7,,0.73,us,usp000jpvd,2014-11-07T01:48:30.479Z,"32 km SSW of Kawalu, Indonesia",earthquake,,4.3,,19,reviewed,us,us
2012-08-04T10:54:58.490Z,-5.796,110.638,562.6,4.4,mb,56,41.4,,0.66,us,usp000jpw1,2014-11-07T01:48:30.641Z,"76 km N of Batang, Indonesia",earthquake,,3.4,,24,reviewed,us,us
2012-09-03T22:27:38.110Z,-7.425,106.271,85.2,4.6,mb,60,136.1,,1.08,us,usp000jrm7,2014-11-07T01:48:46.637Z,"57 km SSW of Pelabuhanratu, Indonesia",earthquake,,7.5,,11,reviewed,us,us
2012-09-08T18:27:17.730Z,-6.514,106.751,40.6,4.8,mb,85,28.9,,1.3,us,usp000js0c,2024-06-17T20:10:59.804Z,"7 km NE of Ciampea, Indonesia",earthquake,,6.9,,42,reviewed,us,us
2012-09-11T04:17:03.250Z,-6.166,105.13,74.4,4.8,mb,36,79,,0.97,us,usp000js4k,2014-11-07T01:48:50.286Z,"80 km WNW of Labuan, Indonesia",earthquake,,6.9,,7,reviewed,us,us
2012-09-18T16:35:03.170Z,-7.327,105.847,42.2,4.7,mb,48,113.8,,1.12,us,usp000jshz,2014-11-07T01:48:52.723Z,"86 km WSW of Pelabuhanratu, Indonesia",earthquake,,8.3,,12,reviewed,us,us
2012-10-01T17:54:49.550Z,-5.958,106.205,174.6,4.5,mb,37,50.5,,0.86,us,usp000jtbs,2014-11-07T01:48:59.779Z,"18 km NNE of Serang, Indonesia",earthquake,,6.4,,4,reviewed,us,us
2012-10-21T02:41:16.210Z,-7.883,108.309,78.6,4.3,mb,68,133.5,,0.87,us,usp000ju85,2014-11-07T01:49:07.397Z,"56 km SSE of Kawalu, Indonesia",earthquake,,4.2,,5,reviewed,us,us
2012-11-01T14:12:01.820Z,-6.762,107.529,142.1,5.7,mww,271,23.8,,1.08,us,usp000juw5,2024-06-17T20:30:24.910Z,"10 km NE of Padalarang, Indonesia",earthquake,,3.7,,,reviewed,us,us
2012-11-10T06:05:27.190Z,-7.373,106.666,49.5,5.1,mb,411,17.2,,1.13,us,usp000jva5,2022-05-03T15:56:41.735Z,"44 km SSE of Pelabuhanratu, Indonesia",earthquake,,5.2,,86,reviewed,us,us
2012-12-14T16:16:22.350Z,-7.644,105.928,35,4.7,mb,47,51.2,,0.87,us,usp000jwyk,2014-11-07T01:49:36.398Z,"100 km SW of Pelabuhanratu, Indonesia",earthquake,,,,7,reviewed,us,us
2012-12-15T08:45:47.650Z,-7.136,107.128,143.2,4.3,mb,20,108.6,,1.19,us,usp000jwzm,2014-11-07T01:49:36.674Z,"32 km SE of Sukabumi, Indonesia",earthquake,,7,,9,reviewed,us,us
2012-12-23T05:39:54.470Z,-8.038,107.265,57,4.1,mb,25,84,,0.68,us,usp000jxa3,2014-11-07T01:49:38.985Z,"94 km S of Banjar, Indonesia",earthquake,,5.5,,5,reviewed,us,us
2012-12-26T16:12:41.260Z,-7.887,107.436,47.6,4.6,mb,86,74.9,,1.06,us,usp000jxea,2014-11-07T01:49:39.927Z,"76 km S of Banjar, Indonesia",earthquake,,5.2,,13,reviewed,us,us
2012-12-30T07:56:52.070Z,-6.96,105.283,48.3,5,mb,156,32.5,,0.79,us,usp000jxkx,2014-11-07T01:49:40.998Z,"88 km SW of Labuan, Indonesia",earthquake,,4.1,,57,reviewed,us,us
2013-01-18T21:27:26.310Z,-6.966,105.13,35,4.1,mb,18,145.5,,1.37,us,us2013knc9,2014-11-07T01:49:51.398Z,"101 km SW of Labuan, Indonesia",earthquake,,,,1,reviewed,us,us
2013-02-02T01:19:35.040Z,-6.943,105.372,34.9,5,mb,175,43.5,,0.9,us,usc000ezxz,2014-11-07T01:49:59.008Z,"80 km SW of Labuan, Indonesia",earthquake,,7.5,,53,reviewed,us,us
2013-02-06T16:26:46.840Z,-7.604,110.101,138.1,4.1,mb,15,102.9,,1.46,us,us2013lhzf,2014-11-07T01:50:02.852Z,"7 km NE of Kebon Gunung, Indonesia",earthquake,,7.9,,3,reviewed,us,us
2013-02-11T23:03:17.560Z,-7.014,105.104,40.8,4.6,mb,83,75,,1.38,us,us2013lmd6,2014-11-07T01:50:06.745Z,"106 km SW of Labuan, Indonesia",earthquake,,7.4,,30,reviewed,us,us
2013-02-26T14:06:04.610Z,-6.998,107.294,146.2,4.9,mb,193,29.7,,0.91,us,usc000fdjs,2025-12-22T16:37:29.885Z,"20 km SSE of Ciranjang-hilir, Indonesia",earthquake,,3.4,,32,reviewed,us,us
2013-03-03T13:52:56.750Z,-8.73,108.549,48.5,4.4,mb,45,69.2,,0.94,us,us2013mhcn,2014-11-07T01:50:17.335Z,"140 km S of Sidareja, Indonesia",earthquake,,,,13,reviewed,us,us
2013-03-06T21:02:53.270Z,-6.266,106.321,139.4,4.5,mb,67,47.1,,0.95,us,usb000fgnl,2014-11-07T01:50:18.433Z,"12 km NE of Rangkasbitung, Indonesia",earthquake,,5.7,,23,reviewed,us,us
2013-03-08T10:43:27.750Z,-7.904,107.802,65.1,4.3,mb,27,87.6,,0.96,us,usp000jzpg,2014-11-07T01:50:18.713Z,"69 km SSW of Singaparna, Indonesia",earthquake,,6.2,,3,reviewed,us,us
2013-03-12T07:16:49.340Z,-8.183,109.095,89.4,4.4,mb,67,53.7,,1.31,us,usp000jzr2,2014-11-07T01:50:19.796Z,"63 km SSW of Kroya, Indonesia",earthquake,,6.1,,26,reviewed,us,us
2013-03-14T09:48:45.660Z,-8.078,106.751,16.9,4.7,mb,118,46.2,,0.96,us,usb000fksk,2014-11-07T01:50:20.366Z,"123 km S of Pelabuhanratu, Indonesia",earthquake,,11.3,,33,reviewed,us,us
2013-04-02T05:26:07.810Z,-7.565,115.081,17.1,4.6,mb,36,46,,1.2,us,usb000fxyi,2014-11-07T01:50:28.981Z,"60 km N of Singaraja, Indonesia",earthquake,,5,,12,reviewed,us,us
2013-04-08T18:53:44.370Z,-7.091,106.072,56.4,5.3,mwb,410,23.3,,0.82,us,usb000g2b9,2022-07-24T23:04:32.972Z,"54 km WSW of Pelabuhanratu, Indonesia",earthquake,,3.7,,,reviewed,us,us
2013-04-19T12:00:44.430Z,-7.295,109.85,9.9,4.8,mb,102,31,,1.42,us,usb000gbtr,2014-11-07T01:50:35.900Z,"9 km NW of Wonosobo, Indonesia",earthquake,,1.7,,44,reviewed,us,us
2013-05-04T08:04:46.020Z,-6.05,112.778,598.5,4.5,mb,173,23,,0.73,us,usc000gne0,2014-11-07T01:50:44.374Z,"101 km NNE of Paciran, Indonesia",earthquake,,5.1,,72,reviewed,us,us
2013-05-06T11:12:01.930Z,-7.597,107.703,15.8,4.1,mb,10,125,,0.43,us,usc000gpyy,2014-11-07T01:50:45.098Z,"52 km WSW of Singaparna, Indonesia",earthquake,,6.6,,7,reviewed,us,us
2013-05-06T11:44:11.670Z,-8.206,107.761,60.4,4.4,mb,21,104,,0.63,us,usc000gp6d,2014-11-07T01:50:45.104Z,"102 km SSW of Singaparna, Indonesia",earthquake,,9.1,,15,reviewed,us,us
2013-05-07T09:48:36.520Z,-7.97,111.282,154.1,4.6,mb,74,47,,1.03,us,usc000gpwc,2014-11-07T01:50:45.409Z,"20 km ESE of Jatiroto, Indonesia",earthquake,,4.5,,49,reviewed,us,us
2013-06-25T10:34:03.720Z,-8.078,107.999,62.2,4.3,mb,8,92,,0.38,us,usp000k1fe,2014-11-07T01:51:07.411Z,"80 km SSW of Kawalu, Indonesia",earthquake,,14.8,,4,reviewed,us,us
2013-07-05T09:40:18.180Z,-7.682,108.037,72.6,4.8,mb,148,28,,0.77,us,usb000i73t,2014-11-07T01:51:13.674Z,"37 km SSW of Singaparna, Indonesia",earthquake,,3.6,,59,reviewed,us,us
2013-07-08T09:37:40.000Z,-7.92,107.895,68.3,4.3,mb,29,85,,0.99,us,usp000k1tw,2014-11-07T01:51:14.356Z,"67 km SSW of Singaparna, Indonesia",earthquake,,5.2,,14,reviewed,us,us
2013-07-20T11:07:28.600Z,-8.098,107.845,62.2,4.5,mb,43,57,,1.12,us,usp000k26m,2014-11-07T01:51:18.607Z,"87 km SSW of Singaparna, Indonesia",earthquake,,5.5,,24,reviewed,us,us
2013-07-21T12:50:20.010Z,-7.356,105.918,44.3,4.4,mb,47,127,,0.86,us,usp000k28c,2014-11-07T01:51:19.005Z,"80 km WSW of Pelabuhanratu, Indonesia",earthquake,,6.4,,16,reviewed,us,us
2013-08-08T10:45:58.200Z,-8.6243,110.9786,9.45,5.3,mb,,25,0.838,1.43,us,usb000iyfk,2025-12-22T16:42:17.268Z,"83 km S of Jatiroto, Indonesia",earthquake,,1.4,0.069,,reviewed,us,us
2013-08-16T06:15:55.080Z,-8.3923,108.9805,69.25,4.4,mb,,76,1.422,0.91,us,usb000j4qk,2013-10-19T02:41:46.000Z,"88 km SSW of Kroya, Indonesia",earthquake,,5.7,0.135,,reviewed,us,us
2013-08-17T07:31:13.840Z,-6.8674,105.2525,39.2,4.2,mb,,169,2.633,1.21,us,usb000jab0,2013-10-19T02:41:48.000Z,"83 km SW of Labuan, Indonesia",earthquake,,5.8,0.264,,reviewed,us,us
2013-08-23T13:54:11.820Z,-7.0445,105.1352,36.65,4.3,mb,,146,2.706,1.26,us,usb000jgkq,2013-10-25T20:09:48.000Z,"106 km SW of Labuan, Indonesia",earthquake,,11.7,0.201,,reviewed,us,us
2013-08-30T12:19:45.890Z,-6.1837,113.137,594.24,4.8,mb,,24,2.484,0.51,us,usb000jdq9,2013-11-06T01:33:33.000Z,"105 km NNE of Bangkalan, Indonesia",earthquake,,5.6,0.061,,reviewed,us,us
2013-09-12T21:05:28.270Z,-6.4721,105.3568,126.06,4.3,mb,,62,2.667,1.06,us,usc000jt7e,2013-11-19T17:37:35.000Z,"53 km W of Labuan, Indonesia",earthquake,,5.8,0.111,,reviewed,us,us
2013-09-20T06:34:45.380Z,-8.1205,107.9037,57.87,4.2,mb,,82,0.567,0.63,us,usb000k0rg,2013-12-09T21:11:09.000Z,"88 km SSW of Singaparna, Indonesia",earthquake,,5.4,0.128,,reviewed,us,us
2013-10-05T11:10:21.520Z,-8.6832,112.5266,77.73,4.7,mb,,23,1.621,0.86,us,usb000k79n,2013-12-19T02:51:35.000Z,"57 km SSW of Gongdanglegi Kulon, Indonesia",earthquake,,4.6,0.081,,reviewed,us,us
2013-10-05T14:24:18.160Z,-8.03,107.2958,62.39,4,mb,,96,0.697,1.31,us,usb000khzr,2013-12-19T02:51:35.000Z,"93 km S of Banjar, Indonesia",earthquake,,8.4,0.164,,reviewed,us,us
2013-10-10T14:11:55.210Z,-8.3635,108.9948,69.22,4,mb,,90,1.417,1.47,us,usb000ka1k,2013-12-24T01:42:58.000Z,"85 km SSW of Kroya, Indonesia",earthquake,,10.9,0.113,,reviewed,us,us
2013-10-23T11:14:19.920Z,-7.8068,107.1197,66.15,4.1,mb,,121,0.733,0.7,us,usb000kx81,2014-01-03T00:32:51.000Z,"75 km SSW of Banjar, Indonesia",earthquake,,3.1,0.175,,reviewed,us,us
2013-10-24T08:25:16.480Z,-7.1506,106.3123,99.8,4.4,mb,,103,1.332,1.14,us,usb000kx8n,2014-01-03T00:32:52.000Z,"31 km SW of Pelabuhanratu, Indonesia",earthquake,,7,0.123,,reviewed,us,us
2013-10-26T17:24:08.290Z,-8.2485,108.9863,80.83,4.4,mb,,75,1.348,1.54,us,usb000kxb8,2014-01-03T00:32:55.000Z,"73 km SSW of Kroya, Indonesia",earthquake,,6.9,0.123,,reviewed,us,us
2013-10-30T21:45:34.790Z,-8.108,107.8002,58.32,4.9,mb,,43,0.548,1.46,us,usc000krzt,2014-01-10T10:03:38.000Z,"90 km SSW of Singaparna, Indonesia",earthquake,,4.6,0.069,,reviewed,us,us
2013-11-03T02:35:30.950Z,-7.8609,107.9754,75.68,4.7,mb,,39,0.342,0.75,us,usb000kruj,2014-01-10T10:03:44.000Z,"58 km SSW of Singaparna, Indonesia",earthquake,,5.2,0.082,,reviewed,us,us
2013-11-13T07:25:02.130Z,-6.2522,106.5655,140.76,4.5,mb,,100,1.186,0.96,us,usb000kwp1,2014-01-31T21:22:18.000Z,"1 km NE of Curug, Indonesia",earthquake,,2.3,0.11,,reviewed,us,us
2013-11-14T11:45:43.660Z,-8.0613,110.4151,6.93,4.1,mb,,147,0.182,1.02,us,usb000l2sv,2014-01-31T21:22:19.000Z,"14 km SSE of Pundong, Indonesia",earthquake,,5.1,0.301,,reviewed,us,us
2013-11-17T21:41:24.500Z,-8.3311,108.9678,84.34,4.4,mb,,61,1.377,0.89,us,usb000l0zc,2014-01-31T21:22:27.000Z,"83 km SSW of Kroya, Indonesia",earthquake,,6.2,0.123,,reviewed,us,us
2013-11-24T09:44:51.680Z,-7.6025,105.6137,9.44,4.5,mb,,132,2.13,1.14,us,usb000l7z3,2014-02-11T02:18:57.000Z,"123 km WSW of Pelabuhanratu, Indonesia",earthquake,,3.7,0.14,,reviewed,us,us
2013-11-24T19:58:16.280Z,-7.1978,108.3556,167.89,4.8,mb,,17,0.643,1.44,us,usb000l5ue,2014-02-11T02:18:57.000Z,"14 km N of Ciamis, Indonesia",earthquake,,3.9,0.072,,reviewed,us,us
2013-11-25T00:40:42.370Z,-7.8709,107.9289,71.3,4.8,mb,,34,0.332,0.94,us,usb000l5xg,2014-02-11T02:18:58.000Z,"60 km SSW of Singaparna, Indonesia",earthquake,,4.7,0.081,,reviewed,us,us
2013-12-12T08:34:59.250Z,-7.8229,108.1852,98.15,4.3,mb,,62,0.452,1.17,us,usc000liuk,2014-02-21T23:00:52.000Z,"48 km S of Kawalu, Indonesia",earthquake,,4.7,0.133,,reviewed,us,us
2013-12-12T19:28:29.180Z,-6.37,106.4324,173.95,4.5,mb,,168,1.808,1.19,us,usc000lj9s,2014-02-21T23:00:52.000Z,"16 km SSW of Cikupa, Indonesia",earthquake,,8.3,0.104,,reviewed,us,us
2013-12-13T01:16:51.570Z,-7.2679,108.5575,136.13,4.5,mb,,33,0.789,1.09,us,usc000ljrg,2014-02-21T23:00:53.000Z,"23 km W of Majenang, Indonesia",earthquake,,4.7,0.09,,reviewed,us,us
2013-12-17T19:01:59.570Z,-6.7574,109.1911,181.03,4.4,mb,,79,1.578,0.69,us,usc000lnur,2014-02-27T21:37:20.000Z,"13 km NNE of Tegal, Indonesia",earthquake,,7.7,0.169,,reviewed,us,us
2013-12-18T07:02:33.590Z,-8.6252,105.6901,35,4.2,mb,,180,2.357,0.63,us,usc000lnvp,2014-02-27T21:37:21.000Z,"204 km SSW of Pelabuhanratu, Indonesia",earthquake,,8.3,0.216,,reviewed,us,us
2013-12-19T16:41:49.610Z,-6.8116,107.1958,135.35,4.6,mb,,76,0.415,1.53,us,usc000lvp8,2014-02-27T21:37:22.000Z,"6 km W of Ciranjang-hilir, Indonesia",earthquake,,3.7,0.098,,reviewed,us,us
2013-12-19T22:56:24.950Z,-6.2154,105.3386,64.94,4.1,mb,,169,2.34,1.17,us,usc000lvph,2014-02-27T21:37:23.000Z,"57 km WNW of Labuan, Indonesia",earthquake,,4,0.234,,reviewed,us,us
2013-12-19T22:56:54.270Z,-5.816,106.0588,71.24,4.3,mb,,154,2.455,0.77,us,usc000lvpm,2014-02-27T21:37:23.000Z,"34 km NNW of Serang, Indonesia",earthquake,,4.7,0.265,,reviewed,us,us
2013-12-23T07:58:10.030Z,-8.1207,108.2686,86.83,4.5,mb,,125,0.718,1.36,us,usc000lq7m,2014-02-27T21:37:28.000Z,"82 km S of Kawalu, Indonesia",earthquake,,5.3,0.124,,reviewed,us,us
2013-12-24T16:15:21.520Z,-7.9434,107.9022,71.11,4.7,mb,,144,0.394,0.84,us,usc000ly4f,2014-02-28T08:44:06.000Z,"69 km SSW of Singaparna, Indonesia",earthquake,,4.4,0.159,,reviewed,us,us
2013-12-31T10:27:41.000Z,-7.5122,105.072,45.59,4.2,mb,,175,2.613,0.91,us,usb000m2u7,2014-02-28T08:44:14.000Z,"150 km SW of Labuan, Indonesia",earthquake,,8.7,0.187,,reviewed,us,us
2014-01-03T19:22:44.080Z,-7.5151,108.4103,110.38,4.5,mb,,45,0.591,1.33,us,usc000lwd1,2014-03-07T00:25:57.000Z,"21 km SSE of Ciamis, Indonesia",earthquake,,4.6,0.069,68,reviewed,us,us
2014-01-05T11:32:11.060Z,-5.9326,105.3544,56.92,5.1,mb,,28,2.414,1.16,us,usc000lx54,2022-07-26T04:39:40.209Z,"56 km S of Bandar Lampung, Indonesia",earthquake,,4.8,0.066,75,reviewed,us,us
2014-01-06T01:10:07.810Z,-8.7117,105.4055,30.5,4.6,mb,,163,2.647,1.04,us,usb000m64a,2014-03-07T00:25:59.000Z,"228 km SSW of Pelabuhanratu, Indonesia",earthquake,,5.7,0.141,15,reviewed,us,us
2014-01-06T01:39:00.530Z,-8.6197,105.4548,31.75,4.3,mb,,182,2.565,0.34,us,usb000m64b,2014-03-07T00:25:59.000Z,"217 km SW of Pelabuhanratu, Indonesia",earthquake,,7.8,0.217,9,reviewed,us,us
2014-01-08T12:17:24.430Z,-6.5079,105.1048,60.34,4.5,mb,,160,2.512,0.83,us,usc000lylt,2014-03-15T03:38:35.000Z,"81 km W of Labuan, Indonesia",earthquake,,6.9,0.118,26,reviewed,us,us
2014-01-09T16:16:51.240Z,-6.9559,105.4281,42.78,5,mb,,95,2.174,1.03,us,usc000lzdf,2014-03-15T03:38:48.000Z,"77 km SW of Labuan, Indonesia",earthquake,,5.3,0.068,74,reviewed,us,us
2014-01-12T10:46:51.160Z,-8.2944,109.499,90.49,4.2,mb,,70,1.082,1.23,us,usc000mcr9,2014-03-15T03:39:16.000Z,"76 km S of Gombong, Indonesia",earthquake,,6.4,0.166,11,reviewed,us,us
2014-01-15T09:26:11.150Z,-6.3927,106.8955,125.44,4.5,mb,,41,1.472,1.01,us,usb000m1dq,2014-03-22T00:05:14.000Z,"7 km W of Cileungsir, Indonesia",earthquake,,5.1,0.087,40,reviewed,us,us
2014-01-15T14:05:50.840Z,-7.9346,108.6025,108.94,4.7,mb,,135,0.866,1.32,us,usc000meh2,2014-03-22T00:05:14.000Z,"53 km SSW of Sidareja, Indonesia",earthquake,,6.1,0.13,22,reviewed,us,us
2014-01-17T02:52:55.570Z,-8.0558,107.4026,53.67,4.2,mb,,178,0.643,0.67,us,usc000men6,2014-03-22T00:05:18.000Z,"95 km S of Banjar, Indonesia",earthquake,,9.4,0.525,2,reviewed,us,us
2014-01-25T05:14:18.510Z,-7.9855,109.2653,66,6.1,mww,,20,1.248,1.45,us,usb000m7wd,2023-03-15T23:08:16.799Z,"39 km S of Kroya, Indonesia",earthquake,,1.7,,,reviewed,us,us
2014-01-25T05:25:16.000Z,-8.0009,109.3003,84.51,5.2,mb,,44,1.214,0.5,us,usc000mkb3,2014-03-27T18:15:39.000Z,"41 km S of Kroya, Indonesia",earthquake,,2.5,0.115,28,reviewed,us,us
2014-01-25T05:48:57.920Z,-8.1151,109.3333,77.46,4.3,mb,,126,1.195,1.08,us,usc000mkb4,2014-03-27T18:15:39.000Z,"54 km S of Kroya, Indonesia",earthquake,,5.1,0.122,20,reviewed,us,us
2014-01-25T07:29:00.890Z,-7.8741,109.2908,89.64,4.3,mb,,102,1.221,0.63,us,usc000mkb7,2014-03-27T18:15:40.000Z,"27 km S of Kroya, Indonesia",earthquake,,5.5,0.129,20,reviewed,us,us
2014-01-25T07:59:23.390Z,-8.3852,109.2432,77.72,4.3,mb,,120,1.351,1.23,us,usc000mkb8,2014-03-27T18:15:40.000Z,"83 km S of Kroya, Indonesia",earthquake,,7.4,0.201,8,reviewed,us,us
2014-01-25T08:27:49.190Z,-8.3698,109.2395,72.09,4.1,mb,,120,1.349,0.98,us,usc000mkc4,2014-03-27T18:15:40.000Z,"81 km S of Kroya, Indonesia",earthquake,,8.2,0.15,13,reviewed,us,us
2014-01-25T08:39:49.380Z,-8.2559,109.2796,85.19,4.3,mb,,116,1.277,1.12,us,usc000mkbi,2014-03-27T18:15:40.000Z,"68 km S of Kroya, Indonesia",earthquake,,6.4,0.177,9,reviewed,us,us
2014-01-25T16:23:17.240Z,-8.2885,109.2685,85.05,4.2,mb,,135,1.297,1.27,us,usc000mkbr,2014-03-27T18:15:40.000Z,"72 km S of Kroya, Indonesia",earthquake,,7.4,0.141,14,reviewed,us,us
2014-01-25T16:58:01.840Z,-8.2339,109.2642,85.78,4.7,mb,,56,1.286,1.5,us,usb000m81w,2014-03-27T18:15:40.000Z,"66 km S of Kroya, Indonesia",earthquake,,6,0.102,32,reviewed,us,us
2014-01-27T16:14:00.800Z,-8.0452,109.2927,87.85,5,mb,,23,1.225,0.68,us,usb000m8w7,2025-12-22T16:46:42.987Z,"45 km S of Kroya, Indonesia",earthquake,,4.3,0.069,73,reviewed,us,us
2014-01-28T04:39:21.690Z,-8.0687,109.199,85.65,4,mb,,152,1.32,0.82,us,usc000mpv6,2014-03-27T18:15:45.000Z,"48 km S of Kroya, Indonesia",earthquake,,9.1,0.184,8,reviewed,us,us
2014-01-28T04:48:10.890Z,-7.9789,109.2011,95.1,4,mb,,143,1.311,0.39,us,usc000mpv7,2014-03-27T18:15:45.000Z,"38 km S of Kroya, Indonesia",earthquake,,8.5,0.184,8,reviewed,us,us
2014-01-30T03:34:40.460Z,-6.4235,106.3934,147.78,4.1,mb,,163,1.804,0.65,us,usc000mqjn,2014-04-08T01:43:16.000Z,"17 km ESE of Rangkasbitung, Indonesia",earthquake,,10.7,0.197,8,reviewed,us,us
2014-02-02T11:12:36.390Z,-8.0734,109.271,87.2,4.5,mb,,92,1.25,0.64,us,usc000mspe,2014-04-08T01:43:23.000Z,"48 km S of Kroya, Indonesia",earthquake,,3.7,0.116,25,reviewed,us,us
2014-02-02T11:17:36.410Z,-7.2645,111.7887,234.06,4.3,mb,,113,1.354,0.81,us,usc000mspp,2014-04-08T01:43:23.000Z,"16 km SW of Bojonegoro, Indonesia",earthquake,,7.5,0.169,12,reviewed,us,us
2014-02-08T17:21:39.420Z,-8.0586,109.2161,89.4,4.2,mb,,110,1.302,0.56,us,usc000mvjp,2014-04-22T18:30:09.000Z,"47 km S of Kroya, Indonesia",earthquake,,7.7,0.176,10,reviewed,us,us
2014-02-10T08:40:27.410Z,-8.2385,109.2661,84.79,4.3,mb,,115,1.286,1.32,us,usc000mxsw,2014-04-22T18:30:12.000Z,"66 km S of Kroya, Indonesia",earthquake,,8.4,0.238,5,reviewed,us,us
2014-02-11T06:46:18.680Z,-8.5831,112.5604,89,4.2,mb,,147,1.578,0.55,us,usc000mye3,2014-04-22T18:30:13.000Z,"45 km S of Gongdanglegi Kulon, Indonesia",earthquake,,8.6,0.305,5,reviewed,us,us
2014-02-12T13:10:16.910Z,-8.5072,109.1766,72.05,4.6,mb,,134,1.458,1.16,us,usc000mz3s,2014-04-30T21:18:17.000Z,"96 km S of Kroya, Indonesia",earthquake,,8.8,0.157,12,reviewed,us,us
2014-02-16T10:50:03.580Z,-7.7898,106.5359,67.47,4.6,mb,,60,1.289,0.97,us,usc000mrgt,2014-04-30T21:18:22.000Z,"88 km S of Pelabuhanratu, Indonesia",earthquake,,5.3,0.084,42,reviewed,us,us
2014-02-23T08:58:41.420Z,-8.2077,108.0644,64.07,4.1,mb,,82,0.693,0.52,us,usc000mwzb,2014-05-07T00:03:08.000Z,"92 km S of Kawalu, Indonesia",earthquake,,8.2,0.131,17,reviewed,us,us
2014-02-24T17:40:56.870Z,-6.9671,106.3227,93.32,4.2,mb,,176,1.29,0.46,us,usc000n4th,2014-05-07T00:03:09.000Z,"25 km W of Pelabuhanratu, Indonesia",earthquake,,7.3,0.199,7,reviewed,us,us
2014-02-26T02:36:56.370Z,-6.7146,108.2833,232.91,4.3,mb,,78,0.673,0.72,us,usc000myal,2014-05-13T21:36:41.000Z,"3 km NE of Jatiwangi, Indonesia",earthquake,,6.4,0.168,10,reviewed,us,us
2014-02-26T19:41:03.590Z,-7.5534,106.081,52.83,4.5,mb,,188,1.685,0.81,us,usc000n4z8,2014-05-13T21:36:42.000Z,"81 km SW of Pelabuhanratu, Indonesia",earthquake,,8.9,0.171,10,reviewed,us,us
2014-02-28T05:20:42.310Z,-7.0215,107.4071,168.99,4.1,mb,,158,0.284,1.43,us,usc000n8w4,2014-05-13T21:36:44.000Z,"12 km W of Soreang, Indonesia",earthquake,,4,0.175,9,reviewed,us,us
2014-03-10T13:15:00.370Z,-8.2962,109.1977,88.65,4.7,mb,,100,1.366,1.47,us,usc000nnst,2014-05-15T02:24:10.000Z,"73 km S of Kroya, Indonesia",earthquake,,9.7,0.552,3,reviewed,us,us
2014-03-13T19:17:24.210Z,-7.6415,112.2543,184.19,4.5,mb,,31,1.736,0.88,us,usc000nahz,2014-05-16T21:51:39.000Z,"4 km N of Ngoro, Indonesia",earthquake,,5.2,0.078,54,reviewed,us,us
2014-03-16T14:53:57.030Z,-8.614,111.0827,75.49,4.9,mb,,36,0.89,0.77,us,usc000ndh3,2014-05-16T21:51:43.000Z,"80 km S of Jatiroto, Indonesia",earthquake,,4.2,0.071,66,reviewed,us,us
2014-03-19T20:51:33.740Z,-8.4828,108.3156,87.06,4.9,mb,,29,1.045,0.86,us,usc000nhhm,2014-05-24T00:54:34.000Z,"122 km SSW of Sidareja, Indonesia",earthquake,,4.2,0.063,86,reviewed,us,us
2014-03-21T10:52:10.910Z,-8.3901,107.7523,43.39,4.2,mb,,85,0.831,1.48,us,usc000njnk,2014-05-24T00:54:36.000Z,"121 km SSW of Singaparna, Indonesia",earthquake,,6,0.095,34,reviewed,us,us
2014-03-22T11:24:21.110Z,-5.9815,112.4215,528.85,4.2,mb,,68,2.235,0.65,us,usc000nyuv,2014-05-24T00:54:40.000Z,"99 km N of Paciran, Indonesia",earthquake,,10.6,0.107,24,reviewed,us,us
2014-03-23T00:09:36.130Z,-7.8028,105.9853,21.85,4.4,mb,,84,1.83,1.21,us,usc000p0rt,2014-05-24T00:54:41.000Z,"109 km SW of Pelabuhanratu, Indonesia",earthquake,,5.3,0.117,23,reviewed,us,us
2014-03-26T18:16:01.260Z,-6.7521,105.1495,10.9,4.6,mb,,76,2.763,0.75,us,usc000nrjl,2014-05-29T23:32:05.000Z,"85 km WSW of Labuan, Indonesia",earthquake,,4.1,0.109,28,reviewed,us,us
2014-03-28T09:37:31.250Z,-5.9159,105.0046,91.94,4,mb,,93,2.559,0.83,us,usc000p5dr,2014-05-29T23:32:06.000Z,"60 km SSW of Bandar Lampung, Indonesia",earthquake,,8.6,0.163,11,reviewed,us,us
2014-04-02T11:21:56.460Z,-7.887,110.4434,10,4.2,mb,,80,0.082,0.85,us,usc000p0k1,2022-07-26T11:56:24.650Z,"Java, Indonesia",earthquake,,1.9,0.147,15,reviewed,us,us
2014-04-04T19:24:09.040Z,-7.0782,106.0233,54.23,4.3,mb,,71,1.599,1.01,us,usb000pp1f,2014-06-11T06:06:08.000Z,"59 km W of Pelabuhanratu, Indonesia",earthquake,,6.4,0.09,37,reviewed,us,us
2014-04-26T06:53:17.290Z,-8.4249,109.8387,77.2,4.2,mb,,63,0.847,0.97,us,usb000qqz4,2014-07-14T20:11:18.000Z,"70 km SW of Srandakan, Indonesia",earthquake,,5.2,0.215,7,reviewed,us,us
2014-04-29T02:36:06.350Z,-6.6942,106.5629,105.53,4.1,mb,,68,1.509,0.84,us,usb000qwbz,2014-07-14T20:11:22.000Z,"21 km SW of Ciampea, Indonesia",earthquake,,6.8,0.175,9,reviewed,us,us
2014-04-29T09:11:19.090Z,-6.1049,105.1973,48.9,4.3,mb,,134,2.505,0.43,us,usb000qwc3,2014-07-14T20:11:23.000Z,"75 km S of Bandar Lampung, Indonesia",earthquake,,10.4,0.177,11,reviewed,us,us
2014-04-29T13:04:47.110Z,-8.4215,109.1353,46.78,4.6,mb,,77,1.464,0.19,us,usb000qwc9,2014-07-14T20:11:23.000Z,"88 km S of Kroya, Indonesia",earthquake,,6.6,0.243,6,reviewed,us,us
2014-05-08T05:48:26.370Z,-8.4867,109.1224,74.39,4.4,mb,,76,1.499,1.02,us,usb000qdv3,2014-08-06T00:55:27.000Z,"95 km S of Kroya, Indonesia",earthquake,,7.2,0.12,20,reviewed,us,us
2014-05-08T22:33:32.750Z,-8.2411,109.2385,82.98,4,mb,,59,1.313,1.22,us,usb000r6gl,2014-08-06T00:55:27.000Z,"67 km S of Kroya, Indonesia",earthquake,,7.7,0.143,13,reviewed,us,us
2014-05-13T23:15:17.910Z,-7.0645,106.7519,86.72,4.2,mb,,69,0.889,1.06,us,usb000qlnv,2014-08-06T00:55:35.000Z,"23 km ESE of Pelabuhanratu, Indonesia",earthquake,,6.1,0.166,12,reviewed,us,us
2014-05-14T16:52:10.170Z,-7.2549,105.8254,54.72,4.7,mb,,70,1.826,1.07,us,usc000rad7,2014-08-09T02:53:42.000Z,"85 km WSW of Pelabuhanratu, Indonesia",earthquake,,8,0.147,16,reviewed,us,us
2014-05-25T02:42:37.830Z,-8.0158,106.5414,39.79,4.6,mb,,85,1.342,0.74,us,usb000r37j,2014-08-23T08:36:46.000Z,"113 km S of Pelabuhanratu, Indonesia",earthquake,,5.4,0.111,35,reviewed,us,us
2014-05-30T17:53:19.100Z,-7.2877,106.0089,53.65,4.9,mb,,49,1.658,0.91,us,usc000r97n,2014-08-26T01:21:05.000Z,"68 km WSW of Pelabuhanratu, Indonesia",earthquake,,4.5,0.069,66,reviewed,us,us
2014-06-04T10:59:38.880Z,-8.61,109.3076,35,4.9,mb,,61,1.388,1.18,us,usc000ratw,2022-07-26T16:27:26.144Z,"108 km S of Kroya, Indonesia",earthquake,,1.9,0.086,42,reviewed,us,us
2014-06-05T05:51:32.570Z,-6.6428,106.0956,147.59,4.4,mb,,119,1.519,1.26,us,usc000rmyq,2014-08-30T17:02:54.000Z,"35 km SSW of Rangkasbitung, Indonesia",earthquake,,7.9,0.155,12,reviewed,us,us
2014-06-15T04:46:19.600Z,-8.4745,113.0423,135.09,4.5,mb,,37,1.097,0.75,us,usc000rfq4,2014-09-12T15:47:34.000Z,"41 km WSW of Kencong, Indonesia",earthquake,,3.7,0.105,39,reviewed,us,us
2014-06-17T20:45:51.240Z,-8.2977,111.5922,133.24,4.2,mb,,98,1.125,1.48,us,usc000rmuw,2014-09-12T15:48:09.000Z,"27 km SSW of Trenggalek, Indonesia",earthquake,,6.5,0.146,15,reviewed,us,us
2014-06-18T18:32:38.590Z,-8.2498,107.53,44.93,4.2,mb,,90,0.745,1.39,us,usc000rp49,2014-09-19T17:23:52.000Z,"117 km S of Banjar, Indonesia",earthquake,,10.5,0.215,7,reviewed,us,us
2014-06-22T06:38:51.440Z,-7.7615,108.0537,72.02,5.1,mb,,28,0.312,0.85,us,usc000rjxl,2025-12-22T16:56:47.054Z,"45 km SSW of Kawalu, Indonesia",earthquake,,4.1,0.056,110,reviewed,us,us
2014-06-25T22:45:18.650Z,-8.5176,108.8517,67.02,4.2,mb,,78,1.402,1.29,us,usb000rvkh,2014-09-26T11:49:37.000Z,"107 km SSW of Kroya, Indonesia",earthquake,,8.1,0.167,13,reviewed,us,us
2014-06-27T10:45:29.730Z,-8.6846,111.1095,102.12,4.1,mb,,109,0.961,0.67,us,usb000rvlh,2014-09-26T11:49:40.000Z,"88 km S of Jatiroto, Indonesia",earthquake,,10.4,0.233,5,reviewed,us,us
2014-06-27T19:23:25.660Z,-7.8887,107.2726,63.7,4.4,mb,,97,0.631,1.29,us,usb000rvlw,2014-09-26T11:49:41.000Z,"78 km SSW of Banjar, Indonesia",earthquake,,7.5,0.17,10,reviewed,us,us
2014-06-28T09:15:50.500Z,-8.362,109.1974,71.12,4.2,mb,,64,1.386,1.18,us,usb000rvmw,2014-09-26T11:49:41.000Z,"80 km S of Kroya, Indonesia",earthquake,,6.7,0.136,17,reviewed,us,us
2014-07-02T12:04:40.620Z,-8.1921,107.8883,35,4.3,mb,,62,0.636,1.27,us,usc000rqee,2014-10-04T19:59:50.000Z,"96 km SSW of Singaparna, Indonesia",earthquake,,1.9,0.107,25,reviewed,us,us
2014-07-07T01:24:20.710Z,-8.4135,114.6423,124.77,4,mb,,127,0.488,0.8,us,usb000rv3w,2014-10-04T19:59:58.000Z,"6 km SSE of Negara, Indonesia",earthquake,,5.6,0.172,9,reviewed,us,us
2014-07-08T14:22:12.830Z,-7.5836,107.1609,63.24,4.5,mb,,133,0.649,1.25,us,usb000rv6i,2014-10-04T20:00:00.000Z,"52 km SW of Banjar, Indonesia",earthquake,,5.6,0.204,7,reviewed,us,us
2014-07-12T10:19:24.980Z,-8.5371,109.2792,57.68,4.3,mb,,62,1.378,0.59,us,usb000rsci,2014-10-10T08:02:14.000Z,"100 km S of Kroya, Indonesia",earthquake,,10.6,0.125,19,reviewed,us,us
2014-07-20T18:46:53.200Z,-6.1194,107.9321,278.15,4.2,mb,,85,0.767,0.93,us,usb000rz31,2014-10-17T21:12:12.000Z,"22 km NE of Pamanukan, Indonesia",earthquake,,6.7,0.121,20,reviewed,us,us
2014-07-26T05:57:54.460Z,-6.9946,111.4824,247.59,4.2,mb,,76,1.035,0.57,us,usb000s0rq,2014-10-25T01:49:37.000Z,"7 km ESE of Blora, Indonesia",earthquake,,6.5,0.141,16,reviewed,us,us
2014-07-28T05:55:15.160Z,-8.0972,106.3646,41.95,4.3,mb,,120,1.534,1.3,us,usb000s19e,2014-10-25T01:49:40.000Z,"124 km S of Pelabuhanratu, Indonesia",earthquake,,9.3,0.237,5,reviewed,us,us
2014-08-05T23:00:50.320Z,-8.0126,108.6172,133.47,4.1,mb,,167,0.915,1.02,us,usb000s31d,2014-10-29T19:53:02.000Z,"61 km SSW of Sidareja, Indonesia",earthquake,,9.8,0.522,3,reviewed,us,us
2014-08-10T13:12:30.360Z,-8.3715,108.8435,98.32,4.4,mb,,68,1.301,1.27,us,usb000s4zy,2014-11-07T21:47:37.000Z,"92 km SSW of Kroya, Indonesia",earthquake,,3.6,0.126,24,reviewed,us,us
2014-08-11T08:42:58.490Z,-8.0214,109.3231,105.63,4.3,mb,,62,1.193,1.08,us,usb000s5b6,2014-11-07T21:47:39.000Z,"43 km S of Kroya, Indonesia",earthquake,,6.1,0.116,25,reviewed,us,us
2014-08-18T19:47:46.390Z,-6.2406,107.915,296.7,4,mb,,83,1.31,0.99,us,usc000s81q,2014-11-15T04:07:15.000Z,"12 km ENE of Pamanukan, Indonesia",earthquake,,8.7,0.125,18,reviewed,us,us
2014-08-30T09:31:25.410Z,-7.8792,108.6218,114.84,4.2,mb,,67,0.861,0.96,us,usb000sb2w,2014-11-29T00:09:21.000Z,"47 km SSW of Sidareja, Indonesia",earthquake,5.4,6.5,0.121,22,reviewed,us,us
2014-09-01T03:11:07.890Z,-5.7503,111.1475,512.8,4.1,mb,,83,2.235,0.32,us,usb000sbp0,2014-11-29T00:09:23.000Z,"87 km N of Tayu, Indonesia",earthquake,12.5,9.1,0.127,19,reviewed,us,us
2014-09-04T13:15:35.240Z,-8.7172,108.7063,60.52,4,mb,,83,1.452,1.12,us,usb000sck3,2014-12-05T23:36:31.040Z,"133 km SSW of Kroya, Indonesia",earthquake,7.4,9.6,0.156,11,reviewed,us,us
2014-09-06T00:37:00.910Z,-6.2746,105.3513,9.05,5,mb,,34,2.313,1,us,usb000s9tn,2014-12-05T23:36:34.040Z,"54 km WNW of Labuan, Indonesia",earthquake,6.1,3.9,0.069,69,reviewed,us,us
2014-09-07T08:59:37.130Z,-8.1192,106.4871,36.24,4.3,mb,,117,1.43,1.38,us,usb000sdhr,2014-12-05T23:36:37.040Z,"125 km S of Pelabuhanratu, Indonesia",earthquake,6.3,7.6,0.147,14,reviewed,us,us
2014-09-12T10:59:09.740Z,-6.1423,106.0528,119.16,4,mb,,167,1.692,0.91,us,usb000sf6j,2014-12-08T23:30:58.040Z,"11 km WSW of Serang, Indonesia",earthquake,11.9,7.2,0.196,8,reviewed,us,us
2014-09-13T05:12:58.940Z,-6.9314,106.295,41.4,4.2,mb,,176,1.314,0.87,us,usb000sfhh,2014-12-08T23:30:58.040Z,"29 km WNW of Pelabuhanratu, Indonesia",earthquake,5.6,12.3,0.215,8,reviewed,us,us
2014-09-24T09:30:10.010Z,-7.1477,106.8674,78.79,4.4,mb,,62,0.808,1.01,us,usb000sfiw,2014-12-20T00:53:55.040Z,"26 km SSW of Sukabumi, Indonesia",earthquake,6,4.6,0.12,24,reviewed,us,us
2014-10-06T19:29:05.600Z,-8.5845,110.5484,70.72,4.1,mb,,157,0.668,0.56,us,usb000snd3,2014-12-23T01:42:05.040Z,"73 km SSE of Pundong, Indonesia",earthquake,9.4,4.9,0.174,10,reviewed,us,us
2014-10-08T05:46:44.980Z,-7.3775,107.4323,10,4.2,mb,,169,0.419,0.64,us,usb000sngz,2015-01-06T23:49:46.040Z,"20 km S of Banjar, Indonesia",earthquake,7.5,2,0.199,8,reviewed,us,us
2014-10-14T00:50:23.030Z,-8.585,111.3377,124.14,4.4,mb,,110,1.047,1.39,us,usb000sr47,2015-01-06T23:49:56.040Z,"69 km SW of Trenggalek, Indonesia",earthquake,8.8,9.1,0.162,12,reviewed,us,us
2014-10-16T12:22:22.130Z,-7.4744,115.4361,306.96,4.4,mb,,27,1.611,0.9,us,usb000smu1,2015-01-15T20:03:27.040Z,"80 km NNE of Singaraja, Indonesia",earthquake,8,3.9,0.11,27,reviewed,us,us
2014-10-17T09:26:00.240Z,-6.4963,107.1731,151.61,5.2,mb,,19,0.545,1.04,us,usb000snbi,2025-12-22T17:00:24.786Z,"26 km S of Cikarang, Indonesia",earthquake,6.5,4,0.053,120,reviewed,us,us
2014-10-22T04:14:42.610Z,-6.9463,105.3084,42.67,4.6,mb,,70,2.559,0.71,us,usb000spnw,2022-07-27T05:34:01.249Z,"85 km SW of Labuan, Indonesia",earthquake,6.1,6.5,0.089,41,reviewed,us,us
2014-11-01T07:21:16.800Z,-6.1429,105.229,77.66,4.4,mb,,176,2.464,0.87,us,usc000swyr,2015-01-20T09:03:08.040Z,"71 km WNW of Labuan, Indonesia",earthquake,10.1,7.7,0.203,11,reviewed,us,us
2014-11-01T21:51:01.110Z,-5.8922,105.4869,69.14,4.3,mb,,169,2.307,0.71,us,usc000swzc,2015-01-20T09:03:09.040Z,"56 km SSE of Bandar Lampung, Indonesia",earthquake,9.7,9.4,0.129,21,reviewed,us,us
2014-11-03T08:56:30.790Z,-7.4091,105.9668,25.05,5,mb,,52,1.735,0.74,us,usc000stmf,2015-01-20T09:03:14.040Z,"Java, Indonesia",earthquake,5.2,0.6,0.082,51,reviewed,us,us
2014-11-04T09:18:59.950Z,-8.226,106.6645,42.7,4,mb,,112,1.32,0.79,us,usc000sy3j,2015-01-20T09:03:16.040Z,"137 km S of Pelabuhanratu, Indonesia",earthquake,6.8,6.6,0.197,8,reviewed,us,us
2014-11-06T02:12:50.390Z,-8.3936,108.1532,57.74,4.6,mb,,35,0.897,0.52,us,usc000suve,2015-01-31T02:50:03.040Z,"112 km S of Kawalu, Indonesia",earthquake,5.4,5.2,0.09,40,reviewed,us,us
2014-11-08T14:56:52.390Z,-7.1838,105.9866,64.79,4.6,mb,,61,1.655,1.22,us,usc000svpa,2015-01-31T02:50:11.040Z,"66 km WSW of Pelabuhanratu, Indonesia",earthquake,6.4,3.4,0.114,26,reviewed,us,us
2014-11-10T04:59:31.150Z,-8.1933,107.312,58.49,4.6,mb,,48,0.806,1.04,us,usc000svyj,2015-01-31T02:50:15.040Z,"111 km S of Banjar, Indonesia",earthquake,5.9,1,0.111,26,reviewed,us,us
2014-11-28T21:06:01.390Z,-7.3152,107.5222,1.41,4.1,mb,,197,0.376,0.67,us,usc000t5zm,2015-02-24T00:35:10.040Z,"16 km SE of Banjar, Indonesia",earthquake,9.7,5.9,0.198,8,reviewed,us,us
2014-12-01T01:50:23.380Z,-7.8798,106.4275,52.1,4.3,mb,,119,1.412,1.5,us,usc000t6y2,2015-02-24T00:35:14.040Z,"99 km S of Pelabuhanratu, Indonesia",earthquake,4.9,9.2,0.178,10,reviewed,us,us
2014-12-03T08:25:36.120Z,-7.5632,105.8177,10,4.8,mb,,55,1.928,1.27,us,usb000t2e9,2015-02-28T02:16:05.040Z,"103 km SW of Pelabuhanratu, Indonesia",earthquake,4.7,1.9,0.139,21,reviewed,us,us
2014-12-08T14:56:04.550Z,-8.0336,107.2334,54.39,4.3,mb,,99,0.746,0.72,us,usc000t9eu,2015-02-28T02:16:14.040Z,"95 km SSW of Banjar, Indonesia",earthquake,6.5,7.3,0.113,24,reviewed,us,us
2014-12-15T09:20:43.930Z,-7.5261,105.7543,10,4.3,mb,,136,2.043,0.77,us,usc000tcky,2015-03-04T21:55:04.040Z,"106 km SW of Pelabuhanratu, Indonesia",earthquake,6.6,1.7,0.177,9,reviewed,us,us
2014-12-26T14:08:38.210Z,-7.2683,106.8666,78.11,4.3,mb,,112,0.983,0.96,us,usc000ta2b,2015-03-17T02:37:17.040Z,"39 km S of Sukabumi, Indonesia",earthquake,4.6,8,0.147,13,reviewed,us,us
2015-01-09T19:01:16.210Z,-7.5146,106.6987,49.87,4.7,mb,,115,1.107,1.16,us,usc000thsh,2015-04-10T18:56:35.040Z,"60 km SSE of Pelabuhanratu, Indonesia",earthquake,7.5,8.6,0.184,10,reviewed,us,us
2015-01-16T20:43:40.020Z,-7.4024,106.2154,49.91,4.4,mb,,114,1.502,1.23,us,usc000tgkm,2015-04-20T15:34:53.040Z,"59 km SW of Pelabuhanratu, Indonesia",earthquake,6.3,8.4,0.117,24,reviewed,us,us
2015-01-17T08:24:06.260Z,-6.5138,105.3183,79.88,4.3,mb,,187,2.301,0.67,us,usb000timi,2015-04-20T15:34:56.040Z,"58 km WSW of Labuan, Indonesia",earthquake,10.7,13.4,0.266,5,reviewed,us,us
2015-01-18T02:53:33.830Z,-7.855,109.0176,107.5,4.1,mb,,151,1.228,0.43,us,usb000tiyh,2015-04-20T16:05:33.040Z,"35 km SW of Kroya, Indonesia",earthquake,11.1,9.5,0.301,5,reviewed,us,us
2015-01-27T03:58:41.780Z,-8.0368,114.1688,199.98,4.3,mb,,71,0.43,0.67,us,usb000tiir,2015-04-24T16:54:36.040Z,"26 km W of Wongsorejo, Indonesia",earthquake,11.1,7,0.143,15,reviewed,us,us
2015-01-28T16:21:20.610Z,-7.6141,106.8824,59.1,4.4,mb,,53,0.926,1.28,us,usc000tk9j,2015-04-24T16:55:47.040Z,"76 km SW of Banjar, Indonesia",earthquake,6.6,6.5,0.117,22,reviewed,us,us
2015-02-02T13:41:10.560Z,-5.9993,105.837,86.63,4.1,mb,,208,1.946,0.14,us,usc000tnpy,2015-05-02T14:07:30.040Z,"37 km WNW of Serang, Indonesia",earthquake,19.3,12.9,0.235,6,reviewed,us,us
2015-02-02T21:29:40.420Z,-6.1192,105.3624,43.17,5.2,mb,,29,2.344,1.27,us,usc000tl32,2015-05-02T14:07:30.040Z,"59 km WNW of Labuan, Indonesia",earthquake,6.4,4.3,0.059,100,reviewed,us,us
2015-02-04T12:56:51.090Z,-6.1365,112.9857,585.72,4.6,mb,,25,2.591,0.61,us,usc000tlh7,2015-05-02T14:05:54.040Z,"104 km NNE of Bangkalan, Indonesia",earthquake,10.4,6,0.068,68,reviewed,us,us
2015-02-20T01:09:13.060Z,-5.8991,105.6296,151.64,4.1,mb,,179,2.175,0.78,us,usc000tssh,2015-05-12T20:29:33.040Z,"57 km NNW of Labuan, Indonesia",earthquake,14.3,8.5,0.214,6,reviewed,us,us
2015-02-21T10:37:00.800Z,-8.1852,106.7699,36.67,4.7,mb,,94,1.209,0.78,us,usc000ts4a,2015-05-12T20:29:37.040Z,"131 km SSW of Banjar, Indonesia",earthquake,6.2,6.8,0.096,35,reviewed,us,us
2015-02-28T15:19:42.720Z,-7.4842,113.1129,44.06,4.1,mb,,124,1.42,0.71,us,usc000tv7m,2015-05-19T00:29:14.040Z,"28 km NE of Pasuruan, Indonesia",earthquake,8.8,11.6,0.174,9,reviewed,us,us
2015-03-06T18:13:45.590Z,-7.133,105.2771,49.11,4.5,mb,,126,2.552,1.22,us,usc000tvms,2015-05-28T00:48:35.040Z,"103 km SW of Labuan, Indonesia",earthquake,7.4,7.3,0.102,28,reviewed,us,us
2015-03-07T21:49:44.570Z,-5.8083,110.8868,551.79,4.5,mb,,24,1.31,0.58,us,usc000twfu,2015-05-28T00:48:37.040Z,"77 km NNE of Batang, Indonesia",earthquake,10.1,6.1,0.07,62,reviewed,us,us
2015-03-10T00:49:14.840Z,-8.5132,109.1278,118.71,4.2,mb,,79,1.504,0.82,us,us10001m3e,2015-05-28T00:48:40.040Z,"98 km S of Kroya, Indonesia",earthquake,6.6,4.6,0.526,2,reviewed,us,us
2015-03-10T00:59:11.710Z,-6.1453,107.8862,284.75,4,mb,,86,1.402,0.66,us,us10001m3g,2015-05-28T00:48:40.040Z,"17 km NNE of Pamanukan, Indonesia",earthquake,5.3,8.6,0.138,15,reviewed,us,us
2015-03-10T23:31:22.470Z,-8.5156,112.5641,122.82,4.3,mb,,80,1.571,1.24,us,us10001lgg,2015-05-28T00:48:41.040Z,"38 km SSW of Gongdanglegi Kulon, Indonesia",earthquake,7.5,7,0.114,23,reviewed,us,us
2015-03-12T15:16:48.930Z,-6.8412,106.1219,140.25,4.2,mb,,121,1.482,1.36,us,us10001n1k,2015-06-04T00:46:17.040Z,"50 km WNW of Pelabuhanratu, Indonesia",earthquake,5,9,0.152,12,reviewed,us,us
2015-03-22T18:05:12.680Z,-6.9858,109.056,10,4.7,mb,,69,1.354,1.25,us,us10001pkx,2022-07-28T03:41:27.816Z,"8 km NW of Balapulang, Indonesia",earthquake,5.6,1.8,0.104,28,reviewed,us,us
2015-03-26T11:04:35.850Z,-8.2116,114.6149,31.73,4.3,mb,,55,0.525,0.93,us,us10001sd8,2015-06-12T01:53:22.040Z,"16 km N of Negara, Indonesia",earthquake,6.4,7.4,0.137,15,reviewed,us,us
2015-03-27T17:41:56.670Z,-7.9169,106.7957,59.58,4.4,mb,,101,1.356,1.34,us,us10001ssn,2015-06-12T01:53:25.040Z,"106 km SW of Banjar, Indonesia",earthquake,7,4.5,0.11,24,reviewed,us,us
2015-03-28T07:33:04.220Z,-6.819,105.1701,66.15,4.2,mb,,60,2.427,1.04,us,us10001t58,2015-06-12T01:53:25.040Z,"87 km WSW of Labuan, Indonesia",earthquake,4.1,6.6,0.141,14,reviewed,us,us
2015-04-09T18:20:28.500Z,-6.7085,105.3343,35,4.9,mb,,80,9.996,0.71,us,us200025e5,2022-07-28T07:11:42.376Z,"65 km WSW of Labuan, Indonesia",earthquake,9.1,1.9,0.072,60,reviewed,us,us
2015-04-11T07:21:50.580Z,-7.229,105.1288,50.47,4.2,mb,,71,2.499,0.82,us,us200027b2,2015-06-22T23:18:56.040Z,"121 km SW of Labuan, Indonesia",earthquake,7.7,8.4,0.176,9,reviewed,us,us
2015-04-22T05:33:47.190Z,-6.3677,105.1509,72.31,4.3,mb,,181,2.488,0.99,us,us20002a3b,2015-06-26T23:16:01.040Z,"75 km W of Labuan, Indonesia",earthquake,8.3,10.9,0.201,7,reviewed,us,us
2015-05-04T12:02:14.470Z,-7.8103,106.7745,46.93,4.2,mb,,112,2.875,0.47,us,us20002eld,2015-07-09T22:00:10.040Z,"94 km SSE of Pelabuhanratu, Indonesia",earthquake,10,7.9,0.141,16,reviewed,us,us
2015-05-13T08:00:56.890Z,-7.8653,110.4083,136.94,4.3,mb,,92,2.958,0.78,us,us10002bhz,2015-07-17T07:06:14.040Z,"5 km ENE of Sewon, Indonesia",earthquake,11.6,4,0.137,17,reviewed,us,us
2015-06-01T23:12:17.560Z,-6.9483,110.3946,235.19,4.1,mb,,127,0.11,0.78,us,us20002pbd,2015-08-08T00:49:52.040Z,"5 km NNW of Semarang, Indonesia",earthquake,11.2,6.2,0.151,12,reviewed,us,us
2015-06-11T10:35:14.610Z,-5.8282,105.6864,59.78,4.5,mb,,68,2.156,1.34,us,us10002l66,2015-08-20T00:43:53.040Z,"60 km WNW of Serang, Indonesia",earthquake,8.3,6,0.116,22,reviewed,us,us
2015-06-22T16:37:50.050Z,-7.0118,105.3171,44.42,4.9,mb,,171,2.536,0.79,us,us10002kwp,2022-07-31T14:29:23.273Z,"90 km SW of Labuan, Indonesia",earthquake,12,8,0.072,60,reviewed,us,us
2015-06-24T20:22:29.340Z,-8.0816,108.1213,72.75,4.4,mb,,84,0.604,0.77,us,us10002lfk,2015-09-01T00:53:56.040Z,"77 km S of Kawalu, Indonesia",earthquake,5.9,5,0.099,29,reviewed,us,us
2015-06-25T03:35:28.110Z,-7.4715,111.7695,9.77,4.3,mb,,130,1.31,0.75,us,us10002m8b,2015-09-02T22:37:17.040Z,"20 km NW of Nganjuk, Indonesia",earthquake,5.7,5.8,0.188,8,reviewed,us,us
2015-07-04T05:38:42.360Z,-8.1573,107.2792,31.36,4.2,mb,,96,0.799,0.66,us,us20002z6v,2015-09-30T00:20:55.040Z,"107 km S of Banjar, Indonesia",earthquake,4.7,2.8,0.147,13,reviewed,us,us
2015-07-05T07:34:44.170Z,-8.2434,113.9908,165.81,4.4,mb,,44,0.276,0.96,us,us10002nhz,2015-09-30T00:20:56.040Z,"22 km NW of Genteng, Indonesia",earthquake,7.6,4.4,0.138,15,reviewed,us,us
2015-07-09T19:41:49.970Z,-8.0402,105.8747,27.55,4.5,mb,,114,1.982,0.91,us,us200031ad,2015-10-09T20:19:10.040Z,"138 km SSW of Pelabuhanratu, Indonesia",earthquake,9,6,0.128,18,reviewed,us,us
2015-07-09T19:47:48.750Z,-8.5802,112.5217,82.37,4,mb,,147,1.616,0.78,us,us200031ae,2015-10-09T20:19:10.040Z,"46 km SSW of Gongdanglegi Kulon, Indonesia",earthquake,7.6,11.5,0.157,11,reviewed,us,us
2015-07-24T21:44:38.920Z,-8.2477,108.9163,48,5.5,mwb,,17,1.625,1.33,us,us20002zzg,2022-07-31T20:30:34.274Z,"77 km SSW of Kroya, Indonesia",earthquake,5.6,1.2,0.06,27,reviewed,us,us
2015-08-01T18:55:55.540Z,-8.6197,110.8896,70.09,4.3,mb,,72,0.79,1.15,us,us10002xcx,2015-10-30T02:47:42.040Z,"85 km SSW of Jatiroto, Indonesia",earthquake,6.6,6,0.101,30,reviewed,us,us
2015-08-05T03:55:19.360Z,-8.0444,107.0806,51.86,4.5,mb,,104,0.875,0.63,us,us100033zy,2015-10-30T02:47:49.040Z,"101 km SSW of Banjar, Indonesia",earthquake,6.8,4.8,0.151,13,reviewed,us,us
2015-08-05T15:41:52.910Z,-5.9945,105.4445,56.5,4.8,mb,,36,2.308,1.21,us,us10002y4i,2015-10-30T02:47:50.040Z,"60 km NW of Labuan, Indonesia",earthquake,8.2,6.6,0.072,59,reviewed,us,us
2015-08-07T17:26:10.390Z,-8.325,108.7546,54.73,4.3,mb,,75,1.798,1.43,us,us100034q0,2015-11-06T18:06:29.040Z,"93 km S of Sidareja, Indonesia",earthquake,7.4,6.7,0.096,35,reviewed,us,us
2015-08-18T08:28:45.820Z,-8.7485,109.8797,69.7,4.1,mb,,81,1.046,0.46,us,us20003frl,2015-11-17T00:13:35.040Z,"98 km SSW of Srandakan, Indonesia",earthquake,7.2,7.2,0.165,10,reviewed,us,us
2015-08-20T20:04:44.860Z,-8.0443,107.8685,53.32,4.2,mb,,82,0.488,0.88,us,us20003gej,2015-11-24T02:09:25.040Z,"81 km SSW of Singaparna, Indonesia",earthquake,7.3,6.8,0.124,18,reviewed,us,us
2015-08-21T19:07:12.970Z,-8.3639,111.9505,120.62,4.2,mb,,100,1.482,1.08,us,us1000342j,2015-11-24T02:09:27.040Z,"27 km SSE of Boyolangu, Indonesia",earthquake,5.3,9,0.136,15,reviewed,us,us
2015-08-23T18:40:13.910Z,-8.1371,107.2032,41.24,4.5,mb,,101,0.837,0.64,us,us20003h9g,2015-11-24T02:09:30.040Z,"107 km SSW of Banjar, Indonesia",earthquake,7.1,8.6,0.125,19,reviewed,us,us
2015-09-02T09:56:07.740Z,-7.6291,106.2438,25.33,4.8,mb,,109,1.559,1.06,us,us20003fnk,2015-12-01T00:36:10.040Z,"78 km SSW of Pelabuhanratu, Indonesia",earthquake,5.9,5.4,0.088,40,reviewed,us,us
2015-09-04T20:08:31.580Z,-8.043,107.2248,37,5.4,mww,,50,0.759,1.63,us,us20003ghh,2025-12-22T17:09:17.326Z,"96 km SSW of Banjar, Indonesia",earthquake,5.6,1.8,,,reviewed,us,us
2015-09-08T01:06:27.300Z,-8.4151,112.8838,31.02,4,mb,,153,1.255,0.67,us,us20003ldl,2015-12-05T01:40:35.040Z,"26 km SSE of Dampit, Indonesia",earthquake,5.7,8.9,0.195,7,reviewed,us,us
2015-09-09T04:22:37.560Z,-8.0826,107.2662,40.52,4.5,mb,,104,0.755,0.59,us,us20003hi1,2015-12-05T01:40:38.040Z,"99 km S of Banjar, Indonesia",earthquake,7.7,3.6,0.135,16,reviewed,us,us
2015-09-10T16:19:23.630Z,-8.6226,112.4874,66.21,4.8,mb,,35,1.653,1.16,us,us20003hss,2022-08-01T04:19:50.172Z,"51 km S of Sumberpucung, Indonesia",earthquake,7.4,5.1,0.065,74,reviewed,us,us
2015-09-25T13:28:53.300Z,-7.9909,110.4263,10.61,4.4,mb,,62,0.123,1.03,us,us20003pjn,2022-08-01T08:11:48.325Z,"9 km ESE of Pundong, Indonesia",earthquake,4.9,4.6,0.13,17,reviewed,us,us
2015-09-28T14:10:08.230Z,-8.348,107.2407,35,4.4,mb,,102,0.971,0.94,us,us20003pnn,2015-12-28T23:08:47.040Z,"129 km S of Banjar, Indonesia",earthquake,4.1,2,0.106,26,reviewed,us,us
2015-10-06T01:43:43.640Z,-7.2911,106.2764,47.37,4.1,mb,,108,1.406,0.5,us,us10003ntc,2016-01-04T22:29:17.040Z,"45 km SW of Pelabuhanratu, Indonesia",earthquake,7.4,7.8,0.198,7,reviewed,us,us
2015-10-09T06:31:02.750Z,-8.3921,114.9334,10,4.2,mb,,65,0.776,0.69,us,us10003p53,2016-01-11T21:07:16.040Z,"21 km SW of Munduk, Indonesia",earthquake,3.8,1.9,0.147,13,reviewed,us,us
2015-10-10T09:04:01.020Z,-8.0486,107.4009,35,5.2,mb,,35,2.969,1.13,us,us10003mnt,2025-12-22T17:35:04.439Z,"94 km S of Banjar, Indonesia",earthquake,7.4,1.9,0.057,100,reviewed,us,us
2015-10-14T22:52:30.320Z,-6.0739,105.3913,43.97,4.6,mb,,107,2.331,0.82,us,us10003nrb,2016-01-11T21:07:27.040Z,"59 km NW of Labuan, Indonesia",earthquake,8.6,7,0.095,33,reviewed,us,us
2015-10-22T18:10:23.680Z,-6.4464,110.7124,53.75,4.4,mb,,99,0.656,1.09,us,us10003qsf,2016-01-22T23:41:10.040Z,"4 km N of Batang, Indonesia",earthquake,7.1,5.1,0.109,24,reviewed,us,us
2015-10-28T05:15:09.240Z,-8.4165,109.3926,75.82,4,mb,,59,1.226,1.41,us,us200040t0,2016-01-22T23:41:21.040Z,"88 km S of Kroya, Indonesia",earthquake,5.1,9.3,0.173,11,reviewed,us,us
2015-10-29T10:20:29.010Z,-8.5638,109.776,74.91,4.7,mb,,48,0.982,1.35,us,us200040e3,2022-08-01T14:34:24.704Z,"86 km SW of Srandakan, Indonesia",earthquake,4.6,5.1,0.087,40,reviewed,us,us
2015-10-30T10:12:38.860Z,-8.4379,107.4207,16.44,4.6,mb,,91,0.959,0.64,us,us200041ka,2016-01-30T02:10:56.040Z,"137 km S of Banjar, Indonesia",earthquake,4.3,4.6,0.105,27,reviewed,us,us
2015-10-31T18:46:16.370Z,-7.4469,106.841,46.5,4.5,mb,,107,0.972,1.27,us,us200041mj,2016-01-30T02:10:59.040Z,"59 km S of Sukabumi, Indonesia",earthquake,5.5,5.5,0.131,17,reviewed,us,us
2015-11-03T21:43:41.730Z,-7.9517,107.0844,53.17,4.7,mb,,96,0.824,0.95,us,us200041s2,2016-01-30T02:11:05.040Z,"91 km SSW of Banjar, Indonesia",earthquake,6.3,5.8,0.071,60,reviewed,us,us
2015-11-04T06:14:32.820Z,-6.7492,105.0488,10,5.1,mb,,41,2.548,1.37,us,us200041us,2022-08-01T15:49:04.166Z,"95 km WSW of Labuan, Indonesia",earthquake,6.3,1.7,0.079,52,reviewed,us,us
2015-11-07T05:56:38.580Z,-6.093,105.2293,39.93,4.9,mb,,65,2.478,1.18,us,us10003vg1,2016-02-05T03:16:33.040Z,"73 km S of Bandar Lampung, Indonesia",earthquake,8.2,6.2,0.088,41,reviewed,us,us
2015-11-12T12:07:22.940Z,-6.4825,106.8627,126.02,4.7,mb,,31,0.819,0.85,us,us10003xsb,2016-02-13T02:08:17.040Z,"0 km E of Cibinong, Indonesia",earthquake,8,5.1,0.072,58,reviewed,us,us
2015-11-12T14:01:40.730Z,-5.827,109.1681,29.75,4.5,mb,,104,1.753,0.78,us,us10003xsn,2016-02-13T02:08:17.040Z,"105 km NE of Karangampel, Indonesia",earthquake,9.1,5.7,0.116,22,reviewed,us,us
2015-11-20T19:48:44.130Z,-7.4127,105.2713,10.33,4.8,mb,,76,2.397,0.89,us,us10003zx0,2016-02-18T04:48:46.040Z,"129 km SSW of Labuan, Indonesia",earthquake,6.7,4.5,0.083,45,reviewed,us,us
2015-11-20T20:03:05.190Z,-7.4351,105.3205,28.57,4.8,mb,,134,2.356,1.27,us,us10003zxj,2016-02-18T04:48:46.040Z,"129 km SSW of Labuan, Indonesia",earthquake,6.3,5.9,0.103,29,reviewed,us,us
2015-11-24T20:23:11.960Z,-6.5857,105.1308,65.41,4.5,mb,,184,2.478,0.65,us,us100041pu,2016-02-18T04:48:52.040Z,"80 km WSW of Labuan, Indonesia",earthquake,8.1,5.4,0.145,15,reviewed,us,us
2015-11-28T14:47:18.970Z,-7.0548,105.9999,51.34,5.4,mww,,47,3.421,1.42,us,us100041wc,2025-12-22T17:11:18.131Z,"61 km W of Pelabuhanratu, Indonesia",earthquake,6.1,4.2,,,reviewed,us,us
2015-12-08T17:36:31.230Z,-8.2904,115.2539,6.91,4.1,mb,,69,1.104,1.02,us,us20004gf9,2016-03-02T03:36:39.040Z,"19 km E of Munduk, Indonesia",earthquake,6.3,6.3,0.151,12,reviewed,us,us
2015-12-13T22:21:19.390Z,-7.0177,105.1436,40.59,4.6,mb,,75,3.477,0.98,us,us100047wn,2016-03-05T01:42:05.040Z,"103 km SW of Labuan, Indonesia",earthquake,8,9.1,0.128,18,reviewed,us,us
2015-12-16T10:23:43.380Z,-8.1025,106.9697,34.95,4.6,mb,,48,2.697,0.93,us,us20004hj3,2016-03-05T01:42:09.040Z,"112 km SSW of Banjar, Indonesia",earthquake,5.9,6.1,0.092,35,reviewed,us,us
2015-12-19T15:03:36.010Z,-8.3684,107.0225,27,5.7,mww,,87,2.496,1.4,us,us100048d4,2022-08-02T00:08:58.346Z,"137 km SSW of Banjar, Indonesia",earthquake,6.7,1.8,,,reviewed,us,us
2016-01-06T13:09:07.080Z,-7.2792,106.4753,85.72,4.5,mb,,82,1.217,1.3,us,us10004bui,2016-03-28T22:09:40.040Z,"33 km SSW of Pelabuhanratu, Indonesia",earthquake,7.6,6.3,0.116,22,reviewed,us,us
2016-01-15T09:05:46.660Z,-7.2528,106.6767,98.31,4.2,mb,,110,1.023,1.29,us,us10004eu3,2016-04-06T17:30:20.040Z,"32 km SSE of Pelabuhanratu, Indonesia",earthquake,7.4,7.8,0.176,9,reviewed,us,us
2016-01-20T17:25:43.060Z,-8.3714,107.9491,35,4.6,mb,,87,2.588,0.95,us,us20004uqx,2016-04-06T17:30:28.040Z,"113 km SSW of Kawalu, Indonesia",earthquake,4.6,2,0.119,21,reviewed,us,us
2016-01-25T12:54:10.050Z,-6.6502,108.1745,241.11,4.2,mb,,102,2.284,1.07,us,us20004vjz,2016-04-08T23:06:14.040Z,"13 km NW of Jatiwangi, Indonesia",earthquake,6.1,8.3,0.11,23,reviewed,us,us
2016-01-30T14:43:21.570Z,-8.0791,105.868,37.24,4.3,mb,,133,2.395,0.62,us,us20004ww6,2016-04-14T22:51:35.040Z,"142 km SSW of Pelabuhanratu, Indonesia",earthquake,9.3,9.5,0.201,7,reviewed,us,us
2016-02-13T15:23:17.940Z,-7.2832,108.4841,123.05,4.3,mb,,118,1.955,0.51,us,us200050ve,2016-04-26T23:28:19.040Z,"15 km ENE of Ciamis, Indonesia",earthquake,7.3,8.9,0.138,15,reviewed,us,us
2016-02-15T01:22:38.140Z,-7.5997,105.8007,10,4.3,mb,,129,2.866,1.17,us,us10004qta,2016-04-26T23:28:22.040Z,"107 km SW of Pelabuhanratu, Indonesia",earthquake,6.7,1.8,0.168,10,reviewed,us,us
2016-02-16T08:58:35.530Z,-6.4606,114.5464,573.65,4.2,mb,,76,2.034,0.65,us,us10004r1a,2016-04-26T23:28:23.040Z,"93 km NE of Kalianget, Indonesia",earthquake,11.7,8.9,0.125,18,reviewed,us,us
2016-02-16T13:47:14.630Z,-7.6087,106.7131,62.27,4.1,mb,,114,1.186,0.59,us,us10004r1g,2016-04-26T23:28:23.040Z,"70 km SSE of Pelabuhanratu, Indonesia",earthquake,7.8,10.2,0.185,8,reviewed,us,us
2016-02-16T15:05:48.600Z,-7.3184,106.9569,128.01,4.8,mb,,68,0.817,1.1,us,us200050kh,2016-11-10T22:12:39.116Z,"44 km S of Sukabumi, Indonesia",earthquake,6.5,4.8,0.066,72,reviewed,us,us
2016-02-18T23:10:17.080Z,-8.0756,113.8356,194.47,4.1,mb,,73,0.501,1.23,us,us10004rrj,2016-04-26T23:28:27.040Z,"18 km S of Bondowoso, Indonesia",earthquake,9,6.7,0.117,20,reviewed,us,us
2016-02-21T23:05:47.430Z,-7.1722,105.15,64.88,4.2,mb,,153,3.324,0.44,us,us10004sdp,2016-05-03T23:44:16.040Z,"115 km SW of Labuan, Indonesia",earthquake,11.5,10.1,0.125,18,reviewed,us,us
2016-02-23T23:53:31.310Z,-7.1841,107.5574,12.93,4.3,mb,,102,0.362,0.8,us,us10004sxh,2016-05-03T23:44:19.040Z,"13 km E of Banjar, Indonesia",earthquake,5.3,6.2,0.168,10,reviewed,us,us
2016-02-25T23:35:19.300Z,-8.7463,111.5091,57.44,5.1,mb,,40,1.28,1.36,us,us10004srp,2016-11-10T22:13:53.203Z,"77 km SSW of Trenggalek, Indonesia",earthquake,6.3,4.6,0.052,119,reviewed,us,us
2016-02-26T21:12:01.890Z,-8.0159,108.8105,53.14,4.2,mb,,69,1.676,0.88,us,us10004u1r,2016-05-06T23:34:14.040Z,"58 km S of Sidareja, Indonesia",earthquake,5.9,6.7,0.127,17,reviewed,us,us
2016-03-02T06:09:12.940Z,-8.6191,112.5355,78.32,5.1,mb,,31,1.605,1.22,us,us10004u04,2022-08-02T12:39:26.535Z,"50 km SSW of Gongdanglegi Kulon, Indonesia",earthquake,6.6,4.6,0.065,78,reviewed,us,us
2016-03-04T18:01:13.730Z,-5.9419,110.6387,551.53,4.2,mb,,70,1.961,1.24,us,us10004w3q,2016-05-16T18:01:43.040Z,"60 km N of Batang, Indonesia",earthquake,13.4,4.2,0.159,11,reviewed,us,us
2016-03-04T20:37:28.640Z,-8.1839,107.3317,64.81,4.1,mb,,174,1.38,0.98,us,us10004w41,2016-05-16T18:01:43.040Z,"109 km S of Banjar, Indonesia",earthquake,9.5,5,0.151,12,reviewed,us,us
2016-03-05T15:18:27.540Z,-7.1683,106.8047,78.12,4.3,mb,,174,3.61,0.57,us,us10004wbu,2016-05-16T18:01:44.040Z,"30 km SSW of Sukabumi, Indonesia",earthquake,10.2,11.9,0.143,14,reviewed,us,us
2016-03-17T15:02:22.960Z,-8.5395,105.4624,18.84,4.7,mb,,66,1.938,1.4,us,us20005bhh,2016-05-21T00:05:35.040Z,"209 km SW of Pelabuhanratu, Indonesia",earthquake,5.5,3.8,0.134,17,reviewed,us,us
2016-03-21T02:25:07.480Z,-6.3787,105.2049,67.81,4.6,mb,,138,2.434,1.1,us,us20005bd6,2022-08-02T15:17:27.246Z,"69 km W of Labuan, Indonesia",earthquake,7.3,3.5,0.089,38,reviewed,us,us
2016-03-27T13:15:26.740Z,-6.8706,106.4963,145.86,4,mb,,148,3.682,0.64,us,us20005dw8,2016-06-10T23:32:52.040Z,"14 km NNW of Pelabuhanratu, Indonesia",earthquake,10.7,16.5,0.143,13,reviewed,us,us
2016-03-28T20:43:25.360Z,-8.3906,109.5045,82.96,4.4,mb,,42,1.114,0.93,us,us20005cyt,2022-08-02T16:18:39.634Z,"86 km S of Gombong, Indonesia",earthquake,9,6.2,0.084,41,reviewed,us,us
2016-03-29T00:24:09.330Z,-7.5315,105.6299,25.01,4.2,mb,,140,2.091,0.8,us,us20005ehv,2016-06-10T23:32:55.040Z,"118 km WSW of Pelabuhanratu, Indonesia",earthquake,6.4,4.3,0.124,18,reviewed,us,us
2016-04-01T18:56:05.330Z,-7.8515,107.2049,70.8,4,mb,,99,1.099,0.97,us,us20005g2r,2016-06-17T21:44:53.040Z,"76 km SSW of Banjar, Indonesia",earthquake,7,8.5,0.157,13,reviewed,us,us
2016-04-06T14:45:29.620Z,-8.2036,107.3857,29,6.1,mww,,31,1.39,1.44,us,us20005fv5,2022-08-07T10:47:57.249Z,"111 km S of Banjar, Indonesia",earthquake,5.3,1.7,,,reviewed,us,us
2016-04-06T15:04:02.140Z,-8.2767,107.2761,35,4.3,mb,,96,1.482,1.19,us,us20005ia7,2016-06-17T21:45:47.040Z,"120 km S of Banjar, Indonesia",earthquake,4.5,2,0.125,18,reviewed,us,us
2016-04-06T15:14:57.840Z,-8.1118,107.3401,42.08,4.6,mb,,95,2.883,1.27,us,us20005ia8,2016-06-17T21:45:48.040Z,"101 km S of Banjar, Indonesia",earthquake,9,3.8,0.132,17,reviewed,us,us
2016-04-07T10:39:46.500Z,-6.9132,105.1325,48.02,4.8,mb,,75,2.465,1.15,us,us20005g3l,2016-06-17T21:45:54.040Z,"97 km SW of Labuan, Indonesia",earthquake,7.5,7.1,0.093,36,reviewed,us,us
2016-04-08T15:14:39.880Z,-7.8028,107.5705,10,4.1,mb,,177,2.927,1,us,us20005if2,2016-06-21T01:14:03.040Z,"68 km SSE of Banjar, Indonesia",earthquake,6.1,2,0.152,12,reviewed,us,us
2016-04-12T20:53:48.250Z,-7.2477,105.3637,24.62,4.3,mb,,142,3.225,1.41,us,us20005k4v,2016-06-21T01:14:10.040Z,"109 km SSW of Labuan, Indonesia",earthquake,6,5.4,0.133,18,reviewed,us,us
2016-04-13T01:01:07.200Z,-7.5846,106.3497,57.84,4.4,mb,,84,1.465,1.27,us,us20005hnm,2016-06-21T01:14:10.040Z,"69 km SSW of Pelabuhanratu, Indonesia",earthquake,6.9,6.4,0.099,29,reviewed,us,us
2016-04-21T02:43:54.560Z,-6.6806,106.4816,145.18,4.2,mb,,135,3.863,0.6,us,us10005dsp,2016-06-27T23:02:31.040Z,"27 km WSW of Ciampea, Indonesia",earthquake,6.4,10.3,0.136,15,reviewed,us,us
2016-04-29T17:35:18.600Z,-7.2878,105.8263,37.1,4.7,mb,,57,1.833,1.36,us,us10005ch4,2016-07-19T20:03:06.040Z,"86 km WSW of Pelabuhanratu, Indonesia",earthquake,3.2,6.3,0.096,33,reviewed,us,us
2016-05-08T17:29:34.620Z,-8.3628,108.9774,76.29,4.3,mb,,76,1.594,1.47,us,us10005hze,2016-07-20T18:10:49.040Z,"85 km SSW of Kroya, Indonesia",earthquake,6.3,8.7,0.117,21,reviewed,us,us
2016-05-12T00:21:26.870Z,-6.8972,107.6764,171.67,4.4,mb,,45,2.748,0.98,us,us10005iig,2019-08-31T09:29:09.874Z,"8 km ENE of Bandung, Indonesia",earthquake,8.5,2.9,0.087,38,reviewed,us,us
2016-05-16T01:26:01.290Z,-7.7826,107.635,61.02,4.2,mb,,113,2.864,0.49,us,us10005jl0,2016-07-22T19:39:08.040Z,"68 km SSE of Banjar, Indonesia",earthquake,11.3,12,0.186,8,reviewed,us,us
2016-05-22T13:09:53.080Z,-8.4134,110.2925,10,4.2,mb,,119,0.547,0.6,us,us200064we,2016-08-03T22:33:42.040Z,"51 km S of Bambanglipuro, Indonesia",earthquake,4.8,1.9,0.176,9,reviewed,us,us
2016-06-04T11:12:27.080Z,-7.283,107.4912,89.56,4.4,mb,,41,2.936,0.67,us,us20006216,2016-08-18T00:36:30.040Z,"11 km SE of Banjar, Indonesia",earthquake,8.1,6.7,0.112,23,reviewed,us,us
2016-06-11T10:07:56.000Z,-7.9595,115.146,212.18,4.6,mb,,55,4.579,1.08,us,us200063sx,2016-08-25T01:22:51.040Z,"18 km NNE of Singaraja, Indonesia",earthquake,7.2,5,0.068,64,reviewed,us,us
2016-06-11T17:16:12.670Z,-8.0735,107.5547,26.75,4.8,mb,,33,1.243,1.4,us,us200063u8,2016-08-25T01:22:51.040Z,"98 km S of Banjar, Indonesia",earthquake,2.5,4,0.067,68,reviewed,us,us
2016-06-20T19:14:39.710Z,-6.9872,105.3343,29.07,4.4,mb,,96,3.485,1.1,us,us200066ik,2016-08-27T02:15:32.040Z,"Sunda Strait, Indonesia",earthquake,8.5,5.5,0.138,15,reviewed,us,us
2016-06-23T12:10:23.200Z,-7.9622,107.8619,68.49,4.2,mb,,80,2.636,0.99,us,us200067jw,2016-08-27T02:15:36.040Z,"72 km SSW of Singaparna, Indonesia",earthquake,9.3,9.2,0.132,16,reviewed,us,us
2016-06-24T09:18:39.640Z,-6.8443,106.3258,110.3,4.2,mb,,158,3.674,0.11,us,us200067wj,2016-08-31T03:08:13.040Z,"29 km WNW of Pelabuhanratu, Indonesia",earthquake,9.4,18.3,0.186,8,reviewed,us,us
2016-06-28T03:32:44.890Z,-5.992,105.3444,10,5.3,mb,,35,2.402,0.96,us,us200067ej,2016-08-31T03:08:20.040Z,"62 km S of Bandar Lampung, Indonesia",earthquake,6.8,1.7,0.054,116,reviewed,us,us
2016-07-04T06:35:59.070Z,-7.866,110.956,162.87,4.1,mb,,123,0.431,0.59,us,us100062jn,2016-09-02T21:36:36.040Z,"13 km SE of Selogiri, Indonesia",earthquake,13.6,4.8,0.165,10,reviewed,us,us
2016-07-08T15:10:02.320Z,-8.2442,108.272,79.85,4.4,mb,,70,2.253,1.43,us,us100062g2,2016-09-08T01:50:23.040Z,"95 km S of Kawalu, Indonesia",earthquake,3.9,7.9,0.091,35,reviewed,us,us
2016-07-11T14:52:23.690Z,-8.1568,108.9334,71.99,4.5,mb,,77,1.592,0.99,us,us100062mb,2016-09-08T01:50:27.040Z,"67 km SSW of Kroya, Indonesia",earthquake,7.4,4.2,0.106,26,reviewed,us,us
2016-07-17T22:59:04.050Z,-7.55,110.2483,12.01,4.4,mb,,183,0.451,0.52,us,us20006gpk,2016-09-17T01:27:49.040Z,"4 km SE of Mertoyudan, Indonesia",earthquake,4.1,5.4,0.189,8,reviewed,us,us
2016-07-24T16:56:30.960Z,-6.847,106.4729,134.55,4.2,mb,,151,3.7,1.2,us,us1000680s,2016-09-24T22:47:18.040Z,"17 km NNW of Pelabuhanratu, Indonesia",earthquake,10,9.8,0.187,8,reviewed,us,us
2016-07-27T20:47:43.380Z,-7.8459,114.6308,23.8,4.3,mb,,80,0.78,0.65,us,us100069h2,2016-09-24T22:47:22.040Z,"29 km ENE of Wongsorejo, Indonesia",earthquake,6.4,6.6,0.161,12,reviewed,us,us
2016-07-31T03:30:47.290Z,-7.9928,107.7934,54.2,4.4,mb,,86,2.705,1.16,us,us10006a45,2016-10-19T04:51:55.040Z,"79 km SSW of Singaparna, Indonesia",earthquake,7.3,4,0.103,27,reviewed,us,us
2016-07-31T10:46:45.160Z,-6.7544,107.9482,180.24,4.2,mb,,117,2.801,0.64,us,us10006a4g,2016-10-19T04:51:57.040Z,"11 km NNE of Sumedang Utara, Indonesia",earthquake,6.9,9.3,0.159,11,reviewed,us,us
2016-08-01T10:10:45.430Z,-6.5226,105.7044,109.47,4.5,mb,,98,3.478,0.87,us,us1000696i,2016-10-19T04:52:04.040Z,"21 km SW of Labuan, Indonesia",earthquake,8,7.2,0.124,19,reviewed,us,us
2016-08-02T11:15:04.630Z,-8.1288,111.6961,123.09,4.1,mb,,110,1.181,0.97,us,us10006aei,2016-10-19T04:52:12.040Z,"5 km S of Trenggalek, Indonesia",earthquake,5.8,10.6,0.165,10,reviewed,us,us
2016-08-16T16:21:24.680Z,-8.2572,109.3419,82.63,4.7,mb,,41,1.218,0.73,us,us10006e5d,2016-11-15T02:21:50.040Z,"69 km S of Kroya, Indonesia",earthquake,7.7,7,0.078,49,reviewed,us,us
2016-08-25T03:06:31.550Z,-6.9397,106.8592,178.37,4.3,mb,,105,0.758,0.9,us,us20006vbp,2016-11-19T04:58:38.040Z,"7 km WSW of Sukabumi, Indonesia",earthquake,9.3,5.4,0.177,9,reviewed,us,us
2016-08-27T17:52:10.780Z,-7.6672,105.694,44.26,4.4,mb,,137,2.081,1.11,us,us10006j48,2016-11-29T01:28:42.040Z,"120 km SW of Pelabuhanratu, Indonesia",earthquake,7.1,9.5,0.124,19,reviewed,us,us
2016-08-28T06:47:35.520Z,-6.9974,106.7289,96.48,4.3,mb,,107,0.896,0.73,us,us20006ur8,2016-11-29T01:28:43.040Z,"19 km E of Pelabuhanratu, Indonesia",earthquake,6.2,7,0.119,20,reviewed,us,us
2016-09-11T15:35:05.860Z,-6.3091,105.2056,10,5,mb,,42,2.447,1.2,us,us10006nv5,2016-12-07T02:56:11.040Z,"69 km W of Labuan, Indonesia",earthquake,6.4,1.8,0.073,60,reviewed,us,us
2016-09-23T17:15:02.890Z,-8.6862,115.3468,119.18,4.2,mb,,74,1.2,1.42,us,us10006upk,2016-12-14T03:17:44.040Z,"14 km ESE of Denpasar, Indonesia",earthquake,3.3,7.2,0.105,27,reviewed,us,us
2016-09-23T23:33:54.300Z,-8.0135,111.8365,150.37,4.2,mb,,106,1.304,0.93,us,us10006uqk,2016-12-14T03:17:45.040Z,"9 km NW of Tulungagung, Indonesia",earthquake,8.9,6.6,0.176,9,reviewed,us,us
2016-09-29T12:22:40.620Z,-7.3174,106.8318,80.76,4.3,mb,,129,0.918,0.77,us,us20007dhj,2016-12-14T03:17:56.040Z,"45 km SSW of Sukabumi, Indonesia",earthquake,9.5,9.8,0.137,15,reviewed,us,us
2016-10-04T16:56:05.050Z,-8.0749,113.4848,169.15,4.4,mb,,43,0.768,1.44,us,us10006uz0,2017-01-03T21:10:44.040Z,"10 km NNE of Tanggul, Indonesia",earthquake,7.1,4.5,0.086,39,reviewed,us,us
2016-10-11T00:34:03.320Z,-8.6289,111.2166,93.06,4.4,mb,,45,0.988,1.31,us,us20007d6d,2017-01-07T00:20:49.040Z,"81 km SW of Trenggalek, Indonesia",earthquake,7.1,6.5,0.088,37,reviewed,us,us
2016-10-11T11:47:26.440Z,-8.4385,112.789,144.39,4,mb,,124,1.348,1.07,us,us20007f2z,2017-01-07T00:20:50.040Z,"25 km S of Dampit, Indonesia",earthquake,9.4,10.5,0.172,9,reviewed,us,us
2016-10-16T17:45:24.990Z,-7.4973,112.3019,166.43,4.4,mb,,102,1.81,1.31,us,us20007em3,2017-01-15T01:13:54.040Z,"9 km NE of Jombang, Indonesia",earthquake,5.6,8.5,0.105,26,reviewed,us,us
2016-10-22T22:44:51.120Z,-7.879,107.6081,68.15,4.6,mb,,45,2.887,1.02,us,us20007g5q,2017-01-20T00:31:02.040Z,"78 km SSE of Banjar, Indonesia",earthquake,4.7,6.2,0.063,76,reviewed,us,us
2016-10-23T05:45:43.080Z,-7.5166,107.0088,37.84,4.5,mb,,114,0.914,0.79,us,us20007g6l,2017-01-20T00:31:02.040Z,"58 km SW of Banjar, Indonesia",earthquake,5.9,7.5,0.085,41,reviewed,us,us
2016-11-04T05:08:05.920Z,-7.3687,111.3486,17.87,4.7,mb,,50,0.955,0.96,us,us1000741g,2017-02-02T02:20:58.040Z,"11 km WNW of Ngawi, Indonesia",earthquake,4.1,5.3,0.099,31,reviewed,us,us
2016-11-05T23:44:14.230Z,-7.1888,107.5887,10,4.2,mb,,186,0.364,0.54,us,us100076vs,2017-02-02T02:21:00.040Z,"15 km S of Banjaran, Indonesia",earthquake,7,1.9,0.186,8,reviewed,us,us
2016-11-09T04:05:41.080Z,-6.7344,106.3907,63.98,4.5,mb,,149,4.153,0.85,us,us100078ry,2017-02-02T02:21:04.040Z,"33 km NNW of Pelabuhanratu, Indonesia",earthquake,10.8,3.4,0.131,17,reviewed,us,us
2016-11-15T12:41:13.400Z,-8.0575,109.3963,102.73,4.2,mb,,120,1.125,1.29,us,us100078l5,2017-02-09T03:02:29.040Z,"Java, Indonesia",earthquake,8.7,6.9,0.11,23,reviewed,us,us
2016-11-21T23:37:11.130Z,-6.7921,106.281,121.12,4.2,mb,,139,1.324,0.61,us,us10007drv,2017-02-15T23:21:33.040Z,"36 km NW of Pelabuhanratu, Indonesia",earthquake,14.4,8.5,0.166,10,reviewed,us,us
2016-11-23T20:53:05.510Z,-7.858,108.0168,88.59,4.4,mb,,135,1.102,0.57,us,us10007bvv,2017-02-15T23:21:38.040Z,"56 km SSW of Kawalu, Indonesia",earthquake,3.5,7.6,0.098,30,reviewed,us,us
2016-11-25T05:31:53.990Z,-5.9708,107.1769,248.29,4.3,mb,,49,0.951,1.03,us,us10007c7z,2017-02-23T00:11:46.040Z,"24 km NNW of Rengasdengklok, Indonesia",earthquake,8.5,6.5,0.099,29,reviewed,us,us
2016-11-26T03:32:36.630Z,-6.2385,113.0156,590.84,4.3,mb,,63,2.487,0.96,us,us10007edh,2017-02-23T00:11:48.040Z,"94 km NNE of Bangkalan, Indonesia",earthquake,10.2,8.4,0.137,15,reviewed,us,us
2016-12-10T05:28:33.940Z,-8.3852,111.7684,43.3,4.2,mb,,110,1.319,0.79,us,us200081ju,2017-03-09T02:14:25.040Z,"32 km SSW of Boyolangu, Indonesia",earthquake,7.5,10.2,0.167,10,reviewed,us,us
2016-12-10T23:20:14.600Z,-6.1557,111.9796,594.11,4.1,mb,,85,2.266,1.13,us,us200081li,2017-03-09T02:14:26.040Z,"82 km N of Tuban, Indonesia",earthquake,13,10.7,0.174,9,reviewed,us,us
2016-12-13T11:28:48.950Z,-6.8524,106.8294,123.64,4.5,mb,,59,0.779,0.88,us,us200080f6,2017-03-09T02:14:29.040Z,"9 km SSE of Cicurug, Indonesia",earthquake,9.4,6.2,0.094,33,reviewed,us,us
2016-12-15T16:58:33.800Z,-7.8007,108.0156,80.89,4.4,mb,,62,1.049,1.14,us,us10007m99,2017-03-09T02:14:32.040Z,"50 km SSW of Singaparna, Indonesia",earthquake,8.3,6.1,0.093,33,reviewed,us,us
2017-01-02T21:02:25.190Z,-8.7459,108.7974,38.14,5.2,mb,,53,1.897,0.86,us,us10007pbq,2025-12-22T17:20:37.510Z,"132 km SSW of Kroya, Indonesia",earthquake,7.9,4.9,0.051,128,reviewed,us,us
2017-01-03T03:19:19.570Z,-8.2134,106.7646,47.66,4.7,mb,,125,1.617,0.95,us,us10007pdu,2017-03-27T23:53:19.040Z,"134 km SSW of Banjar, Indonesia",earthquake,8.4,7.1,0.123,20,reviewed,us,us
2017-01-03T14:04:22.090Z,-8.1091,106.8098,35,4.7,mb,,132,1.506,0.99,us,us10007pgj,2017-03-27T23:53:20.040Z,"122 km SW of Banjar, Indonesia",earthquake,8.6,2,0.101,30,reviewed,us,us
2017-01-12T19:45:01.130Z,-7.4129,106.9319,93.58,4.5,mb,,105,0.895,0.62,us,us10007sxm,2017-04-01T00:26:10.040Z,"54 km S of Sukabumi, Indonesia",earthquake,6.7,7.7,0.163,11,reviewed,us,us
2017-01-13T14:24:58.760Z,-7.9036,110.3392,10,4.2,mb,,171,0.182,1.02,us,us10007tsu,2017-04-01T00:26:12.040Z,"2 km SSE of Bantul, Indonesia",earthquake,5.8,2,0.166,10,reviewed,us,us
2017-01-18T10:51:43.940Z,-6.8572,105.466,64.69,4.9,mb,,62,2.133,0.67,us,us10007twu,2017-04-12T02:29:00.040Z,"66 km SW of Labuan, Indonesia",earthquake,7.6,6.9,0.075,56,reviewed,us,us
2017-01-26T17:50:15.280Z,-7.6364,107.0596,88.74,4.5,mb,,88,0.977,1.02,us,us10007vkx,2017-04-19T18:31:01.040Z,"63 km SW of Banjar, Indonesia",earthquake,9.8,6.8,0.074,54,reviewed,us,us
2017-02-07T17:21:47.160Z,-8.4287,113.1306,140.72,5.2,mb,,49,1.011,1.2,us,us20008i9k,2017-05-09T01:24:30.040Z,"30 km WSW of Kencong, Indonesia",earthquake,6.6,4.8,0.056,106,reviewed,us,us
2017-02-08T08:34:18.360Z,-7.5557,106.9498,74.88,5,mb,,64,0.982,1.32,us,us20008iff,2017-05-09T01:24:30.040Z,"66 km SW of Banjar, Indonesia",earthquake,6.9,5.3,0.071,63,reviewed,us,us
2017-02-13T08:12:47.820Z,-7.529,108.383,101.06,4.8,mb,,45,2.096,1.36,us,us20008jh7,2017-05-13T01:03:18.040Z,"22 km S of Ciamis, Indonesia",earthquake,6.2,4.7,0.069,66,reviewed,us,us
2017-02-15T18:53:38.570Z,-7.5161,107.3878,77.33,5,mb,,40,3.063,1.21,us,us20008k1a,2017-05-13T01:03:21.040Z,"35 km S of Banjar, Indonesia",earthquake,8.5,4.6,0.057,99,reviewed,us,us
2017-02-19T15:39:42.100Z,-7.8406,107.9434,67.97,4.7,mb,,48,2.556,0.98,us,us20008kt4,2017-05-17T01:19:32.040Z,"57 km SSW of Singaparna, Indonesia",earthquake,8.6,6.9,0.079,49,reviewed,us,us
2017-03-01T22:04:31.090Z,-6.1179,113.0763,584.16,4.6,mb,,18,2.569,1.12,us,us100086dr,2017-05-24T02:48:12.040Z,"109 km NNE of Bangkalan, Indonesia",earthquake,9.8,6.1,0.055,98,reviewed,us,us
2017-03-06T20:11:12.000Z,-7.1371,106.8961,61.55,4.3,mb,,125,3.518,0.98,us,us100088xg,2017-05-31T01:58:56.040Z,"24 km S of Sukabumi, Indonesia",earthquake,11.2,6.6,0.16,11,reviewed,us,us
2017-03-10T16:13:37.690Z,-6.5806,105.1463,75.9,4.7,mb,,90,3.101,0.84,us,us1000887k,2017-05-31T01:59:01.040Z,"78 km WSW of Labuan, Indonesia",earthquake,8.5,3,0.072,58,reviewed,us,us
2017-03-10T16:33:14.990Z,-7.2234,105.2828,45.97,4.9,mb,,177,3.667,0.57,us,us1000888j,2017-05-31T01:59:01.040Z,"111 km SSW of Labuan, Indonesia",earthquake,5.3,9.6,0.088,40,reviewed,us,us
2017-03-13T14:22:09.240Z,-8.4529,113.5288,116.39,4,mb,,138,0.616,0.69,us,us20008tie,2017-06-07T00:33:37.040Z,"Java, Indonesia",earthquake,11.1,5.2,0.144,13,reviewed,us,us
2017-03-14T02:51:08.370Z,-7.7564,106.5851,51.37,4.9,mb,,83,3.887,0.75,us,us100088sg,2017-06-07T00:33:38.040Z,"85 km S of Pelabuhanratu, Indonesia",earthquake,3.6,7.5,0.099,32,reviewed,us,us
2017-03-15T02:26:54.590Z,-7.8071,108.0002,78.6,4.6,mb,,62,2.501,0.61,us,us20008s80,2017-06-07T00:33:39.040Z,"51 km SSW of Singaparna, Indonesia",earthquake,4,6.9,0.079,48,reviewed,us,us
2017-03-18T16:56:40.800Z,-7.9478,107.9551,77.93,4.8,mb,,62,2.544,1.06,us,us20008t0q,2017-06-07T00:33:44.040Z,"68 km SSW of Singaparna, Indonesia",earthquake,6,5.8,0.07,62,reviewed,us,us
2017-03-21T23:10:25.150Z,-8.4915,115.3233,111.71,5.6,mww,,17,1.158,1.11,us,us20008tme,2023-03-15T22:42:48.907Z,"6 km ENE of Ubud, Indonesia",earthquake,6.9,3,0.066,22,reviewed,us,us
2017-03-21T23:40:31.630Z,-8.3858,115.3706,115.2,4,mb,,98,1.208,0.87,us,us20008vc8,2017-06-12T19:46:53.040Z,"13 km NNW of Banjar Wangsian, Indonesia",earthquake,6,8,0.149,12,reviewed,us,us
2017-03-23T14:35:36.360Z,-7.9568,108.0128,73.62,4.7,mb,,119,2.487,1.22,us,us20008u18,2017-06-12T19:46:54.040Z,"67 km SSW of Kawalu, Indonesia",earthquake,8.8,6.1,0.086,41,reviewed,us,us
2017-03-26T02:00:12.600Z,-7.9061,107.7809,25.87,4.5,mb,,194,2.716,0.61,us,us10008dk3,2017-06-16T23:07:56.040Z,"71 km SSW of Singaparna, Indonesia",earthquake,11.7,6.8,0.18,9,reviewed,us,us
2017-03-26T15:06:53.620Z,-6.0928,106.8915,195,4,mb,,130,21.844,0.36,us,us10008dki,2021-10-15T01:03:14.734Z,"14 km NNE of Jakarta, Indonesia",earthquake,18.1,4.6,0.183,8,reviewed,us,us
2017-04-08T08:17:15.140Z,-8.1218,112.6216,61.71,3.9,mb,,102,1.553,1.16,us,us10008g3n,2017-06-23T07:26:36.040Z,"5 km E of Kepanjen, Indonesia",earthquake,9.5,11.7,0.195,7,reviewed,us,us
2017-04-16T19:41:30.840Z,-8.0312,113.6659,149.41,4,mb,,94,0.649,1.22,us,us10008jjn,2017-07-11T01:48:33.040Z,"16 km NNW of Jember, Indonesia",earthquake,7.7,7.5,0.119,19,reviewed,us,us
2017-04-16T20:56:10.500Z,-7.2651,112.2316,233.61,4.1,mb,,81,1.79,1.13,us,us10008jkj,2017-07-11T01:48:33.040Z,"18 km SSE of Babat, Indonesia",earthquake,11,8.2,0.112,22,reviewed,us,us
2017-04-22T20:54:28.970Z,-6.9872,105.2898,35,4.4,mb,,137,4.1,0.91,us,us10008n6w,2017-07-11T01:48:41.040Z,"90 km SW of Labuan, Indonesia",earthquake,10.1,1.9,0.1,29,reviewed,us,us
2017-04-23T18:01:13.310Z,-7.7404,108.0192,72.22,5.2,mb,,28,2.486,1.24,us,us10008k20,2025-12-22T17:22:47.835Z,"44 km SSW of Singaparna, Indonesia",earthquake,7.2,4.8,0.053,119,reviewed,us,us
2017-04-24T21:29:00.490Z,-6.0171,105.3705,50.16,5,mb,,37,2.914,0.88,us,us10008kca,2017-07-21T02:32:04.040Z,"64 km NW of Labuan, Indonesia",earthquake,4.5,5.7,0.061,85,reviewed,us,us
2017-04-25T16:37:38.040Z,-7.1817,105.3162,35,4.7,mb,,154,3.656,0.95,us,us10008kr2,2017-07-21T02:32:06.040Z,"105 km SSW of Labuan, Indonesia",earthquake,8.9,1.9,0.079,49,reviewed,us,us
2017-05-05T11:25:11.950Z,-6.6822,105.1626,66.62,4.6,mb,,69,3.185,0.94,us,us10008pq0,2017-07-29T03:16:23.040Z,"81 km WSW of Labuan, Indonesia",earthquake,8.4,7.5,0.076,51,reviewed,us,us
2017-05-05T23:17:32.780Z,-8.017,107.8785,62.85,4.3,mb,,147,2.621,1.1,us,us10008rfl,2017-07-29T03:16:24.040Z,"77 km SSW of Singaparna, Indonesia",earthquake,13.9,8.8,0.125,18,reviewed,us,us
2017-05-07T00:53:18.690Z,-8.1095,108.5368,88.73,4.1,mb,,130,1.976,1.38,us,us10008rva,2017-08-01T23:02:08.040Z,"74 km SSW of Sidareja, Indonesia",earthquake,10.5,8,0.145,13,reviewed,us,us
2017-05-10T17:46:42.340Z,-6.5868,106.5594,121.11,4.6,mb,,104,3.881,0.81,us,us10008srg,2017-08-01T23:02:27.040Z,"16 km WSW of Ciampea, Indonesia",earthquake,9.4,7.1,0.095,33,reviewed,us,us
2017-05-11T08:51:34.870Z,-7.6724,107.0831,86.27,4.5,mb,,53,0.994,1.17,us,us10008rfv,2017-08-01T23:02:29.040Z,"65 km SW of Banjar, Indonesia",earthquake,5.9,7,0.108,25,reviewed,us,us
2017-06-03T03:22:06.330Z,-8.0288,107.9351,69.86,4.4,mb,,91,2.565,0.43,us,us20009lgr,2017-08-15T02:26:52.040Z,"77 km SSW of Singaparna, Indonesia",earthquake,10,11.2,0.219,6,reviewed,us,us
2017-06-11T23:15:06.150Z,-8.3206,106.259,7,5.7,mww,,46,2.004,1.46,us,us20009lwc,2022-05-03T18:59:43.679Z,"150 km SSW of Pelabuhanratu, Indonesia",earthquake,3.2,1.7,0.048,42,reviewed,us,us
2017-06-23T18:00:13.430Z,-7.203,105.53,10,4.4,mb,,138,2.103,0.89,us,us1000958t,2017-08-23T16:35:43.040Z,"97 km SSW of Labuan, Indonesia",earthquake,6.5,1.9,0.138,15,reviewed,us,us
2017-06-28T10:41:35.020Z,-6.5338,105.1342,36.76,4.5,mb,,142,3.06,0.45,us,us100096w2,2017-09-27T02:03:16.040Z,"78 km WSW of Labuan, Indonesia",earthquake,4.7,11.3,0.15,13,reviewed,us,us
2017-07-08T22:48:31.650Z,-7.4094,105.9824,8.54,5.2,mb,,25,3.069,1.15,us,us1000989m,2022-05-03T18:33:11.842Z,"78 km SW of Pelabuhanratu, Indonesia",earthquake,5.8,3.3,0.048,143,reviewed,us,us
2017-07-10T17:24:07.340Z,-8.4457,107.7762,56.2,4.3,mb,,84,1.62,1.3,us,us100098ku,2017-10-06T23:56:12.040Z,"126 km SSW of Singaparna, Indonesia",earthquake,6.8,7.7,0.107,25,reviewed,us,us
2017-07-10T22:17:33.580Z,-7.1289,111.3981,213.79,4,mb,,133,0.953,0.69,us,us20009xy3,2017-10-06T23:56:13.040Z,"17 km S of Blora, Indonesia",earthquake,9.1,8.7,0.143,13,reviewed,us,us
2017-07-13T09:30:16.810Z,-8.0313,107.0615,58.52,4.6,mb,,102,1.319,1.42,us,us20009y07,2017-10-06T23:56:16.040Z,"101 km SSW of Banjar, Indonesia",earthquake,3,8.7,0.114,23,reviewed,us,us
2017-07-18T05:58:16.390Z,-7.1082,107.6362,18.56,4.2,mb,,119,0.284,0.36,us,us20009xps,2022-08-07T12:13:41.237Z,"8 km SE of Banjaran, Indonesia",earthquake,6.1,6.6,0.235,6,reviewed,us,us
2017-07-21T00:25:57.830Z,-8.2853,108.5859,74.92,4.3,mb,,91,1.742,0.89,us,us2000a1bm,2017-10-11T01:03:59.040Z,"91 km SSW of Sidareja, Indonesia",earthquake,6.2,4.6,0.133,16,reviewed,us,us
2017-07-23T12:28:58.620Z,-6.8034,112.4451,10,4.3,mb,,84,2.004,0.74,us,us2000a01r,2017-10-14T00:19:36.040Z,"11 km NE of Paciran, Indonesia",earthquake,7.1,1.9,0.122,19,reviewed,us,us
2017-07-24T00:19:41.750Z,-7.3133,107.7612,141.58,4.4,mb,,101,0.508,1.48,us,us2000a23u,2017-10-14T00:19:37.040Z,"23 km S of Paseh, Indonesia",earthquake,7.8,5.7,0.13,17,reviewed,us,us
2017-08-03T16:14:23.470Z,-8.1608,108.9879,63.18,5,mww,,27,1.54,1.18,us,us2000a467,2025-12-22T16:53:48.850Z,"64 km SSW of Kroya, Indonesia",earthquake,6.7,3.3,0.089,12,reviewed,us,us
2017-08-04T00:42:55.900Z,-8.2214,108.0846,88.91,4,mb,,92,1.465,0.76,us,us2000a6cp,2017-10-18T01:54:17.040Z,"93 km S of Kawalu, Indonesia",earthquake,7.3,5.8,0.183,8,reviewed,us,us
2017-08-11T11:38:32.570Z,-8.4318,110.1697,103.93,4.3,mb,,69,0.623,0.82,us,us2000a8rv,2017-10-25T00:38:08.040Z,"54 km SSW of Bambanglipuro, Indonesia",earthquake,5.6,7.4,0.16,11,reviewed,us,us
2017-08-13T12:04:24.110Z,-6.3342,106.5514,170.96,4.2,mb,,124,4.081,1.44,us,us2000a92l,2017-11-14T01:42:05.040Z,"7 km S of Curug, Indonesia",earthquake,10.9,13.1,0.137,15,reviewed,us,us
2017-08-17T23:04:58.790Z,-6.5499,105.3828,77.1,4.5,mb,,153,3.25,0.88,us,us2000aawm,2017-11-14T01:42:12.040Z,"52 km WSW of Labuan, Indonesia",earthquake,12.1,4.9,0.156,12,reviewed,us,us
2017-08-22T08:02:36.880Z,-8.3954,115.1702,169.06,4.1,mb,,124,1.009,0.71,us,us2000abqi,2017-11-22T03:43:28.040Z,"16 km NW of Ubud, Indonesia",earthquake,12.4,7.6,0.131,16,reviewed,us,us
2017-08-25T22:11:29.340Z,-7.3238,105.7976,35,4.5,mb,,133,1.87,0.78,us,us2000ad5y,2017-11-22T03:43:33.040Z,"91 km WSW of Pelabuhanratu, Indonesia",earthquake,5.1,2,0.271,4,reviewed,us,us
2017-09-05T17:26:58.350Z,-8.0381,107.0476,28.99,4.3,mb,,96,1.331,0.54,us,us2000arp2,2017-12-07T20:00:14.040Z,"102 km SSW of Banjar, Indonesia",earthquake,6,5.6,0.153,12,reviewed,us,us
2017-09-13T19:37:27.000Z,-6.0986,112.9501,590.53,4.6,mb,,41,2.64,0.71,us,us2000alqh,2017-12-13T02:29:42.040Z,"106 km NE of Paciran, Indonesia",earthquake,10.1,7.7,0.069,63,reviewed,us,us
2017-09-20T23:59:24.900Z,-6.1113,113.024,588,5.7,mww,,13,2.597,1.17,us,us2000as7r,2022-08-07T18:12:40.191Z,"108 km NNE of Bangkalan, Indonesia",earthquake,7.9,1.8,0.06,27,reviewed,us,us
2017-09-23T05:07:51.530Z,-8.2415,108.928,65.25,4.4,mb,,67,1.612,1.05,us,us2000athl,2017-12-19T01:54:13.040Z,"75 km SSW of Kroya, Indonesia",earthquake,7.1,5.3,0.12,20,reviewed,us,us
2017-09-23T09:03:03.620Z,-7.1134,105.2691,23.22,4.2,mb,,154,3.367,0.69,us,us2000aug7,2017-12-19T01:54:13.040Z,"102 km SW of Labuan, Indonesia",earthquake,7.3,9.2,0.176,9,reviewed,us,us
2017-09-24T00:00:24.420Z,-7.3924,108.4731,123.21,4.4,mb,,28,1.022,0.8,us,us2000atr5,2017-12-22T21:56:19.040Z,"15 km ESE of Ciamis, Indonesia",earthquake,5.9,5.2,0.084,41,reviewed,us,us
2017-09-24T22:05:54.610Z,-7.7805,107.7737,5.92,4.6,mb,,55,2.727,0.67,us,us2000au22,2017-12-22T21:56:20.040Z,"60 km SW of Singaparna, Indonesia",earthquake,7.7,4.9,0.083,43,reviewed,us,us
2017-09-25T07:16:24.970Z,-8.4217,107.0077,33.74,4.7,mb,,93,1.698,1.03,us,us2000au5i,2017-12-22T21:56:21.040Z,"143 km SSW of Banjar, Indonesia",earthquake,6.8,5.2,0.097,32,reviewed,us,us
2017-09-25T18:10:43.200Z,-5.9298,106.3876,150.05,5.1,mb,,35,3.446,1.15,us,us2000aufz,2017-12-22T21:56:22.040Z,"22 km N of Kresek, Indonesia",earthquake,8.3,5,0.067,73,reviewed,us,us
2017-09-25T20:08:23.510Z,-5.8793,107.7299,306.63,4.2,mb,,66,2.933,0.74,us,us2000auky,2017-12-22T21:56:22.040Z,"45 km NNW of Pamanukan, Indonesia",earthquake,9.1,6.8,0.093,32,reviewed,us,us
2017-09-26T08:27:08.310Z,-8.3437,115.4547,7.77,4,mb,,80,1.294,1.05,us,us2000b0x1,2022-08-07T19:27:39.986Z,"17 km NNE of Banjar Wangsian, Indonesia",earthquake,9.8,6.3,0.173,9,reviewed,us,us
2017-10-11T16:30:37.110Z,-7.1109,106.6143,95.75,4.3,mb,,111,1.033,1.26,us,us1000au6f,2018-01-09T02:14:56.040Z,"15 km SSE of Pelabuhanratu, Indonesia",earthquake,4.5,6.8,0.109,24,reviewed,us,us
2017-10-15T12:28:51.530Z,-7.9218,107.7309,41.02,4.3,mb,,92,2.766,1.22,us,us1000aupc,2018-01-11T02:22:02.040Z,"75 km SSW of Singaparna, Indonesia",earthquake,8.8,8.8,0.137,15,reviewed,us,us
2017-10-23T12:20:47.620Z,-7.9562,107.8177,55.3,4.3,mb,,86,2.68,1.44,us,us1000az5t,2018-01-17T21:50:30.040Z,"74 km SSW of Singaparna, Indonesia",earthquake,8.1,7.9,0.111,23,reviewed,us,us
2017-10-26T02:18:19.740Z,-7.8098,108.764,94.36,4.1,mb,,110,1.745,0.81,us,us2000bhux,2018-01-17T21:50:34.040Z,"36 km S of Sidareja, Indonesia",earthquake,9,6.5,0.165,10,reviewed,us,us
2017-10-28T23:24:59.500Z,-6.0665,105.0255,43.1,4.2,mb,,178,2.668,0.41,us,us2000bhzb,2018-01-17T21:50:38.040Z,"75 km SSW of Bandar Lampung, Indonesia",earthquake,12.7,11.4,0.176,9,reviewed,us,us
2017-11-01T05:39:36.680Z,-8.1816,107.2932,55.08,4.6,mb,,56,1.386,0.93,us,us1000azn7,2018-01-24T01:25:03.040Z,"110 km S of Banjar, Indonesia",earthquake,6.6,7.2,0.11,25,reviewed,us,us
2017-11-09T16:57:16.050Z,-7.6675,108.5919,124.75,4.2,mb,,206,1.929,1.06,us,us2000bqg7,2018-01-31T03:04:45.040Z,"Java, Indonesia",earthquake,9.5,13.4,0.199,7,reviewed,us,us
2017-11-12T07:13:23.670Z,-8.1362,107.9169,71.04,4.2,mb,,69,2.59,0.78,us,us2000bscf,2018-02-06T02:45:29.040Z,"89 km SSW of Singaparna, Indonesia",earthquake,5.9,8.9,0.152,12,reviewed,us,us
2017-11-16T17:58:25.130Z,-8.6011,115.2464,117.02,4.1,mb,,93,1.09,0.79,us,us2000bu1e,2018-02-06T02:45:38.040Z,"6 km NNE of Denpasar, Indonesia",earthquake,10.2,7.3,0.157,11,reviewed,us,us
2017-11-17T04:02:22.520Z,-7.545,107.2823,111.39,4.4,mb,,97,0.789,0.66,us,us2000bq5b,2018-02-06T02:45:39.040Z,"42 km SSW of Banjar, Indonesia",earthquake,3,6.5,0.117,21,reviewed,us,us
2017-11-26T19:06:41.450Z,-5.811,105.7043,24.25,4.8,mb,,45,3.058,1.12,us,us2000bukh,2018-02-20T09:06:03.040Z,"60 km NW of Serang, Indonesia",earthquake,8.7,2.8,0.074,56,reviewed,us,us
2017-12-01T14:43:50.240Z,-7.5836,105.7895,28.89,4.2,mb,,134,2.881,1.46,us,us2000c20t,2018-02-20T09:06:10.040Z,"106 km SW of Pelabuhanratu, Indonesia",earthquake,8,7.4,0.216,6,reviewed,us,us
2017-12-12T02:23:10.090Z,-7.1269,107.0917,100.75,5,mb,,89,3.324,0.92,us,us2000c35s,2018-03-06T00:49:37.040Z,"29 km SE of Sukabumi, Indonesia",earthquake,7.9,2.1,0.1,32,reviewed,us,us
2017-12-15T16:04:36.610Z,-7.1171,106.5908,83.56,4,mb,,110,3.468,0.98,us,us1000bui7,2018-03-06T00:49:42.040Z,"14 km SSE of Pelabuhanratu, Indonesia",earthquake,8.9,9.9,0.126,17,reviewed,us,us
2017-12-15T16:47:58.230Z,-7.4921,108.1743,90,6.5,mww,,28,2.365,1.07,us,us2000c4v8,2025-05-01T02:07:22.109Z,"12 km SSW of Kawalu, Indonesia",earthquake,8,1.8,0.058,29,reviewed,us,us
2017-12-15T21:10:09.800Z,-7.4494,107.0853,83.48,4.3,mb,,137,3.438,0.93,us,us1000buig,2018-03-06T00:49:43.040Z,"47 km SW of Banjar, Indonesia",earthquake,11.5,3.9,0.137,15,reviewed,us,us
2017-12-16T00:22:30.840Z,-7.8842,106.8195,44,5.2,mww,,27,1.316,0.99,us,us2000c551,2025-12-22T17:29:15.702Z,"101 km SW of Banjar, Indonesia",earthquake,6.3,1.8,0.075,17,reviewed,us,us
2017-12-24T15:42:09.040Z,-7.7717,106.3932,35,4.5,mb,,68,1.534,1.23,us,us1000c2k5,2018-03-17T01:54:33.040Z,"88 km SSW of Pelabuhanratu, Indonesia",earthquake,5.3,2,0.115,25,reviewed,us,us
2017-12-31T17:24:17.950Z,-8.1452,106.8825,36.06,4.1,mb,,104,1.5,1.09,us,us2000cjzz,2018-03-17T01:54:40.040Z,"121 km SSW of Banjar, Indonesia",earthquake,7.3,4.3,0.151,12,reviewed,us,us
2018-01-10T13:13:01.600Z,-8.6917,109.1027,24.68,4.4,mb,,76,1.604,0.82,us,us2000cnvn,2018-04-03T01:40:25.040Z,"118 km S of Kroya, Indonesia",earthquake,8.3,5.3,0.12,20,reviewed,us,us
2018-01-23T06:34:54.980Z,-7.0924,105.9632,48.19,5.9,mww,,27,1.66,1.45,us,us2000cmwz,2025-08-21T09:40:10.227Z,"66 km W of Pelabuhanratu, Indonesia",earthquake,6,3.9,0.052,36,reviewed,us,us
2018-01-23T19:07:30.430Z,-7.1714,105.799,35,4.2,mb,,147,1.834,0.97,us,us1000cefq,2018-04-20T07:05:11.040Z,"85 km WSW of Pelabuhanratu, Indonesia",earthquake,9.7,2,0.305,3,reviewed,us,us
2018-01-24T06:32:44.710Z,-7.1221,105.8133,35.03,4.5,mb,,119,1.812,0.6,us,us2000cnls,2018-04-20T07:05:15.040Z,"82 km S of Labuan, Indonesia",earthquake,7.8,8.7,0.111,24,reviewed,us,us
2018-01-26T04:48:23.390Z,-7.0604,105.7819,36.72,4.6,mb,,123,1.834,0.83,us,us2000cplz,2018-04-20T07:05:25.040Z,"75 km S of Labuan, Indonesia",earthquake,7.6,7.8,0.09,37,reviewed,us,us
2018-01-26T10:12:48.600Z,-7.0901,105.8007,41.3,4.7,mb,,69,1.819,0.79,us,us2000cpqh,2018-04-20T07:05:25.040Z,"78 km S of Labuan, Indonesia",earthquake,6.9,7.4,0.082,45,reviewed,us,us
2018-01-29T06:35:38.810Z,-6.5772,105.2421,97.63,4.4,mb,,141,3.899,0.67,us,us2000cqv5,2018-04-25T01:39:34.040Z,"68 km WSW of Labuan, Indonesia",earthquake,9.2,9.2,0.107,25,reviewed,us,us
2018-01-29T19:03:32.160Z,-6.3598,105.2402,10,4.4,mb,,180,2.403,1.03,us,us2000czkm,2018-04-25T01:39:36.040Z,"65 km W of Labuan, Indonesia",earthquake,7.6,1.9,0.134,16,reviewed,us,us
2018-02-03T20:49:20.130Z,-7.1229,105.7636,49.82,4.1,mb,,134,1.861,0.87,us,us2000d22f,2018-04-25T01:39:46.040Z,"82 km S of Labuan, Indonesia",earthquake,8.2,11.5,0.174,9,reviewed,us,us
2018-02-07T18:29:37.840Z,-5.8045,110.6149,537.19,4,mb,,71,1.248,0.77,us,us2000d3d5,2018-05-03T22:15:02.040Z,"75 km N of Batang, Indonesia",earthquake,11.1,7.6,0.133,15,reviewed,us,us
2018-02-08T23:02:04.220Z,-8.4379,105.2381,10,4.1,mb,,166,2.07,0.9,us,us2000d4ud,2018-05-03T22:15:05.040Z,"216 km SW of Pelabuhanratu, Indonesia",earthquake,7.6,1.9,0.14,14,reviewed,us,us
2018-02-11T06:48:54.720Z,-6.7929,108.3796,242.26,4,mb,,130,2.062,0.53,us,us2000d5xd,2018-05-03T22:15:09.040Z,"10 km SSW of Palimanan, Indonesia",earthquake,9.7,6.9,0.134,15,reviewed,us,us
2018-02-13T21:26:44.920Z,-5.9672,105.8132,166.62,4.3,mb,,66,3.263,1.03,us,us2000d6yc,2018-05-15T06:29:05.040Z,"41 km WNW of Serang, Indonesia",earthquake,8.5,8.2,0.102,27,reviewed,us,us
2018-02-16T05:13:05.510Z,-7.6264,105.8892,34.07,4.8,mb,,58,1.888,1.02,us,us2000d31t,2018-05-15T06:29:09.040Z,"101 km SW of Pelabuhanratu, Indonesia",earthquake,5,5.2,0.079,50,reviewed,us,us
2018-02-16T13:28:09.130Z,-7.7572,106.428,35,4.7,mb,,61,2.812,1.36,us,us2000d37h,2018-05-15T06:29:10.040Z,"86 km S of Pelabuhanratu, Indonesia",earthquake,7.1,2,0.081,46,reviewed,us,us
2018-02-16T16:52:42.110Z,-7.8267,105.79,35,4.4,mb,,129,2.64,1.08,us,us2000d3ar,2018-05-15T06:29:11.040Z,"125 km SW of Pelabuhanratu, Indonesia",earthquake,4,2,0.099,29,reviewed,us,us
2018-02-17T22:25:02.890Z,-6.9072,106.024,87.85,4.1,mb,,155,3.965,1.19,us,us2000d8cp,2018-05-15T06:29:13.040Z,"58 km W of Pelabuhanratu, Indonesia",earthquake,12.9,11.5,0.14,14,reviewed,us,us
2018-02-18T04:40:11.630Z,-7.2558,106.4872,42.02,4.4,mb,,115,3.308,0.82,us,us2000d8rz,2018-05-15T06:29:14.040Z,"30 km SSW of Pelabuhanratu, Indonesia",earthquake,7.8,4.2,0.138,15,reviewed,us,us
2018-02-26T09:57:32.740Z,-7.4532,105.9395,66,4.2,mb,,130,3.021,0.95,us,us2000dd44,2018-05-27T01:06:01.040Z,"84 km SW of Pelabuhanratu, Indonesia",earthquake,7.1,10.4,0.124,18,reviewed,us,us
2018-03-03T02:52:46.220Z,-8.2958,115.4889,10,3.9,mb,,78,1.334,1.16,us,us2000dbrk,2018-05-27T01:06:10.040Z,"20 km NNW of Bedugul, Indonesia",earthquake,7.3,1.9,0.21,6,reviewed,us,us
2018-03-15T20:25:51.040Z,-8.2608,111.6246,131.7,4.4,mb,,138,1.144,1.44,us,us1000d7x3,2018-06-11T21:53:46.040Z,"22 km SSW of Trenggalek, Indonesia",earthquake,11.7,11.4,0.219,6,reviewed,us,us
2018-03-19T11:36:27.050Z,-7.41,105.9404,48.55,5,mww,,58,3.064,1.2,us,us1000d6de,2022-05-03T18:49:53.730Z,"82 km SW of Pelabuhanratu, Indonesia",earthquake,7.1,5.2,0.089,12,reviewed,us,us
2018-03-27T20:57:18.990Z,-6.3117,106.6685,139.15,4.5,mb,,70,1.068,0.99,us,us1000de95,2018-06-22T21:32:11.040Z,"0 km NE of Serpong, Indonesia",earthquake,7.8,2,0.081,44,reviewed,us,us
2018-04-02T13:02:14.520Z,-6.1193,107.2668,250.04,4.3,mb,,107,0.779,1.07,us,us1000dcds,2018-06-30T01:11:24.040Z,"5 km NW of Rengasdengklok, Indonesia",earthquake,9.8,6.6,0.119,22,reviewed,us,us
2018-04-04T17:24:49.000Z,-8.2789,108.2449,42.31,4.2,mb,,100,2.284,1.31,us,us2000dyvf,2018-06-30T01:11:28.040Z,"99 km S of Kawalu, Indonesia",earthquake,8.7,6.7,0.141,14,reviewed,us,us
2018-04-09T11:46:33.950Z,-6.9833,105.5296,62.6,4.9,mb,,61,3.477,1.18,us,us2000dwvf,2025-12-22T17:35:47.392Z,"74 km SSW of Labuan, Indonesia",earthquake,7.5,7.3,0.068,68,reviewed,us,us
2018-04-13T09:55:56.950Z,-6.1243,105.3805,104.2,4.3,mb,,116,2.325,1.25,us,us1000dnlr,2018-07-07T02:25:21.040Z,"57 km WNW of Labuan, Indonesia",earthquake,8.2,8.6,0.132,16,reviewed,us,us
2018-04-14T18:02:22.840Z,-6.2814,105.2078,50.44,4.9,mww,,83,2.45,0.9,us,us2000e0ce,2018-07-07T02:25:23.040Z,"69 km W of Labuan, Indonesia",earthquake,7.2,6.2,0.117,7,reviewed,us,us
2018-04-16T17:50:53.990Z,-7.3148,105.0233,10,4.4,mb,,150,2.617,1.23,us,us1000dpb9,2018-07-17T02:05:28.040Z,"136 km SW of Labuan, Indonesia",earthquake,8.5,1.9,0.19,8,reviewed,us,us
2018-04-18T06:28:34.840Z,-7.2479,109.6541,10,4.5,mb,,56,0.805,1.02,us,us2000e20r,2021-10-13T13:51:50.835Z,"24 km SSE of Buaran, Indonesia",earthquake,5.6,1.7,0.111,24,reviewed,us,us
2018-04-26T18:26:54.770Z,-8.133,107.3247,60.37,4.3,mb,,114,2.857,1.09,us,us1000dw1f,2018-07-25T21:37:05.040Z,"104 km S of Banjar, Indonesia",earthquake,11.1,10.3,0.153,12,reviewed,us,us
2018-05-02T22:47:48.200Z,-6.5212,111.0849,10,4,mb,,142,0.827,0.58,us,us1000e1cw,2018-07-27T20:20:32.040Z,"4 km ENE of Tayu, Indonesia",earthquake,5,1.9,0.196,7,reviewed,us,us
2018-05-14T13:50:10.300Z,-5.7873,107.6276,275.98,4,mb,,106,1.029,1.12,us,us1000e7y7,2018-08-15T19:46:50.040Z,"54 km NE of Rengasdengklok, Indonesia",earthquake,9.6,8.3,0.164,10,reviewed,us,us
2018-05-15T16:41:22.020Z,-8.2314,107.7625,35,4.2,mb,,155,1.406,1.32,us,us1000e7zr,2018-08-15T19:46:51.040Z,"104 km SSW of Singaparna, Indonesia",earthquake,7,2,0.216,6,reviewed,us,us
2018-05-19T03:57:17.370Z,-5.9892,105.8026,156.9,4.4,mb,,167,3.257,0.92,us,us1000e8ey,2018-08-15T19:46:58.040Z,"41 km WNW of Serang, Indonesia",earthquake,10.2,7.9,0.13,17,reviewed,us,us
2018-05-26T09:57:13.020Z,-8.6858,111.5068,72.28,4.3,mb,,63,1.24,0.86,us,us1000eerp,2018-08-21T21:23:55.040Z,"70 km SSW of Trenggalek, Indonesia",earthquake,7.3,8,0.153,12,reviewed,us,us
2018-05-28T06:03:50.640Z,-8.4089,108.0434,50.08,4.5,mb,,76,1.631,0.87,us,us1000egf4,2018-08-28T16:27:31.040Z,"115 km S of Kawalu, Indonesia",earthquake,5.2,8.8,0.145,14,reviewed,us,us
2018-06-04T05:42:16.030Z,-8.4269,111.8195,108.12,4.3,mb,,71,1.381,1.37,us,us1000elac,2018-08-29T16:33:31.040Z,"35 km SSW of Boyolangu, Indonesia",earthquake,8.2,5.5,0.122,19,reviewed,us,us
2018-06-07T06:40:44.370Z,-7.8186,106.3676,35,4.3,mb,,120,1.583,0.96,us,us1000ep6j,2018-08-29T16:35:03.040Z,"94 km SSW of Pelabuhanratu, Indonesia",earthquake,7.4,2,0.188,8,reviewed,us,us
2018-06-08T00:27:38.720Z,-7.3029,105.9645,44.6,4.8,mb,,144,3.172,1.28,us,us1000eq25,2018-08-29T16:35:25.040Z,"73 km WSW of Pelabuhanratu, Indonesia",earthquake,7.7,9.4,0.144,15,reviewed,us,us
2018-06-12T07:05:34.050Z,-7.9909,107.4736,36.42,4.2,mb,,124,3.021,1.17,us,us1000erlh,2018-09-07T17:47:03.040Z,"88 km S of Banjar, Indonesia",earthquake,9.6,3.9,0.176,9,reviewed,us,us
2018-06-13T13:06:40.440Z,-7.0006,113.8882,10,4.6,mb,,75,1.483,0.82,us,us1000evkn,2020-07-10T15:50:06.371Z,"3 km ENE of Sumenep, Indonesia",earthquake,3,1.9,0.129,18,reviewed,us,us
2018-06-18T15:15:03.910Z,-7.9122,108.5863,91.92,4.4,mb,,81,1.918,0.98,us,us1000eyp7,2018-09-19T15:15:54.040Z,"52 km SSW of Sidareja, Indonesia",earthquake,9.1,7.2,0.11,24,reviewed,us,us
2018-06-27T03:48:27.990Z,-8.64,112.2398,86.37,4.1,mb,,122,1.846,0.67,us,us2000fw0w,2018-09-21T16:25:55.040Z,"59 km SSW of Sumberpucung, Indonesia",earthquake,6,10.1,0.158,11,reviewed,us,us
2018-06-28T18:26:11.130Z,-7.1615,110.1788,242.87,4.2,mb,,228,0.282,0.74,us,us2000fqh4,2018-09-21T16:25:55.040Z,"24 km SSE of Weleri, Indonesia",earthquake,13.4,9.1,0.146,14,reviewed,us,us
2018-07-03T09:46:20.690Z,-7.9941,106.3898,35,4.3,mb,,116,2.575,1.19,us,us2000g18a,2018-09-27T14:03:45.040Z,"112 km S of Pelabuhanratu, Indonesia",earthquake,7.6,2,0.168,11,reviewed,us,us
2018-07-07T03:56:05.680Z,-7.0543,106.2509,10,4.5,mb,,112,3.455,0.73,us,us2000g337,2018-09-27T14:03:47.040Z,"34 km WSW of Pelabuhanratu, Indonesia",earthquake,8.1,1.9,0.18,9,reviewed,us,us
2018-07-07T05:18:23.000Z,-7.3484,106.2902,10,4.2,mb,,120,3.175,0.74,us,us2000g338,2018-09-27T14:03:47.040Z,"49 km SW of Pelabuhanratu, Indonesia",earthquake,8,1.9,0.167,10,reviewed,us,us
2018-07-15T07:26:11.330Z,-6.9785,106.0887,10,4.4,mb,,123,3.506,0.77,us,us2000g5hn,2018-10-02T16:40:42.040Z,"51 km W of Pelabuhanratu, Indonesia",earthquake,5.8,1.9,0.115,22,reviewed,us,us
2018-07-16T13:39:23.360Z,-8.236,107.6358,35,4.5,mb,,88,2.877,1.19,us,us2000g9t5,2018-10-04T14:15:30.040Z,"110 km SSW of Singaparna, Indonesia",earthquake,5.3,1.9,0.124,19,reviewed,us,us
2018-07-25T19:41:58.750Z,-8.1357,107.6234,70.48,4.3,mb,,89,2.88,0.99,us,us2000ghb3,2018-10-09T16:43:26.040Z,"102 km SSW of Singaparna, Indonesia",earthquake,4.4,9,0.125,18,reviewed,us,us
2018-07-30T19:09:12.590Z,-8.0945,114.3179,199.86,4.4,mb,,85,0.407,1.07,us,us1000g2lc,2018-10-16T15:34:10.040Z,"14 km SW of Wongsorejo, Indonesia",earthquake,9.5,3.6,0.094,33,reviewed,us,us
2018-08-13T10:37:31.640Z,-8.319,108.8786,71.12,4.5,mb,,108,1.677,1.04,us,us1000gbgv,2018-10-27T16:22:04.040Z,"86 km SSW of Kroya, Indonesia",earthquake,9,7.7,0.144,14,reviewed,us,us
2018-08-17T17:22:04.650Z,-7.4091,106.6155,64.76,4.5,mb,,61,3.197,1.3,us,us1000gbnf,2022-08-08T07:17:37.850Z,"47 km S of Pelabuhanratu, Indonesia",earthquake,3.8,7.3,0.097,36,reviewed,us,us
2018-08-21T02:54:01.550Z,-7.6689,105.8974,47.57,4.5,mb,,121,2.804,0.95,us,us2000h5fh,2018-11-01T17:51:02.040Z,"104 km SW of Pelabuhanratu, Indonesia",earthquake,9.3,8.6,0.15,13,reviewed,us,us
2018-08-21T21:23:16.120Z,-6.8589,108.7096,231.99,4.3,mb,,104,1.728,0.53,us,us2000h5h8,2018-11-01T17:51:03.040Z,"7 km E of Karangsembung, Indonesia",earthquake,10.6,9.2,0.178,9,reviewed,us,us
2018-08-23T05:29:20.130Z,-7.8974,107.971,93.38,4.1,mb,,83,2.528,0.95,us,us2000h622,2018-11-01T17:51:04.040Z,"62 km SSW of Singaparna, Indonesia",earthquake,5.1,8.1,0.135,15,reviewed,us,us
2018-09-08T23:58:25.010Z,-7.7387,106.8208,56.9,4.2,mb,,108,2.958,1.2,us,us2000hgpc,2018-11-14T17:40:19.040Z,"88 km SSE of Pelabuhanratu, Indonesia",earthquake,5.9,10.6,0.159,11,reviewed,us,us
2018-09-15T00:42:05.060Z,-8.4187,111.4993,118.12,4.2,mb,,75,1.089,0.63,us,us2000hi95,2018-11-21T18:19:16.040Z,"44 km SSW of Trenggalek, Indonesia",earthquake,8.1,8.1,0.128,17,reviewed,us,us
2018-09-16T13:51:35.900Z,-8.6222,109.7753,85.49,4.2,mb,,83,1.022,0.56,us,us2000hic5,2018-11-21T18:19:17.040Z,"91 km SW of Srandakan, Indonesia",earthquake,9,4.4,0.176,9,reviewed,us,us
2018-09-24T17:53:42.770Z,-6.1108,107.0581,254.37,4.2,mb,,95,3.487,1.12,us,us2000hjdb,2025-08-20T13:17:28.872Z,"15 km NNE of Bekasi, Indonesia",earthquake,8.6,7.5,0.132,18,reviewed,us,us
2018-10-07T19:17:00.790Z,-7.9314,106.8438,38.26,4.5,mb,,95,2.793,0.96,us,us1000h8h4,2018-12-14T20:32:44.040Z,"104 km SW of Banjar, Indonesia",earthquake,8.6,8,0.102,28,reviewed,us,us
2018-10-09T10:13:29.080Z,-6.056,113.1475,567.95,4.7,mb,,26,2.597,1.16,us,us1000h99t,2018-12-21T21:15:47.040Z,"118 km NNE of Bangkalan, Indonesia",earthquake,9.7,5.6,0.053,107,reviewed,us,us
2018-10-09T10:14:31.710Z,-6.1099,113.0386,528.79,4.5,mb,,42,2.592,1.08,us,us1000hct6,2018-12-21T21:15:53.040Z,"108 km NNE of Bangkalan, Indonesia",earthquake,10.4,6,0.077,50,reviewed,us,us
2018-10-10T13:54:07.370Z,-7.2098,105.1131,46.56,4.4,mb,,143,3.293,1.03,us,us1000h9z4,2018-12-21T21:15:48.040Z,"121 km SW of Labuan, Indonesia",earthquake,5.1,8.3,0.108,25,reviewed,us,us
2018-10-10T18:44:55.280Z,-7.4525,114.4553,9,6,mww,,27,1.054,1.15,us,us1000ha6q,2023-11-19T01:32:52.421Z,"49 km NE of Panji, Indonesia",earthquake,5.8,1.7,0.041,58,reviewed,us,us
2018-10-24T21:45:23.580Z,-5.8478,107.2038,291.55,4,mb,,108,1.051,0.57,us,us1000hj3u,2019-01-10T17:18:41.040Z,"35 km NNW of Rengasdengklok, Indonesia",earthquake,10.7,8.4,0.15,12,reviewed,us,us
2018-10-25T05:48:43.580Z,-6.1805,106.027,173.66,4.8,mb,,113,1.701,0.79,us,us1000hgvi,2019-01-10T17:18:35.040Z,"15 km WSW of Serang, Indonesia",earthquake,7.5,6.9,0.065,72,reviewed,us,us
2018-11-01T02:42:40.720Z,-6.3527,105.0518,39.73,4.6,mb,,154,2.588,0.89,us,us1000hp7l,2019-01-21T14:29:41.040Z,"86 km W of Labuan, Indonesia",earthquake,6.3,9,0.141,15,reviewed,us,us
2018-11-03T21:38:44.130Z,-5.7847,110.3548,550.61,4.4,mb,,48,1.259,0.81,us,us1000hptf,2019-01-21T14:29:46.040Z,"86 km NNW of Batang, Indonesia",earthquake,11.5,6.8,0.123,19,reviewed,us,us
2018-11-15T15:16:51.010Z,-6.1458,108.0385,312.1,4,mb,,77,0.794,1.32,us,us1000hvhi,2019-01-30T18:36:27.040Z,"29 km ENE of Pamanukan, Indonesia",earthquake,9.1,5.3,0.092,33,reviewed,us,us
2018-11-26T01:37:23.650Z,-7.4043,114.3622,10,4.1,mb,,71,1.079,0.8,us,us1000hycj,2019-02-09T19:02:12.040Z,"45 km NE of Panji, Indonesia",earthquake,6.8,1.9,0.185,10,reviewed,us,us
2018-11-29T20:42:05.420Z,-8.7025,109.7932,89.24,5,mb,,114,1.066,1.2,us,us1000hy1r,2019-02-09T19:02:11.040Z,"98 km SSW of Srandakan, Indonesia",earthquake,3.1,6.1,0.07,65,reviewed,us,us
2018-12-01T22:36:12.050Z,-6.58,105.1608,47.51,4.9,mb,,42,3.111,0.77,us,us1000i00h,2019-02-09T19:02:18.040Z,"77 km WSW of Labuan, Indonesia",earthquake,6.6,5.5,0.066,72,reviewed,us,us
2018-12-02T13:30:06.190Z,-7.3965,114.3418,24.51,4.1,mb,,85,1.083,0.67,us,us1000i469,2019-02-09T19:02:23.040Z,"45 km NE of Panji, Indonesia",earthquake,6.9,7.7,0.174,9,reviewed,us,us
2018-12-06T23:43:21.830Z,-6.7171,106.0775,85.35,4.6,mb,,51,1.529,0.86,us,us2000isyt,2019-02-16T19:52:28.040Z,"43 km SSW of Rangkasbitung, Indonesia",earthquake,3.9,7.1,0.08,47,reviewed,us,us
2018-12-07T13:49:20.650Z,-6.5702,108.4176,265.17,4.2,mb,,153,2.064,0.6,us,us2000ita0,2019-02-16T19:52:29.040Z,"8 km N of Arjawinangun, Indonesia",earthquake,14.7,10.2,0.147,13,reviewed,us,us
2019-01-07T15:04:08.690Z,-7.9552,107.7593,66.25,4.7,mb,,80,2.738,0.97,us,us2000j13r,2019-03-08T17:50:18.040Z,"77 km SSW of Singaparna, Indonesia",earthquake,6.7,8.1,0.093,35,reviewed,us,us
2019-01-07T16:58:50.260Z,-8.2027,108.9246,71.48,4.5,mb,,60,1.608,0.69,us,us2000j14r,2019-08-24T07:38:48.085Z,"72 km SSW of Kroya, Indonesia",earthquake,8.2,7.1,0.097,31,reviewed,us,us
2019-01-08T09:54:47.990Z,-7.8778,106.5655,35,5.2,mb,,46,1.476,1.11,us,us2000j1c6,2025-12-22T17:53:32.713Z,"98 km S of Pelabuhanratu, Indonesia",earthquake,3,1.9,0.053,117,reviewed,us,us
2019-01-23T11:05:56.200Z,-8.1264,108.6285,106.82,4.3,mb,,51,1.888,1.12,us,us2000j7rq,2019-04-12T17:14:15.040Z,"73 km SSW of Sidareja, Indonesia",earthquake,8.3,7,0.111,23,reviewed,us,us
2019-02-10T00:58:53.430Z,-8.3657,108.6164,38.78,4.2,mb,,102,1.94,0.52,us,us2000jngz,2019-04-25T15:32:01.040Z,"99 km SSW of Sidareja, Indonesia",earthquake,6.3,12,0.215,6,reviewed,us,us
2019-02-13T23:41:54.620Z,-6.7647,105.803,66.89,5,mb,,40,1.799,1.08,us,usd0009e9l,2019-05-01T22:01:16.040Z,"42 km S of Labuan, Indonesia",earthquake,7,5.2,0.061,86,reviewed,us,us
2019-02-27T04:55:09.560Z,-5.8459,106.0081,104.31,4.4,mb,,111,3.379,0.41,us,us1000jcdl,2019-05-14T18:36:23.040Z,"33 km NNW of Serang, Indonesia",earthquake,6.9,8.5,0.155,12,reviewed,us,us
2019-02-28T00:54:28.590Z,-7.3773,105.2049,40.89,4.7,mb,,70,2.453,0.96,us,us1000j8ep,2019-05-14T18:36:11.040Z,"130 km SSW of Labuan, Indonesia",earthquake,7.3,7.1,0.083,44,reviewed,us,us
2019-03-04T05:23:00.770Z,-5.9744,105.13,47.58,4.4,mb,,110,2.694,0.78,us,us1000jev3,2019-05-14T18:36:27.040Z,"62 km SSW of Bandar Lampung, Indonesia",earthquake,4.4,8.3,0.117,21,reviewed,us,us
2019-03-07T08:43:41.870Z,-8.1316,108.5228,103.52,4.6,mb,,73,1.992,0.85,us,us1000jbs5,2019-05-24T21:21:12.040Z,"77 km SSW of Sidareja, Indonesia",earthquake,8.4,3,0.109,25,reviewed,us,us
2019-03-11T15:56:53.852Z,-5.9301,105.3818,142.13,4.2,mb,,123,2.875,1.05,us,us1000jjcb,2019-05-24T21:21:44.040Z,"56 km SSE of Bandar Lampung, Indonesia",earthquake,7.1,8.4,0.146,15,reviewed,us,us
2019-03-19T05:04:42.278Z,-6.9207,107.0391,155.05,4.5,mb,,53,0.579,0.86,us,us1000jibe,2019-06-06T18:54:01.040Z,"12 km E of Sukabumi, Indonesia",earthquake,7.9,6.2,0.095,32,reviewed,us,us
2019-03-21T15:03:09.389Z,-7.6019,108.0889,107.7,4.8,mb,,88,0.905,0.68,us,us1000jjtn,2019-06-06T18:54:10.040Z,"27 km SSW of Kawalu, Indonesia",earthquake,8.2,6,0.077,52,reviewed,us,us
2019-04-01T23:05:28.610Z,-7.2121,114.537,21.3,4.6,mb,,58,1.306,0.81,us,us2000k8wz,2019-06-08T20:51:32.040Z,"67 km ESE of Kalianget, Indonesia",earthquake,3.4,5.4,0.102,29,reviewed,us,us
2019-04-02T01:22:47.410Z,-7.2715,114.5928,35,4.9,mww,,34,1.268,0.8,us,us2000k8y8,2020-07-10T17:27:31.559Z,"74 km NE of Panji, Indonesia",earthquake,6.1,1.9,0.083,14,reviewed,us,us
2019-04-02T13:09:07.011Z,-7.2819,114.5218,24.05,4.5,mb,,64,1.236,0.77,us,us700034fd,2019-06-18T15:50:04.040Z,"67 km NE of Panji, Indonesia",earthquake,7.1,5.9,0.144,14,reviewed,us,us
2019-04-03T08:32:36.870Z,-7.2651,114.5585,35,4.4,mb,,92,1.263,0.88,us,us700034hz,2019-06-18T15:50:10.040Z,"71 km NE of Panji, Indonesia",earthquake,7.8,2,0.169,10,reviewed,us,us
2019-04-10T17:37:49.043Z,-8.1358,107.263,62.52,4.7,mb,,91,1.349,1.25,us,us700033vf,2019-06-20T19:03:13.040Z,"105 km S of Banjar, Indonesia",earthquake,2.5,6.8,0.078,50,reviewed,us,us
2019-05-04T00:54:48.937Z,-8.5249,108.885,44,4.3,mb,,83,1.731,0.51,us,us70003kw3,2019-07-25T18:54:14.040Z,"106 km SSW of Kroya, Indonesia",earthquake,5.2,11.7,0.201,7,reviewed,us,us
2019-05-12T16:09:56.349Z,-6.3676,114.6102,545.75,4.3,mb,,51,2.137,0.6,us,us70003njm,2019-08-01T17:15:24.040Z,"105 km NE of Kalianget, Indonesia",earthquake,4.7,8.3,0.078,47,reviewed,us,us
2019-05-12T22:45:53.359Z,-7.9389,107.6706,47.15,4.5,mb,,59,2.825,0.84,us,us70003nk5,2019-08-01T17:15:24.040Z,"81 km SW of Singaparna, Indonesia",earthquake,5.1,7.8,0.156,12,reviewed,us,us
2019-05-28T15:00:26.603Z,-8.6701,108.6861,95.34,4.7,mb,,79,1.967,0.7,us,us60003t22,2019-08-24T21:17:29.040Z,"130 km SSW of Kroya, Indonesia",earthquake,7.2,8.2,0.11,25,reviewed,us,us
2019-06-02T04:52:32.454Z,-7.3275,107.6249,72.6,4.4,mb,,117,0.501,0.92,us,us70003xpt,2019-08-24T21:17:47.040Z,"25 km SE of Banjar, Indonesia",earthquake,9.3,7.5,0.149,13,reviewed,us,us
2019-06-04T16:53:11.525Z,-8.2452,107.3348,35,4.4,mb,,107,2.773,1,us,us70003yhr,2019-08-27T17:47:30.040Z,"116 km S of Banjar, Indonesia",earthquake,7.4,2,0.169,12,reviewed,us,us
2019-06-09T09:32:25.075Z,-8.1979,108.9471,70.44,5.4,mww,,45,1.586,0.89,us,us70003xf0,2025-12-22T17:54:38.223Z,"70 km SSW of Kroya, Indonesia",earthquake,7.7,5.4,0.08,15,reviewed,us,us
2019-06-21T10:27:29.454Z,-8.1587,108.8382,94,4.6,mb,,105,1.686,0.78,us,us60004461,2019-09-11T15:19:24.040Z,"73 km SW of Kroya, Indonesia",earthquake,7,2.5,0.085,41,reviewed,us,us
2019-06-23T19:58:24.100Z,-7.9122,107.8476,75.07,4.4,mb,,145,2.65,0.84,us,us700048r9,2019-09-11T15:19:38.040Z,"68 km SSW of Singaparna, Indonesia",earthquake,11.5,8.6,0.126,18,reviewed,us,us
2019-06-29T06:47:04.303Z,-8.1929,108.9633,78.89,5.1,mb,,122,1.569,0.84,us,us7000477c,2019-09-14T16:08:18.040Z,"69 km SSW of Kroya, Indonesia",earthquake,8.2,7,0.083,47,reviewed,us,us
2019-07-18T18:22:44.329Z,-7.5382,108.1939,95.07,4.4,mb,,110,0.914,0.71,us,us60004vw7,2019-10-04T16:37:16.040Z,"17 km S of Kawalu, Indonesia",earthquake,10.9,8,0.126,18,reviewed,us,us
2019-07-24T01:29:12.731Z,-8.5946,114.3134,102.51,5,mb,,54,0.201,1.05,us,us60004ugn,2019-10-11T20:12:24.040Z,"17 km S of Muncar, Indonesia",earthquake,7.9,3.5,0.068,70,reviewed,us,us
2019-07-27T03:44:48.188Z,-8.2439,108.4688,68.45,4.6,mb,,45,1.646,1.09,us,us60004wc9,2019-10-11T20:12:39.040Z,"91 km SSW of Sidareja, Indonesia",earthquake,8.3,5.8,0.092,35,reviewed,us,us
2019-07-28T13:32:46.317Z,-7.6811,105.1944,35,4.3,mb,,200,2.547,0.83,us,us600050vv,2019-10-11T20:12:45.040Z,"160 km SSW of Labuan, Indonesia",earthquake,11.9,1.9,0.201,7,reviewed,us,us
2019-07-28T14:25:02.625Z,-6.9777,106.1423,58.47,5.1,mb,,102,1.469,0.82,us,us60004wrw,2023-03-16T05:07:00.244Z,"45 km W of Pelabuhanratu, Indonesia",earthquake,7.9,3.1,0.065,77,reviewed,us,us
2019-07-28T20:23:10.452Z,-8.7333,114.5164,98.66,4.4,mb,,147,0.445,0.8,us,us60004wtx,2019-10-11T20:12:46.040Z,"38 km SSE of Muncar, Indonesia",earthquake,11.1,7.4,0.134,16,reviewed,us,us
2019-08-01T08:39:10.243Z,-8.2793,114.087,149.45,4.4,mb,,114,0.2,0.79,us,us600052tj,2019-10-19T21:42:18.040Z,"11 km NW of Genteng, Indonesia",earthquake,11.1,5.1,0.161,11,reviewed,us,us
2019-08-02T17:22:04.730Z,-7.0053,106.6077,88.01,4.4,mb,,119,1.015,0.99,us,us600052v3,2019-10-19T21:42:19.040Z,"6 km ESE of Pelabuhanratu, Indonesia",earthquake,8.3,7.1,0.105,33,reviewed,us,us
2019-08-03T09:24:17.896Z,-6.7575,105.0147,71.36,4.2,mb,,181,3.141,1.57,us,us600052wm,2019-10-19T21:42:20.040Z,"99 km WSW of Labuan, Indonesia",earthquake,9,9.8,0.147,13,reviewed,us,us
2019-08-03T20:31:20.040Z,-8.0448,106.9644,35,4.3,mb,,134,3.527,0.51,us,us600052x7,2019-10-19T21:42:20.040Z,"107 km SSW of Banjar, Indonesia",earthquake,10,2,0.202,7,reviewed,us,us
2019-08-10T13:26:45.560Z,-8.4024,110.1978,95.38,4.5,mb,,59,0.583,1.11,us,us600053en,2019-10-29T20:33:55.040Z,"50 km S of Bambanglipuro, Indonesia",earthquake,7.9,6.5,0.1,29,reviewed,us,us
2019-08-17T05:18:28.404Z,-7.2625,106.0319,66.71,4.3,mb,,120,1.63,0.42,us,us700058ez,2019-11-02T15:26:23.040Z,"64 km WSW of Pelabuhanratu, Indonesia",earthquake,9.7,9.4,0.154,12,reviewed,us,us
2019-08-17T17:23:36.896Z,-6.7177,108.9996,230.74,4.3,mb,,68,1.379,1.02,us,us700058fc,2019-11-02T15:26:23.040Z,"18 km NNE of Bulakamba, Indonesia",earthquake,8,6.7,0.104,32,reviewed,us,us
2019-08-24T12:45:51.418Z,-8.5691,112.5809,79.99,4.1,mb,,91,1.557,0.85,us,us700059sw,2019-11-08T22:13:53.040Z,"43 km SSW of Dampit, Indonesia",earthquake,9.8,8.8,0.144,13,reviewed,us,us
2019-08-25T12:48:46.843Z,-7.9083,108.9742,103.77,4.5,mb,,79,1.534,0.56,us,us700057z8,2019-11-08T22:13:47.040Z,"42 km SW of Kroya, Indonesia",earthquake,6.1,5.9,0.096,32,reviewed,us,us
2019-08-28T15:26:48.693Z,-8.3132,109.0341,95.78,4.3,mb,,119,1.527,0.81,us,us70005bj8,2019-11-15T17:19:20.040Z,"78 km SSW of Kroya, Indonesia",earthquake,8.1,4.6,0.129,17,reviewed,us,us
2019-09-04T08:36:30.813Z,-7.9768,111.9504,141.63,4.1,mb,,101,1.415,1.01,us,us70005eu4,2019-11-30T19:36:26.040Z,"10 km NNE of Kedungwaru, Indonesia",earthquake,6.4,9.9,0.158,12,reviewed,us,us
2019-09-07T03:56:12.617Z,-8.1167,107.2296,53.64,4.3,mb,,114,1.34,1.24,us,us70005fx2,2019-11-30T19:36:19.040Z,"104 km SSW of Banjar, Indonesia",earthquake,6,8.6,0.148,13,reviewed,us,us
2019-09-19T07:06:33.291Z,-6.0708,111.8422,610,6.1,mww,,19,1.698,0.97,us,us60005kta,2025-12-22T18:17:02.566Z,"81 km NNE of Lasem, Indonesia",earthquake,8.8,2,0.038,66,reviewed,us,us
2019-09-19T07:32:01.582Z,-6.0586,111.8877,617.56,5.9,mww,,19,1.742,0.87,us,us60005ku0,2025-12-22T17:55:34.926Z,"85 km NE of Lasem, Indonesia",earthquake,9.3,3.7,0.048,41,reviewed,us,us
2019-09-19T07:32:58.793Z,-6.0534,111.8968,636.41,5.6,mb,,25,1.752,0.69,us,us60005kuc,2025-12-22T19:05:01.182Z,"86 km NE of Lasem, Indonesia",earthquake,9.9,6.7,0.066,82,reviewed,us,us
2019-09-20T13:15:30.685Z,-7.0104,106.1703,72.17,4.5,mb,,122,4.142,0.38,us,us70005mje,2019-12-10T17:27:16.040Z,"42 km W of Pelabuhanratu, Indonesia",earthquake,14.5,10.5,0.181,9,reviewed,us,us
2019-09-27T18:04:58.450Z,-7.3428,105.8531,57.52,4.5,mb,,179,1.822,0.78,us,us70005s2i,2019-12-20T19:04:28.040Z,"86 km WSW of Pelabuhanratu, Indonesia",earthquake,8.7,5.2,0.113,27,reviewed,us,us
2019-10-09T08:21:55.805Z,-8.1516,109.0363,80.14,4.2,mb,,133,1.491,0.65,us,us70005v1m,2019-12-28T20:46:18.040Z,"61 km SSW of Kroya, Indonesia",earthquake,9.2,3.6,0.176,9,reviewed,us,us
2019-10-14T11:34:02.214Z,-8.2152,109.3923,89.44,4.5,mb,,102,1.159,1.28,us,us70005u2b,2019-12-28T20:46:02.040Z,"66 km SSE of Kroya, Indonesia",earthquake,6.6,5.6,0.096,32,reviewed,us,us
2019-10-31T01:56:15.542Z,-7.8484,108.4412,87.49,4.4,mb,,74,1.307,0.73,us,us60006980,2020-01-18T20:00:41.040Z,"55 km SW of Sidareja, Indonesia",earthquake,7.6,6.8,0.148,13,reviewed,us,us
2019-11-01T08:38:10.866Z,-7.7631,108.062,91.71,4.8,mb,,61,2.443,0.88,us,us700061xg,2020-01-18T20:00:52.040Z,"45 km SSW of Kawalu, Indonesia",earthquake,11.3,7.2,0.095,34,reviewed,us,us
2019-11-09T01:19:44.806Z,-7.6339,108.1636,93.5,4.5,mb,,96,0.972,0.87,us,us60006c2a,2020-02-01T23:22:03.040Z,"28 km S of Kawalu, Indonesia",earthquake,8.5,7.4,0.171,10,reviewed,us,us
2019-11-14T10:09:10.352Z,-8.2426,114.913,10,4.2,mb,,71,0.786,0.92,us,us70006b2n,2020-02-07T20:20:51.040Z,"6 km SSW of Seririt, Indonesia",earthquake,7.5,1.9,0.131,16,reviewed,us,us
2019-11-14T10:10:12.416Z,-8.1944,114.8863,10,4.6,mb,,34,0.776,0.9,us,us60006bg3,2020-02-07T20:20:51.040Z,"5 km W of Seririt, Indonesia",earthquake,6.5,1.8,0.102,29,reviewed,us,us
2019-11-14T10:21:39.375Z,-8.1384,114.8864,10,5,mww,,26,0.798,1.47,us,us60006bg4,2025-12-22T18:21:31.291Z,"8 km NW of Seririt, Indonesia",earthquake,6.1,1.8,0.086,13,reviewed,us,us
2019-11-14T15:10:20.253Z,-8.1672,114.9059,10,4.6,mb,,52,0.804,0.93,us,us60006bjf,2020-02-07T20:20:54.040Z,"4 km NW of Seririt, Indonesia",earthquake,5.5,1.8,0.085,41,reviewed,us,us
2019-11-14T19:10:52.289Z,-6.9394,106.9316,80.89,4.2,mb,,105,3.69,0.96,us,us70006b4u,2020-02-07T20:21:03.040Z,"2 km SSE of Sukabumi, Indonesia",earthquake,9.5,6.9,0.167,10,reviewed,us,us
2019-11-29T19:52:43.046Z,-8.6778,112.3972,119.45,4.2,mb,,119,1.747,0.96,us,us60006pf6,2020-02-19T18:57:57.040Z,"58 km S of Sumberpucung, Indonesia",earthquake,4.7,7.8,0.11,25,reviewed,us,us
2019-12-10T15:45:35.429Z,-7.8768,108.5045,65.57,4.4,mb,,125,2,0.61,us,us60006pt6,2020-03-04T21:26:51.040Z,"53 km SW of Sidareja, Indonesia",earthquake,11.5,4.7,0.098,30,reviewed,us,us
2019-12-15T03:36:28.111Z,-7.7109,107.0228,44.08,4.3,mb,,156,3.453,0.35,us,us70006tn7,2020-03-04T21:27:21.040Z,"72 km SW of Banjar, Indonesia",earthquake,13,9.6,0.169,10,reviewed,us,us
2019-12-16T12:52:33.978Z,-7.1634,106.0015,60.53,4.8,mb,,83,4.115,0.69,us,us60006s5l,2020-03-04T21:27:09.040Z,"63 km WSW of Pelabuhanratu, Indonesia",earthquake,9.1,6.3,0.079,49,reviewed,us,us
2019-12-26T07:22:11.473Z,-7.7539,106.8581,61.54,4.7,mb,,102,3.621,0.64,us,us70006r59,2020-03-14T22:24:34.040Z,"88 km SW of Banjar, Indonesia",earthquake,9.4,7.3,0.073,58,reviewed,us,us
2020-01-04T22:55:47.842Z,-8.5966,112.5814,84.15,4.7,mb,,41,1.558,0.9,us,us70006utn,2020-03-21T17:13:05.040Z,"46 km SSW of Dampit, Indonesia",earthquake,7.4,5.8,0.065,71,reviewed,us,us
2020-01-05T23:12:24.295Z,-8.0046,107.4548,38.11,4.9,mww,,29,0.572,1.08,us,us70006v30,2025-12-22T18:25:32.791Z,"89 km S of Banjar, Indonesia",earthquake,6.5,4.6,0.089,12,reviewed,us,us
2020-01-08T22:05:33.881Z,-7.7621,107.9297,69.72,4.6,mb,,50,0.406,0.74,us,us70006wlt,2020-04-02T21:27:53.040Z,"49 km SSW of Singaparna, Indonesia",earthquake,7.7,5.3,0.086,40,reviewed,us,us
2020-01-10T22:06:32.716Z,-7.746,108.0142,62.77,4.4,mb,,64,0.457,0.85,us,us60007dqk,2020-04-02T21:27:29.040Z,"44 km SSW of Singaparna, Indonesia",earthquake,7.9,3.6,0.123,19,reviewed,us,us
2020-01-13T05:19:53.271Z,-7.1159,106.1728,63.35,4.4,mb,,130,1.505,0.95,us,us60007eus,2020-04-02T21:27:37.040Z,"44 km WSW of Pelabuhanratu, Indonesia",earthquake,10.9,7.8,0.12,20,reviewed,us,us
2020-01-19T13:31:12.857Z,-7.0864,107.682,133.84,4.5,mb,,119,0.375,0.69,us,us60007k77,2020-04-08T19:40:05.040Z,"9 km W of Paseh, Indonesia",earthquake,10.3,5.6,0.131,17,reviewed,us,us
2020-02-05T10:49:35.011Z,-7.4507,106.0456,85.55,4.2,mb,,184,1.591,0.56,us,us70007pfh,2020-04-25T22:19:31.040Z,"75 km SW of Pelabuhanratu, Indonesia",earthquake,9.3,7.6,0.136,16,reviewed,us,us
2020-02-05T18:12:37.734Z,-6.0817,113.0778,592.42,6.2,mww,,31,5.479,1.04,us,us70007j6z,2025-12-22T18:27:49.258Z,"113 km NNE of Bangkalan, Indonesia",earthquake,8.3,4.2,0.041,58,reviewed,us,us
2020-02-05T18:34:38.219Z,-6.2187,113.1164,592.59,4.5,mb,,63,2.461,0.82,us,us70007pfr,2020-04-25T22:19:33.040Z,"100 km NNE of Bangkalan, Indonesia",earthquake,12.1,7.8,0.106,26,reviewed,us,us
2020-02-10T05:22:56.635Z,-6.768,105.2929,52.32,4.9,mb,,174,2.438,0.91,us,us70007met,2020-04-25T22:19:07.040Z,"73 km SW of Labuan, Indonesia",earthquake,8.3,6.5,0.074,57,reviewed,us,us
2020-02-17T12:11:45.998Z,-7.3064,105.9296,47.04,4.7,mb,,83,1.713,1.3,us,us70007rtb,2020-05-02T22:10:08.040Z,"77 km WSW of Pelabuhanratu, Indonesia",earthquake,8.2,6.5,0.093,35,reviewed,us,us
2020-02-21T00:57:18.236Z,-7.4707,107.6526,67.11,4.6,mb,,71,0.008,1.35,us,us70007ty9,2020-05-09T21:41:05.040Z,"39 km SE of Banjar, Indonesia",earthquake,6.6,3.4,0.097,32,reviewed,us,us
2020-02-23T06:49:55.826Z,-6.8841,108.9201,216.17,4.1,mb,,77,1.385,0.59,us,us600085y7,2020-05-09T21:40:49.040Z,"4 km WSW of Bulakamba, Indonesia",earthquake,9.4,7.6,0.145,13,reviewed,us,us
2020-03-01T15:50:13.144Z,-6.2076,114.46,502.2,4.6,mb,,54,2.268,0.9,us,us600087ff,2020-05-19T22:14:16.040Z,"109 km NNE of Kalianget, Indonesia",earthquake,9.9,7,0.074,54,reviewed,us,us
2020-03-08T05:03:20.734Z,-6.4638,106.3358,104.96,4,mb,,69,1.639,0.92,us,us60008ecl,2020-05-23T22:03:06.040Z,"15 km SE of Rangkasbitung, Indonesia",earthquake,9.1,7.5,0.116,21,reviewed,us,us
2020-03-10T10:18:04.505Z,-6.7852,106.6813,10,5,mb,,86,1.173,1.15,us,us60008d3j,2025-12-22T18:30:52.232Z,"11 km W of Cicurug, Indonesia",earthquake,6.5,1.8,0.076,56,reviewed,us,us
2020-03-14T02:17:53.430Z,-8.3139,108.9137,76.53,4.5,mb,,166,1.51,0.45,us,us60008hq9,2020-05-30T22:17:19.040Z,"83 km SSW of Kroya, Indonesia",earthquake,7.8,9.4,0.191,8,reviewed,us,us
2020-03-14T23:26:34.621Z,-6.8374,105.653,74.56,4.4,mb,,159,1.947,0.88,us,us60008hq3,2020-05-30T22:17:19.040Z,"54 km SSW of Labuan, Indonesia",earthquake,9.8,10.4,0.156,12,reviewed,us,us
2020-03-16T03:56:41.714Z,-7.4774,106.7727,72.78,4.5,mb,,129,0.87,0.79,us,us70008gx1,2020-05-30T22:17:23.040Z,"59 km SSE of Pelabuhanratu, Indonesia",earthquake,10.8,6.8,0.124,19,reviewed,us,us
2020-03-18T08:45:48.597Z,-7.5152,107.6753,117.12,4.2,mb,,124,0.057,0.87,us,us70008gye,2020-06-06T20:53:46.040Z,"44 km SE of Banjar, Indonesia",earthquake,9.7,5.6,0.158,11,reviewed,us,us
2020-03-18T23:54:49.841Z,-6.7286,109.4694,241.95,4.6,mb,,41,1.015,1.26,us,us70008bx9,2020-06-06T20:53:51.040Z,"20 km NNE of Pemalang, Indonesia",earthquake,6.9,4.5,0.061,80,reviewed,us,us
2020-04-05T00:15:23.641Z,-8.5361,113.1477,127.08,4.9,mww,,31,0.995,0.87,us,us70008nye,2025-12-22T18:32:10.485Z,"36 km SW of Kencong, Indonesia",earthquake,6.4,5.2,0.068,21,reviewed,us,us
2020-04-09T07:20:55.527Z,-8.0814,107.8508,55.63,4.4,mb,,65,0.646,1.11,us,us70008xlj,2020-06-30T14:03:12.040Z,"85 km SSW of Singaparna, Indonesia",earthquake,7.6,5.2,0.11,24,reviewed,us,us
2020-04-15T09:50:00.684Z,-8.597,112.5379,83.3,4.3,mb,,148,1.601,0.73,us,us70008wnu,2020-07-09T14:31:06.040Z,"47 km SSW of Gongdanglegi Kulon, Indonesia",earthquake,4.2,9.3,0.153,13,reviewed,us,us
2020-04-25T04:43:24.056Z,-5.973,106.1768,180,4.3,mb,,91,1.659,1.17,us,us60009c1g,2020-07-11T22:19:01.040Z,"15 km N of Serang, Indonesia",earthquake,8.7,6.3,0.116,21,reviewed,us,us
2020-04-30T08:21:59.649Z,-7.0922,106.9026,59.57,4.8,mb,,50,0.827,0.8,us,us70009aj8,2020-07-18T21:57:39.040Z,"19 km S of Sukabumi, Indonesia",earthquake,7.8,5.5,0.072,59,reviewed,us,us
2020-05-01T10:43:32.137Z,-7.8725,108.2608,84.18,4.3,mb,,78,0.729,0.64,us,us70009b4g,2020-07-18T21:57:43.040Z,"54 km S of Kawalu, Indonesia",earthquake,5.7,5.5,0.1,28,reviewed,us,us
2020-05-08T10:32:45.147Z,-8.6843,114.5627,95.26,4.5,mb,,87,0.458,0.78,us,us70009g3z,2020-07-29T22:14:19.040Z,"36 km S of Negara, Indonesia",earthquake,10.8,5.4,0.118,21,reviewed,us,us
2020-05-08T20:39:50.063Z,-7.6571,106.312,43.05,4.4,mb,,68,1.34,0.89,us,us70009g4l,2020-07-29T22:14:21.040Z,"78 km SSW of Pelabuhanratu, Indonesia",earthquake,6.5,2.1,0.104,30,reviewed,us,us
2020-05-12T10:06:24.533Z,-7.2105,106.0961,98.35,4.3,mb,,141,1.561,0.73,us,us70009kut,2020-07-29T22:14:39.040Z,"56 km WSW of Pelabuhanratu, Indonesia",earthquake,13,8,0.168,10,reviewed,us,us
2020-05-18T11:04:53.228Z,-8.1925,108.1588,64.49,4.4,mb,,57,0.883,1,us,us70009ni5,2020-08-02T00:28:53.040Z,"89 km S of Kawalu, Indonesia",earthquake,6.9,5.6,0.105,26,reviewed,us,us
2020-05-19T10:00:18.966Z,-7.8311,107.9644,61.62,4.9,mb,,49,0.48,0.84,us,us70009kn8,2020-08-02T00:28:15.040Z,"55 km SSW of Singaparna, Indonesia",earthquake,8.3,5,0.067,72,reviewed,us,us
2020-05-19T10:23:13.369Z,-8.5604,110.9562,80.35,4.1,mb,,61,0.773,0.69,us,us6000a01n,2020-08-02T00:28:15.040Z,"76 km SSW of Jatiroto, Indonesia",earthquake,8.9,6.1,0.145,13,reviewed,us,us
2020-05-24T07:11:43.210Z,-7.8402,107.9778,64.88,4.8,mb,,66,0.496,0.62,us,us70009pd2,2020-08-08T18:17:55.040Z,"56 km SSW of Singaparna, Indonesia",earthquake,7.2,2.3,0.071,62,reviewed,us,us
2020-05-27T03:52:11.620Z,-8.2467,114.9212,10,4.3,mb,,46,0.792,0.64,us,us60009zsk,2020-08-15T20:19:35.040Z,"6 km SSW of Seririt, Indonesia",earthquake,6.4,1.9,0.109,24,reviewed,us,us
2020-06-10T01:25:33.263Z,-6.0385,111.9458,602.38,4.2,mb,,31,1.801,0.68,us,us6000a918,2020-08-22T19:14:40.040Z,"90 km NE of Lasem, Indonesia",earthquake,10.8,6.4,0.088,36,reviewed,us,us
2020-06-11T20:22:25.402Z,-8.2219,105.3274,10,4.6,mb,,190,2.421,0.64,us,us6000ae5u,2020-08-22T19:14:59.040Z,"192 km SW of Pelabuhanratu, Indonesia",earthquake,10.4,1.9,0.157,12,reviewed,us,us
2020-06-12T10:51:01.809Z,-8.2197,105.2385,10,4.6,mb,,69,2.504,0.46,us,us6000aakb,2020-08-22T19:14:47.040Z,"198 km SW of Pelabuhanratu, Indonesia",earthquake,7.8,1.4,0.094,34,reviewed,us,us
2020-06-16T04:32:49.595Z,-7.0855,105.7059,35,4.5,mb,,136,1.964,0.85,us,us6000ah6r,2020-08-22T19:15:04.040Z,"79 km S of Labuan, Indonesia",earthquake,12.5,1.9,0.132,17,reviewed,us,us
2020-06-20T08:17:05.574Z,-6.239,106.4925,169.4,4.4,mb,,118,1.672,0.44,us,us7000ac25,2020-08-30T00:01:18.040Z,"1 km W of Cikupa, Indonesia",earthquake,11.5,6.8,0.13,17,reviewed,us,us
2020-06-26T18:13:18.660Z,-8.4246,105.2135,10,4.4,mb,,78,2.595,0.74,us,us7000agr5,2020-09-05T17:35:41.040Z,"216 km SW of Pelabuhanratu, Indonesia",earthquake,7,1.8,0.094,39,reviewed,us,us
2020-07-02T12:00:41.143Z,-7.6355,106.5785,32.35,4,mb,,181,1.076,0.98,us,us7000ak4y,2020-09-11T22:13:53.040Z,"71 km S of Pelabuhanratu, Indonesia",earthquake,5.4,6.3,0.211,6,reviewed,us,us
2020-07-07T04:44:13.602Z,-6.3146,106.3418,96.85,5.1,mww,,24,1.361,1.03,us,us7000aja4,2025-12-22T18:37:42.588Z,"11 km ENE of Rangkasbitung, Indonesia",earthquake,7.1,4.1,0.083,14,reviewed,us,us
2020-07-08T14:54:45.499Z,-5.9088,105.8121,170.98,4.5,mb,,118,2.008,1.15,us,us7000ak27,2020-09-19T20:57:57.040Z,"44 km WNW of Serang, Indonesia",earthquake,8.6,5.9,0.079,47,reviewed,us,us
2020-07-10T04:55:56.615Z,-7.3423,106.8384,46.22,4.4,mb,,132,0.813,0.84,us,us7000aq78,2020-09-19T20:58:27.040Z,"47 km SSW of Sukabumi, Indonesia",earthquake,9.8,6.7,0.139,15,reviewed,us,us
2020-07-11T09:15:03.907Z,-8.1808,106.4415,34.99,4.2,mb,,120,1.393,0.49,us,us7000aqbh,2020-09-19T20:58:28.040Z,"132 km S of Pelabuhanratu, Indonesia",earthquake,9.2,5.6,0.153,12,reviewed,us,us
2020-07-12T19:50:31.277Z,-8.6756,109.9033,74.1,4.3,mb,,118,0.975,0.95,us,us7000amdp,2020-09-19T20:58:13.040Z,"90 km SSW of Srandakan, Indonesia",earthquake,8,7.2,0.125,18,reviewed,us,us
2020-07-14T00:04:34.872Z,-6.5552,106.3621,106.19,4.6,mb,,87,1.564,0.92,us,us7000an3y,2020-09-19T20:58:18.040Z,"25 km SSE of Rangkasbitung, Indonesia",earthquake,8.6,3.4,0.078,50,reviewed,us,us
2020-07-28T02:00:33.408Z,-7.5425,107.0704,50.22,4.6,mb,,66,0.58,0.65,us,us6000b8sm,2020-10-03T17:32:36.040Z,"55 km SW of Banjar, Indonesia",earthquake,6,7.2,0.173,10,reviewed,us,us
2020-08-01T16:24:35.565Z,-6.1779,108.1537,10,4.3,mb,,121,1.37,0.97,us,us6000ba4g,2020-10-10T17:11:17.040Z,"24 km NW of Indramayu, Indonesia",earthquake,3.4,1.9,0.178,9,reviewed,us,us
2020-08-16T15:12:35.976Z,-7.6793,107.3531,29.84,4.2,mb,,108,0.364,0.38,us,us6000bib4,2020-10-24T20:09:10.040Z,"54 km S of Banjar, Indonesia",earthquake,6.5,6.2,0.152,12,reviewed,us,us
2020-08-23T21:05:36.372Z,-7.7972,107.3366,58.81,4.1,mb,,79,0.455,0.77,us,us7000beat,2020-10-31T19:06:34.040Z,"67 km S of Banjar, Indonesia",earthquake,8,5.4,0.145,13,reviewed,us,us
2020-08-23T22:52:39.411Z,-7.7582,111.4201,142.33,4.1,mb,,62,0.901,0.78,us,us7000beax,2020-10-31T19:06:34.040Z,"13 km NNW of Ponorogo, Indonesia",earthquake,8.5,0.8,0.135,15,reviewed,us,us
2020-08-28T10:31:13.138Z,-6.4614,105.864,65.97,4.2,mb,,180,2.032,0.34,us,us7000bgl1,2020-11-07T18:48:48.040Z,"9 km SSE of Labuan, Indonesia",earthquake,13.9,5.2,0.159,11,reviewed,us,us
2020-08-30T18:28:06.156Z,-8.4461,111.2975,107.95,4.2,mb,,80,0.932,0.92,us,us7000bf2e,2020-11-07T18:48:37.040Z,"60 km SW of Trenggalek, Indonesia",earthquake,7.6,6.8,0.136,15,reviewed,us,us
2020-09-04T14:42:10.566Z,-8.4084,114.4458,157.48,4,mb,,98,0.297,0.73,us,us7000bkxk,2020-11-17T19:44:35.040Z,"12 km ENE of Muncar, Indonesia",earthquake,12.3,5.4,0.164,10,reviewed,us,us
2020-09-08T02:06:15.862Z,-7.4979,106.6258,53.14,4.5,mb,,61,1.016,0.63,us,us7000bjid,2020-11-17T19:44:54.040Z,"57 km S of Pelabuhanratu, Indonesia",earthquake,8.4,6.5,0.108,27,reviewed,us,us
2020-09-22T01:39:24.230Z,-8.6017,111.1266,92.31,4,mb,,108,0.908,0.93,us,us6000c17d,2020-11-28T21:32:03.040Z,"79 km S of Jatiroto, Indonesia",earthquake,7.2,3.5,0.164,12,reviewed,us,us
2020-10-03T23:03:23.638Z,-6.0151,112.8793,611.76,4.2,mb,,77,2.631,0.8,us,us6000c6ra,2020-12-12T22:28:47.040Z,"110 km NNE of Paciran, Indonesia",earthquake,11,7.5,0.132,16,reviewed,us,us
2020-10-19T19:57:15.407Z,-8.074,108.1948,60.09,4.5,mb,,52,0.812,1.28,us,us6000c9h5,2020-12-29T23:07:43.040Z,"76 km S of Kawalu, Indonesia",earthquake,4.6,6.4,0.089,37,reviewed,us,us
2020-10-21T23:50:21.837Z,-6.7441,106.3321,10,4.5,mb,,62,1.49,0.8,us,us7000c6bl,2021-01-09T20:05:33.040Z,"36 km NW of Pelabuhanratu, Indonesia",earthquake,5.9,1.9,0.11,24,reviewed,us,us
2020-10-25T00:56:45.775Z,-7.9934,107.9821,43,5.4,mww,,26,0.621,0.93,us,us6000cctq,2025-12-22T17:59:11.733Z,"72 km SSW of Kawalu, Indonesia",earthquake,6.9,1.8,0.073,18,reviewed,us,us
2020-10-25T23:49:48.583Z,-8.1249,107.8954,48.84,4.4,mb,,67,0.701,1.03,us,us6000cd48,2021-01-09T20:05:26.040Z,"88 km SSW of Singaparna, Indonesia",earthquake,7.9,6.3,0.107,25,reviewed,us,us
2020-10-28T06:49:15.007Z,-8.5172,112.4335,85.06,4.1,mb,,62,1.7,0.98,us,us7000c6n1,2021-01-18T23:01:34.040Z,"40 km S of Sumberpucung, Indonesia",earthquake,4.7,6.7,0.139,15,reviewed,us,us
2020-11-01T14:34:11.015Z,-7.1501,107.6332,10,4.3,mb,,103,0.31,1.12,us,us7000cb8r,2021-01-18T23:01:57.040Z,"12 km SSE of Banjaran, Indonesia",earthquake,4.8,1.7,0.132,16,reviewed,us,us
2020-11-04T22:21:49.702Z,-7.3061,106.1567,39.99,5.2,mb,,26,1.489,0.8,us,us7000cajk,2021-01-23T22:25:27.040Z,"56 km SW of Pelabuhanratu, Indonesia",earthquake,2.2,4.9,0.054,114,reviewed,us,us
2020-11-14T03:00:51.594Z,-8.584,111.632,108.53,4.1,mb,,107,1.284,0.82,us,us6000cpui,2021-01-27T17:28:15.040Z,"56 km S of Trenggalek, Indonesia",earthquake,8.9,11.7,0.185,9,reviewed,us,us
2020-11-14T15:32:32.014Z,-6.6942,105.1651,67.88,4.6,mb,,115,2.581,0.91,us,us7000cezg,2021-01-27T17:29:33.040Z,"Sunda Strait, Indonesia",earthquake,5.8,6.5,0.1,32,reviewed,us,us
2020-11-28T21:07:52.124Z,-7.3706,106.605,57.56,4.5,mb,,119,1.04,0.76,us,us7000ckpv,2021-02-06T18:28:51.040Z,"42 km S of Pelabuhanratu, Indonesia",earthquake,7.8,4,0.077,50,reviewed,us,us
2020-11-29T03:34:14.327Z,-8.7172,111.3953,68.88,4.1,mb,,92,1.176,0.85,us,us7000cmn0,2021-02-06T18:29:48.040Z,"78 km SSW of Trenggalek, Indonesia",earthquake,9.4,8.1,0.158,12,reviewed,us,us
2020-12-04T04:35:29.909Z,-6.1721,113.9353,550.86,4,mb,,66,2.293,0.74,us,us7000cmua,2021-02-12T22:38:48.040Z,"93 km N of Sumenep, Indonesia",earthquake,10.9,7.7,0.126,17,reviewed,us,us
2020-12-17T01:45:54.377Z,-8.7466,106.1764,10,4.7,mb,,114,1.938,0.65,us,us6000d1us,2021-02-27T23:23:30.040Z,"198 km SSW of Pelabuhanratu, Indonesia",earthquake,8.2,1.9,0.123,20,reviewed,us,us
2021-01-07T19:05:35.908Z,-6.6812,109.2756,237.58,4.3,mb,,115,1.213,0.62,us,us6000d6ip,2021-03-13T22:59:49.040Z,"25 km NE of Tegal, Indonesia",earthquake,11.7,6.2,0.133,16,reviewed,us,us
2021-01-13T14:35:02.851Z,-5.7641,110.7542,546.39,4.5,mb,,24,1.314,0.81,us,us7000d24l,2021-03-20T21:25:16.040Z,"79 km N of Batang, Indonesia",earthquake,6.4,5.5,0.057,91,reviewed,us,us
2021-01-14T01:51:17.879Z,-8.1371,105.4526,10,4.3,mb,,146,2.278,0.96,us,us7000d2dq,2021-03-20T21:25:28.040Z,"175 km SW of Pelabuhanratu, Indonesia",earthquake,8.8,1.9,0.137,15,reviewed,us,us
2021-01-15T14:17:02.903Z,-8.3389,108.6481,101.89,4.1,mb,,125,1.317,0.75,us,us7000d2fq,2021-03-27T21:06:04.040Z,"95 km S of Sidareja, Indonesia",earthquake,6.9,8,0.158,11,reviewed,us,us
2021-02-02T23:39:36.409Z,-7.9775,108.9834,106.18,4.3,mb,,121,1.417,1.13,us,us6000dg01,2021-04-16T19:04:00.040Z,"47 km SW of Kroya, Indonesia",earthquake,4.4,6.5,0.138,15,reviewed,us,us
2021-02-16T07:24:40.126Z,-7.8021,106.8584,44.3,4.4,mb,,132,0.854,0.5,us,us6000dk4l,2021-04-23T21:04:45.040Z,"92 km SW of Banjar, Indonesia",earthquake,8.4,5.3,0.118,21,reviewed,us,us
2021-02-16T08:42:11.540Z,-6.0656,112.0975,591.69,5.1,mww,,22,1.914,1.14,us,us6000di0i,2021-04-23T21:04:46.040Z,"92 km N of Tuban, Indonesia",earthquake,7.7,4.7,0.098,10,reviewed,us,us
2021-02-16T08:42:32.484Z,-6.0512,112.1134,593.84,4.8,mb,,56,1.935,0.92,us,us6000dk5v,2021-04-23T21:04:46.040Z,"93 km N of Tuban, Indonesia",earthquake,9.7,6.8,0.09,38,reviewed,us,us
2021-02-21T14:56:33.710Z,-7.3715,106.6916,60.46,4.5,mb,,60,0.954,0.62,us,us7000ddmy,2021-05-04T14:15:53.040Z,"Java, Indonesia",earthquake,7.2,6,0.102,28,reviewed,us,us
2021-02-23T23:18:07.828Z,-8.6668,110.2896,59.17,4.3,mb,,114,0.784,0.88,us,us7000ddyc,2021-05-04T14:16:45.040Z,"79 km S of Bambanglipuro, Indonesia",earthquake,5.2,6.5,0.137,15,reviewed,us,us
2021-02-25T19:45:05.036Z,-6.2895,105.8909,76.31,4.9,mb,,58,4.871,0.93,us,us7000ddp4,2021-05-04T14:17:21.040Z,"11 km NE of Labuan, Indonesia",earthquake,10.1,7,0.064,77,reviewed,us,us
2021-02-27T20:39:46.461Z,-6.9244,106.0952,10,4.3,mb,,111,1.632,0.69,us,us7000dfim,2021-05-13T22:36:52.040Z,"50 km W of Pelabuhanratu, Indonesia",earthquake,9.4,1.9,0.16,11,reviewed,us,us
2021-03-01T13:46:47.081Z,-8.6363,114.5154,101.74,4.3,mb,,97,0.395,0.49,us,us7000dg09,2021-05-13T22:39:24.040Z,"30 km SE of Muncar, Indonesia",earthquake,10.4,4.5,0.147,13,reviewed,us,us
2021-03-02T15:38:04.720Z,-8.1597,107.5103,61.93,4.2,mb,,149,0.706,0.26,us,us7000dg2b,2021-05-13T22:41:02.040Z,"106 km S of Banjar, Indonesia",earthquake,8.2,6.8,0.175,9,reviewed,us,us
2021-03-10T04:07:30.097Z,-6.0075,107.117,310.5,4.1,mb,,131,1.539,0.93,us,us7000dkmc,2021-05-21T19:52:47.040Z,"26 km NW of Rengasdengklok, Indonesia",earthquake,8.8,5.7,0.174,9,reviewed,us,us
2021-03-26T01:59:08.117Z,-8.6082,106.4204,10,4.3,mb,,141,1.666,0.37,us,us6000dy84,2021-06-08T17:59:36.040Z,"179 km S of Pelabuhanratu, Indonesia",earthquake,9.2,1.9,0.238,5,reviewed,us,us
2021-04-01T05:00:51.277Z,-8.6618,113.5845,92.54,4.4,mb,,82,0.592,0.49,us,us6000dy4i,2021-06-08T17:59:31.040Z,"48 km SSE of Kencong, Indonesia",earthquake,7.7,6.1,0.097,31,reviewed,us,us
2021-04-10T07:00:15.485Z,-8.5707,112.5054,67,6,mww,,21,1.631,0.83,us,us6000e0iy,2025-12-22T18:56:02.531Z,"45 km S of Sumberpucung, Indonesia",earthquake,7.3,1.9,0.066,22,reviewed,us,us
2021-04-10T23:54:58.852Z,-8.3613,112.469,113.16,5.1,mb,,39,1.668,0.77,us,us6000e0pw,2021-06-19T21:24:59.040Z,"22 km S of Sumberpucung, Indonesia",earthquake,7,4.7,0.052,122,reviewed,us,us
2021-04-14T06:28:42.018Z,-7.0761,106.0265,45.72,5,mb,,65,1.655,0.65,us,us6000e1f0,2022-01-17T04:08:19.635Z,"58 km W of Pelabuhanratu, Indonesia",earthquake,8.3,5.5,0.076,56,reviewed,us,us
2021-04-27T03:23:01.451Z,-8.4966,110.2608,75.27,4.4,mb,,62,0.635,0.75,us,us7000e024,2021-07-07T18:35:57.040Z,"60 km S of Bambanglipuro, Indonesia",earthquake,4.7,5.8,0.144,14,reviewed,us,us
2021-04-27T09:23:39.234Z,-7.4516,106.9425,56.93,5,mb,,35,0.701,0.62,us,us7000dxtl,2025-12-22T18:57:13.668Z,"59 km S of Sukabumi, Indonesia",earthquake,7.9,5,0.053,120,reviewed,us,us
2021-05-03T20:22:36.362Z,-7.6543,112.3906,169.66,4.2,mb,,70,1.868,1.2,us,us7000e1tn,2021-07-10T20:16:02.040Z,"10 km SSE of Mojoagung, Indonesia",earthquake,7,6.4,0.124,18,reviewed,us,us
2021-05-04T14:03:03.436Z,-6.9917,106.7213,72.19,4.5,mb,,174,1.033,0.42,us,us7000e22i,2021-07-10T20:16:05.040Z,"18 km E of Pelabuhanratu, Indonesia",earthquake,9.3,9.1,0.14,15,reviewed,us,us
2021-05-07T19:07:06.767Z,-8.0426,106.866,36.91,4.3,mb,,113,0.967,0.55,us,us7000e2hm,2021-07-23T18:08:36.040Z,"112 km SSW of Banjar, Indonesia",earthquake,5.5,7.5,0.133,19,reviewed,us,us
2021-05-21T12:09:22.756Z,-8.4206,112.332,106,5.8,mww,,23,1.801,0.65,us,us7000e50p,2025-12-22T19:00:41.913Z,"33 km SSW of Sumberpucung, Indonesia",earthquake,3.6,1.9,0.062,25,reviewed,us,us
2021-05-22T15:47:22.777Z,-7.7873,107.3605,67.12,4.3,mb,,110,0.431,0.8,us,us7000e5bp,2021-07-31T22:08:33.040Z,"65 km S of Banjar, Indonesia",earthquake,9.7,5.9,0.142,14,reviewed,us,us
2021-05-23T03:48:11.936Z,-6.3831,105.3483,10,5.1,mb,,48,2.293,1.13,us,us7000e5fh,2021-07-31T22:08:45.040Z,"53 km W of Labuan, Indonesia",earthquake,5.8,1.7,0.062,85,reviewed,us,us
2021-05-23T03:50:49.612Z,-6.2692,105.525,15.95,5.2,mww,,31,2.147,1.07,us,us7000e5fj,2025-12-22T19:00:58.608Z,"35 km WNW of Labuan, Indonesia",earthquake,5.9,3.2,0.098,10,reviewed,us,us
2021-05-23T03:52:33.998Z,-6.1451,105.487,10,4.7,mb,,110,2.218,1.11,us,us6000effs,2021-07-31T22:08:45.040Z,"45 km NW of Labuan, Indonesia",earthquake,11.7,1.9,0.246,6,reviewed,us,us
2021-05-23T04:33:48.665Z,-6.3991,105.3509,10,4.7,mb,,57,2.287,1.19,us,us7000e5fp,2021-07-31T22:08:46.040Z,"53 km W of Labuan, Indonesia",earthquake,5.2,1.8,0.108,26,reviewed,us,us
2021-05-24T21:36:30.114Z,-7.1576,106.4001,84.57,4.4,mb,,129,1.276,0.97,us,us7000e5xz,2021-07-31T22:09:23.040Z,"25 km SW of Pelabuhanratu, Indonesia",earthquake,9,6.4,0.117,21,reviewed,us,us
2021-06-01T13:53:47.565Z,-8.1615,114.721,191.14,4.3,mb,,42,0.641,0.72,us,us6000egml,2021-08-07T22:06:58.040Z,"24 km W of Seririt, Indonesia",earthquake,8,5,0.129,19,reviewed,us,us
2021-06-05T18:18:26.889Z,-7.5554,107.2005,65.51,4.6,mb,,50,0.455,0.96,us,us7000ea3z,2021-08-24T21:35:18.040Z,"47 km SSW of Banjar, Indonesia",earthquake,7.8,5.4,0.081,51,reviewed,us,us
2021-06-07T17:28:50.367Z,-8.3185,112.4423,116.36,4.1,mb,,84,1.698,1.02,us,us7000eatv,2021-08-24T21:34:31.040Z,"18 km SSW of Sumberpucung, Indonesia",earthquake,8.1,2.3,0.14,14,reviewed,us,us
2021-06-12T11:36:37.658Z,-6.2747,105.0912,71.56,4.3,mb,,180,2.801,0.67,us,us7000edt4,2021-08-26T21:59:10.040Z,"82 km W of Labuan, Indonesia",earthquake,15.5,12.4,0.129,17,reviewed,us,us
2021-06-15T10:11:11.490Z,-6.5554,107.502,63.38,4,mb,,159,0.913,0.38,us,us7000ee5f,2021-08-26T21:59:22.040Z,"6 km E of Purwakarta, Indonesia",earthquake,9,12,0.183,10,reviewed,us,us
2021-06-17T19:32:10.100Z,-8.7014,105.8441,10,4.2,mb,,146,2.17,0.84,us,us7000ef90,2021-08-26T21:59:30.040Z,"204 km SSW of Pelabuhanratu, Indonesia",earthquake,4.8,1.9,0.237,5,reviewed,us,us
2021-06-21T01:01:37.919Z,-8.2349,108.5288,69.79,4.6,mb,,125,1.16,1.33,us,us6000eppe,2021-08-27T18:57:58.040Z,"87 km SSW of Sidareja, Indonesia",earthquake,8.6,6,0.132,17,reviewed,us,us
2021-06-21T01:56:00.918Z,-8.3866,107.9828,75.42,4.6,mb,,111,0.975,0.95,us,us7000eeua,2021-08-27T18:57:59.040Z,"113 km SSW of Kawalu, Indonesia",earthquake,7.4,5.3,0.093,35,reviewed,us,us
2021-06-27T22:15:28.772Z,-8.3453,110.6583,85.47,5.1,mb,,25,0.45,0.98,us,us6000eqc7,2025-12-22T19:03:07.963Z,"55 km SE of Pundong, Indonesia",earthquake,5.6,3.5,0.052,119,reviewed,us,us
2021-07-08T23:34:22.084Z,-5.7549,111.3828,513.53,4.1,mb,,58,1.59,0.71,us,us7000elm6,2021-09-10T20:07:33.040Z,"94 km NNE of Tayu, Indonesia",earthquake,13.3,11.7,0.198,7,reviewed,us,us
2021-07-12T06:30:38.589Z,-6.2175,106.1859,140.52,4.7,mb,,62,1.908,0.74,us,us6000eujp,2021-09-17T22:49:48.040Z,"11 km SSE of Serang, Indonesia",earthquake,7.7,4.9,0.068,66,reviewed,us,us
2021-07-15T09:54:04.545Z,-7.2828,105.1444,28.06,4.3,mb,,122,2.491,0.94,us,us6000exnt,2021-09-17T22:49:56.040Z,"125 km SW of Labuan, Indonesia",earthquake,6.3,6.6,0.218,7,reviewed,us,us
2021-08-02T00:48:36.124Z,-7.5659,109.3971,190.68,4.4,mb,,42,1.155,1.02,us,us6000f1et,2021-10-14T01:05:26.040Z,"12 km ESE of Banyumas, Indonesia",earthquake,6.2,3.8,0.1,29,reviewed,us,us
2021-08-09T14:36:01.197Z,-8.0634,108.9836,68.19,4.8,mb,,52,1.45,0.91,us,us6000f3lk,2021-10-23T15:45:58.040Z,"55 km SSW of Kroya, Indonesia",earthquake,7.6,5.9,0.089,44,reviewed,us,us
2021-08-17T04:49:17.892Z,-8.2116,107.5487,35,4.6,mb,,94,0.75,0.93,us,us7000f4sp,2021-10-29T14:47:02.040Z,"113 km S of Banjar, Indonesia",earthquake,6.5,2,0.157,12,reviewed,us,us
2021-08-19T20:07:40.037Z,-7.3957,106.803,119.87,4.1,mb,,108,0.842,0.74,us,us7000f5sb,2021-10-29T14:47:09.040Z,"53 km SSE of Pelabuhanratu, Indonesia",earthquake,6.2,7.2,0.135,15,reviewed,us,us
2021-08-22T21:13:06.012Z,-8.2075,107.5458,35,4.6,mb,,52,0.747,0.89,us,us6000f9sj,2021-11-02T14:54:29.040Z,"Java, Indonesia",earthquake,5.6,1.9,0.08,47,reviewed,us,us
2021-09-14T09:14:38.122Z,-6.8028,105.7018,56.55,4.1,mb,,115,2.041,0.55,us,us7000fcww,2021-11-23T15:11:51.040Z,"49 km SSW of Labuan, Indonesia",earthquake,8,4.7,0.145,13,reviewed,us,us
2021-09-18T23:38:49.706Z,-7.398,106.6382,68.84,4.6,mb,,45,1.005,1.23,us,us7000fcis,2021-12-03T15:01:30.040Z,"46 km SSE of Pelabuhanratu, Indonesia",earthquake,5.7,6,0.091,36,reviewed,us,us
2021-10-11T08:18:03.925Z,-6.7986,106.5036,106.41,4.1,mb,,112,1.315,0.35,us,us6000fuw6,2021-12-18T19:58:51.040Z,"21 km NNW of Pelabuhanratu, Indonesia",earthquake,8.7,9.8,0.185,10,reviewed,us,us
2021-10-15T20:18:21.008Z,-8.3283,115.4645,10,4.7,mww,,25,1.306,0.99,us,us6000fv0u,2021-12-25T22:58:36.040Z,"18 km NNE of Banjar Wangsian, Indonesia",earthquake,5.6,1.7,0.098,10,reviewed,us,us
2021-10-15T22:38:34.460Z,-7.6738,115.354,286.78,4.3,mb,,56,1.429,0.94,us,us6000fv1s,2021-12-25T22:58:36.040Z,"56 km NNE of Singaraja, Indonesia",earthquake,7.3,2.2,0.104,26,reviewed,us,us
2021-10-20T18:53:17.448Z,-7.9008,106.4551,35,4.5,mb,,133,1.261,1.01,us,us6000fxfe,2021-12-25T22:59:01.040Z,"101 km S of Pelabuhanratu, Indonesia",earthquake,8.3,2,0.205,8,reviewed,us,us
2021-10-22T02:21:15.739Z,-8.6515,112.5513,72.87,4.9,mww,,29,1.593,1.28,us,us6000fwmg,2025-12-22T22:17:55.533Z,"53 km SSW of Dampit, Indonesia",earthquake,5.2,4.2,0.098,10,reviewed,us,us
2021-11-09T08:01:03.138Z,-8.3656,106.7549,24.32,4.3,mb,,86,1.261,0.53,us,us7000ftlc,2022-01-15T20:51:52.040Z,"149 km SSW of Banjar, Indonesia",earthquake,7.5,4.9,0.188,9,reviewed,us,us
2021-11-10T02:50:07.762Z,-7.5917,105.8256,21.04,5.1,mb,,45,1.813,0.84,us,us7000fsv8,2022-08-06T19:48:32.675Z,"104 km SW of Pelabuhanratu, Indonesia",earthquake,2.3,4.2,0.062,83,reviewed,us,us
2021-11-11T18:19:25.084Z,-6.6027,108.105,164.41,4.2,mb,,120,0.966,0.65,us,us7000ftav,2021-11-12T17:58:28.040Z,"22 km NW of Jatiwangi, Indonesia",earthquake,9.2,7.2,0.124,18,reviewed,us,us
2021-11-15T11:09:03.146Z,-6.157,108.0175,277.76,4.4,mb,,32,1.347,0.84,us,us7000fu9x,2022-01-22T20:51:53.040Z,"26 km ENE of Pamanukan, Indonesia",earthquake,8,6.5,0.068,62,reviewed,us,us
2021-11-16T04:09:22.383Z,-8.0204,110.0055,119.41,4,mb,,88,0.523,0.56,us,us7000fvic,2022-01-22T20:52:09.040Z,"28 km WSW of Srandakan, Indonesia",earthquake,4.9,5.6,0.173,9,reviewed,us,us
2021-12-03T21:38:00.117Z,-6.1405,112.9335,592.85,4.3,mb,,35,2.611,0.84,us,us6000g8v4,2022-02-12T23:05:46.040Z,"102 km NE of Paciran, Indonesia",earthquake,10,3.5,0.078,46,reviewed,us,us
2021-12-15T23:01:33.625Z,-8.4912,113.5508,29.41,4.8,mb,,46,0.595,0.82,us,us6000gckn,2022-02-24T21:01:29.040Z,"30 km SE of Kencong, Indonesia",earthquake,6.3,4.3,0.071,61,reviewed,us,us
2021-12-22T01:50:44.418Z,-8.3743,105.5173,10,4.7,mb,,103,2.069,0.64,us,us6000gecy,2022-03-01T16:39:10.040Z,"191 km SW of Pelabuhanratu, Indonesia",earthquake,6.3,1.9,0.085,42,reviewed,us,us
2021-12-23T06:33:56.401Z,-7.1983,105.2869,35,4.5,mb,,74,2.358,0.48,us,us6000gerz,2022-03-01T16:39:43.040Z,"108 km SSW of Labuan, Indonesia",earthquake,6.5,1.9,0.087,44,reviewed,us,us
2022-01-06T14:30:46.328Z,-7.2389,105.1142,10,4.5,mb,,74,3.24,0.91,us,us7000gc1k,2022-03-12T22:19:22.040Z,"123 km SW of Labuan, Indonesia",earthquake,5.8,1.9,0.109,27,reviewed,us,us
2022-01-14T09:05:41.461Z,-6.86,105.2887,33,6.6,mww,,22,2.418,0.54,us,us7000gbu4,2025-01-05T02:11:45.617Z,"80 km SW of Labuan, Indonesia",earthquake,3.5,1.7,0.063,24,reviewed,us,us
2022-01-14T09:49:20.820Z,-7.0422,105.2063,34.46,5.4,mww,,23,2.4,0.5,us,us7000gbww,2022-03-19T22:08:01.040Z,"100 km SW of Labuan, Indonesia",earthquake,5.6,3.7,0.098,10,reviewed,us,us
2022-01-14T20:34:29.081Z,-7.0285,105.2305,46.12,4.6,mb,,50,2.375,1.24,us,us7000gc3e,2022-03-19T22:08:02.040Z,"97 km SW of Labuan, Indonesia",earthquake,6.7,6.2,0.069,70,reviewed,us,us
2022-01-15T02:29:40.234Z,-6.8029,105.2852,51.77,4.8,mb,,63,2.313,1,us,us7000gc5t,2022-04-01T17:40:10.040Z,"76 km SW of Labuan, Indonesia",earthquake,4.3,6.6,0.093,40,reviewed,us,us
2022-01-15T05:42:26.449Z,-7.0961,105.0679,35,4.6,mb,,153,2.587,0.87,us,us7000gevi,2022-04-01T17:40:28.040Z,"115 km SW of Labuan, Indonesia",earthquake,8.6,2,0.223,6,reviewed,us,us
2022-01-15T08:18:07.908Z,-7.2777,112.7995,10,4.3,mb,,103,1.788,0.57,us,us7000gevs,2022-04-01T17:40:28.040Z,"6 km ESE of Surabaya, Indonesia",earthquake,7.1,1.9,0.178,9,reviewed,us,us
2022-01-17T00:25:57.521Z,-7.5134,105.8582,35,5,mww,,52,1.777,1.15,us,us7000gcjn,2022-04-01T17:40:14.040Z,"96 km SW of Pelabuhanratu, Indonesia",earthquake,5.9,1.9,0.098,10,reviewed,us,us
2022-01-17T00:35:22.130Z,-6.9094,106.0807,32.54,4.5,mb,,140,1.651,0.55,us,us7000gf0i,2022-04-01T17:40:31.040Z,"52 km W of Pelabuhanratu, Indonesia",earthquake,10.5,6.7,0.131,17,reviewed,us,us
2022-01-19T01:39:42.170Z,-7.5394,105.6899,35,4.3,mb,,132,1.945,1.08,us,us7000gfkg,2022-04-01T17:40:35.040Z,"113 km WSW of Pelabuhanratu, Indonesia",earthquake,6.5,2,0.239,5,reviewed,us,us
2022-01-24T14:38:33.141Z,-8.2897,112.2682,142.06,4.2,mb,,99,1.768,0.64,us,us7000ggr2,2022-04-09T20:18:58.040Z,"23 km SSE of Blitar, Indonesia",earthquake,6.1,8.1,0.128,18,reviewed,us,us
2022-01-27T16:03:03.386Z,-8.7278,108.0851,21.15,5,mb,,27,1.328,0.82,us,us7000gfk4,2022-04-09T20:19:11.040Z,"Java, Indonesia",earthquake,2.9,3.8,0.06,94,reviewed,us,us
2022-02-01T18:22:46.656Z,-8.1363,112.2275,127.43,4.2,mb,,70,1.702,0.79,us,us7000givt,2022-04-15T17:57:24.040Z,"Java, Indonesia",earthquake,6.6,7,0.097,36,reviewed,us,us
2022-02-01T23:59:37.722Z,-7.1929,105.0262,31.04,4.5,mb,,142,2.595,1.03,us,us7000giw1,2022-04-15T17:57:24.040Z,"Java, Indonesia",earthquake,7.9,5.1,0.15,13,reviewed,us,us
2022-02-02T03:23:01.481Z,-7.9885,107.7884,51.82,4.3,mb,,111,2.709,0.98,us,us7000gj3k,2022-04-15T17:57:25.040Z,"78 km SSW of Singaparna, Indonesia",earthquake,8.7,9.7,0.216,6,reviewed,us,us
2022-02-04T10:10:46.682Z,-7.2617,105.9667,44.85,5.2,mww,,31,1.681,0.47,us,us7000ghwb,2023-03-16T12:56:03.857Z,"71 km WSW of Pelabuhanratu, Indonesia",earthquake,5,4.1,0.093,11,reviewed,us,us
2022-02-17T17:09:43.389Z,-6.3943,106.1237,151.94,4.1,mb,,126,1.54,0.56,us,us7000gmzz,2022-04-30T14:18:23.040Z,"9 km S of Pandeglang, Indonesia",earthquake,7.1,8.4,0.151,12,reviewed,us,us
2022-02-19T11:57:44.994Z,-8.7386,109.2577,49.71,4.3,mb,,128,1.497,0.47,us,us6000gzjq,2022-05-04T13:38:37.040Z,"122 km S of Kroya, Indonesia",earthquake,7.7,2.3,0.119,24,reviewed,us,us
2022-02-24T02:35:01.543Z,-8.5571,105.4141,10,4.2,mb,,150,1.9,0.68,us,us6000h152,2022-05-04T13:40:12.040Z,"214 km SW of Pelabuhanratu, Indonesia",earthquake,6,1.9,0.159,11,reviewed,us,us
2022-02-28T15:38:09.418Z,-7.4239,105.9484,53,4.6,mb,,116,1.687,1,us,us6000h0sh,2022-05-07T21:32:37.040Z,"Java, Indonesia",earthquake,8.4,9,0.094,37,reviewed,us,us
2022-03-01T15:12:27.163Z,-8.3929,107.6412,65.6,4.9,mb,,78,0.924,0.89,us,us6000h13s,2022-08-06T09:33:44.651Z,"126 km SSW of Singaparna, Indonesia",earthquake,6.4,5.8,0.075,58,reviewed,us,us
2022-03-02T22:19:25.704Z,-8.1222,108.8825,95.24,4.3,mb,,95,1.386,0.98,us,us6000h2ty,2022-05-07T21:32:55.040Z,"67 km SW of Kroya, Indonesia",earthquake,7,6.3,0.169,10,reviewed,us,us
2022-03-04T13:14:17.791Z,-7.206,105.2812,42.17,4.4,mwr,,90,2.363,0.74,us,us6000h215,2022-05-07T21:32:51.040Z,"109 km SSW of Labuan, Indonesia",earthquake,7.8,6.6,0.075,17,reviewed,us,us
2022-03-12T05:31:11.226Z,-7.3172,106.0704,42.31,5.3,mww,,54,1.573,1.02,us,us6000h3ys,2022-05-27T14:55:19.040Z,"64 km SW of Pelabuhanratu, Indonesia",earthquake,6.6,6.6,0.075,17,reviewed,us,us
2022-03-12T06:19:56.957Z,-7.2179,105.774,35,4.4,mb,,134,1.876,1.32,us,us6000h5de,2022-05-27T14:55:31.040Z,"89 km WSW of Pelabuhanratu, Indonesia",earthquake,6.2,1.9,0.19,9,reviewed,us,us
2022-03-12T20:00:25.524Z,-7.3983,106.0451,29.69,4,mb,,128,1.592,1.15,us,us6000h5e3,2022-05-27T14:55:32.040Z,"72 km SW of Pelabuhanratu, Indonesia",earthquake,5.3,8,0.195,7,reviewed,us,us
2022-03-15T16:53:20.995Z,-7.2364,107.4156,13.9,4.2,mb,,200,0.323,0.26,us,us6000h5tr,2022-05-27T14:55:39.040Z,"4 km SSW of Banjar, Indonesia",earthquake,6.1,7,0.214,7,reviewed,us,us
2022-03-16T03:00:03.847Z,-7.6341,107.0324,50.19,5.3,mww,,51,0.635,0.91,us,us6000h4xf,2023-03-16T11:10:49.614Z,"65 km SW of Banjar, Indonesia",earthquake,7,5.3,0.078,16,reviewed,us,us
2022-03-16T04:06:42.148Z,-7.8224,106.8659,35,4.5,mb,,107,0.855,0.81,us,us6000h6fx,2022-05-27T14:55:40.040Z,"93 km SW of Banjar, Indonesia",earthquake,5.3,1.8,0.205,7,reviewed,us,us
2022-03-16T06:11:27.568Z,-7.7346,106.8097,35,4.4,mb,,127,0.875,1.25,us,us6000h6g8,2022-05-27T14:55:40.040Z,"87 km SSE of Pelabuhanratu, Indonesia",earthquake,6,2,0.24,7,reviewed,us,us
2022-03-17T20:53:30.403Z,-6.2991,106.4256,149.6,4.6,mb,,46,1.29,1.09,us,us6000h5jd,2022-05-27T14:55:34.040Z,"11 km SW of Cikupa, Indonesia",earthquake,8.4,4.9,0.066,69,reviewed,us,us
2022-03-18T15:04:01.911Z,-8.1649,106.7877,25.19,4.8,mb,,77,1.103,0.98,us,us6000h5q7,2022-05-27T14:55:36.040Z,"128 km SSW of Banjar, Indonesia",earthquake,5.9,5,0.07,63,reviewed,us,us
2022-03-19T14:10:18.127Z,-6.8543,105.3922,35,4.6,mb,,48,2.32,0.73,us,us6000h615,2022-05-28T18:35:18.040Z,"71 km SW of Labuan, Indonesia",earthquake,7.9,1.9,0.093,34,reviewed,us,us
2022-03-27T05:53:51.021Z,-6.4677,106.0679,143.49,4.4,mb,,86,1.855,0.59,us,us7000gxm5,2022-06-04T20:42:08.040Z,"18 km SSW of Pandeglang, Indonesia",earthquake,6.6,7.1,0.087,38,reviewed,us,us
2022-03-28T20:36:39.213Z,-6.1741,105.7076,136.38,4.2,mb,,123,2.001,0.81,us,us7000gxxr,2022-06-04T20:42:15.040Z,"26 km NNW of Labuan, Indonesia",earthquake,12.1,7.6,0.147,13,reviewed,us,us
2022-04-01T04:54:16.244Z,-7.3312,105.8945,10,4.8,mww,,128,1.746,1.17,us,us7000gyvl,2022-06-04T20:42:32.040Z,"81 km WSW of Pelabuhanratu, Indonesia",earthquake,7.4,1.8,0.098,10,reviewed,us,us
2022-04-01T07:14:12.495Z,-7.2524,106.0683,18.52,5.3,mww,,34,1.582,0.94,us,us7000gywf,2022-06-04T20:42:33.040Z,"60 km WSW of Pelabuhanratu, Indonesia",earthquake,6.4,4.2,0.083,14,reviewed,us,us
2022-04-01T07:20:12.347Z,-7.0005,105.9354,17.26,4.6,mb,,117,1.762,0.91,us,us7000h061,2022-06-04T20:42:33.040Z,"68 km W of Pelabuhanratu, Indonesia",earthquake,7.1,5.5,0.157,12,reviewed,us,us
2022-04-05T08:37:13.113Z,-7.2843,106.0083,90.34,4.3,mb,,128,1.637,0.85,us,us7000h0qq,2022-06-11T20:21:16.040Z,"68 km WSW of Pelabuhanratu, Indonesia",earthquake,8.3,7.4,0.138,15,reviewed,us,us
2022-04-06T03:03:34.078Z,-7.9136,110.574,149.95,4.8,mb,,50,0.05,0.7,us,us7000h02k,2022-06-11T20:21:06.040Z,"18 km S of Wedi, Indonesia",earthquake,7.4,3.3,0.061,82,reviewed,us,us
2022-04-09T09:41:04.610Z,-8.6323,114.7912,101.14,4.6,mb,,53,0.652,0.58,us,us7000h0vq,2022-06-20T22:07:33.040Z,"35 km SSE of Negara, Indonesia",earthquake,7.2,4.6,0.089,44,reviewed,us,us
2022-04-09T19:47:45.064Z,-7.5353,105.7017,27.88,4.1,mb,,132,1.933,0.89,us,us7000h1vn,2022-06-20T22:08:06.040Z,"111 km WSW of Pelabuhanratu, Indonesia",earthquake,6.9,6.1,0.145,13,reviewed,us,us
2022-04-24T02:37:49.701Z,-6.0355,112.9598,595.39,4.2,mb,46,52,2.692,0.9,us,us6000hfyz,2024-01-18T16:34:18.717Z,"113 km NE of Paciran, Indonesia",earthquake,12.3,7.9,0.118,22,reviewed,us,us
2022-04-24T04:33:02.165Z,-8.1949,109.0837,111.57,4.2,mb,28,55,1.452,0.68,us,us6000hfzn,2022-07-05T03:39:57.040Z,"64 km SSW of Kroya, Indonesia",earthquake,8.1,2,0.132,17,reviewed,us,us
2022-04-25T17:01:04.793Z,-7.3268,106.5702,59.24,4.5,mb,65,108,1.079,1.25,us,us6000hg9g,2022-07-05T03:40:41.040Z,"37 km S of Pelabuhanratu, Indonesia",earthquake,6.1,5.8,0.084,44,reviewed,us,us
2022-04-27T04:00:54.451Z,-7.0578,105.2734,35,4.3,mb,18,146,2.335,0.39,us,us7000h70s,2022-07-05T03:41:14.040Z,"97 km SW of Labuan, Indonesia",earthquake,6.6,2,0.148,13,reviewed,us,us
2022-05-05T07:14:21.185Z,-7.0474,105.3421,58.56,4.5,mb,35,138,2.326,0.63,us,us6000hkl8,2022-07-09T21:40:02.040Z,"91 km SW of Labuan, Indonesia",earthquake,7.9,7.9,0.136,19,reviewed,us,us
2022-05-09T04:50:31.474Z,-8.1576,108.1742,60.73,4.2,mb,31,79,0.864,1.14,us,us6000hlhg,2022-07-22T18:30:56.040Z,"85 km S of Kawalu, Indonesia",earthquake,4,6.1,0.141,14,reviewed,us,us
2022-05-11T12:11:04.952Z,-6.1018,105.908,160.89,4.4,mb,42,53,2.195,0.83,us,us7000h8km,2022-07-22T18:31:13.040Z,"27 km W of Serang, Indonesia",earthquake,3.7,7.3,0.111,25,reviewed,us,us
2022-05-21T13:13:13.055Z,-6.7298,108.9333,257.82,4.3,mb,46,51,1.467,0.87,us,us6000hmws,2022-08-02T19:50:38.040Z,"16 km N of Bulakamba, Indonesia",earthquake,7.9,4.5,0.103,27,reviewed,us,us
2022-05-29T10:09:31.153Z,-6.4006,112.1001,10,4.1,mb,23,88,1.769,0.5,us,us7000hdf8,2022-08-06T22:13:03.040Z,"55 km N of Tuban, Indonesia",earthquake,6,1.9,0.174,11,reviewed,us,us
2022-06-01T15:00:08.682Z,-6.1055,112.9593,592.96,4.4,mb,91,35,2.63,1.18,us,us7000he37,2022-08-06T22:13:13.040Z,"106 km NNE of Bangkalan, Indonesia",earthquake,10.4,6,0.072,56,reviewed,us,us
2022-06-11T23:55:32.018Z,-8.2905,111.4594,108.58,5,mb,166,44,1,0.68,us,us7000hgtm,2022-08-21T00:16:11.040Z,"36 km SW of Trenggalek, Indonesia",earthquake,3.1,4.7,0.048,141,reviewed,us,us
2022-06-26T12:25:34.033Z,-8.6819,115.2802,113.94,4.3,mb,30,75,1.135,0.58,us,us7000hkde,2022-09-03T21:03:40.040Z,"7 km ESE of Denpasar, Indonesia",earthquake,6.4,7.2,0.147,14,reviewed,us,us
2022-06-30T21:51:04.945Z,-6.3234,105.4488,138.83,4.2,mb,19,131,2.208,1,us,us6000i01y,2022-09-03T21:03:30.040Z,"42 km W of Labuan, Indonesia",earthquake,4.7,8.9,0.176,9,reviewed,us,us
2022-07-16T15:05:16.482Z,-8.0051,107.843,64.42,4.5,mb,35,57,0.571,1,us,us6000i31w,2022-09-27T16:56:53.040Z,"Java, Indonesia",earthquake,7.1,6,0.104,27,reviewed,us,us
2022-08-02T13:14:38.939Z,-7.0778,107.5539,133.358,4.5,mb,46,76,0.394,0.61,us,us6000i7g1,2022-10-12T14:49:55.040Z,"5 km SW of Banjaran, Indonesia",earthquake,7.65,3.245,0.115,25,reviewed,us,us
2022-08-14T01:46:08.738Z,-8.3671,108.6747,107.766,4.4,mb,19,76,1.356,0.89,us,us7000i20q,2022-10-28T02:27:38.040Z,"98 km S of Sidareja, Indonesia",earthquake,6.62,7.297,0.189,8,reviewed,us,us
2022-08-25T02:48:49.689Z,-7.6401,106.661,45.444,4.3,mb,20,102,0.996,0.36,us,us7000i4m3,2022-11-01T15:14:42.040Z,"73 km S of Pelabuhanratu, Indonesia",earthquake,8.32,8.086,0.201,7,reviewed,us,us
2022-08-31T22:20:31.343Z,-6.3699,114.512,538.417,4.4,mb,45,51,2.117,0.84,us,us7000i45k,2022-11-06T04:36:44.040Z,"98 km NE of Kalianget, Indonesia",earthquake,9.18,6.32,0.112,23,reviewed,us,us
2022-09-04T10:28:17.829Z,-7.3507,105.9509,49.426,4,mb,25,127,3.091,0.64,us,us7000i7dm,2022-11-15T19:06:14.040Z,"77 km WSW of Pelabuhanratu, Indonesia",earthquake,8.14,5.668,0.196,8,reviewed,us,us
2022-09-07T03:43:56.387Z,-7.8907,106.9672,35,4,mb,14,80,0.799,0.72,us,us7000i819,2022-11-15T19:06:18.040Z,"92 km SSW of Banjar, Indonesia",earthquake,4.31,1.97,0.183,8,reviewed,us,us
2022-09-08T03:25:13.564Z,-8.1948,108.2011,56.118,4.4,mb,16,99,0.91,0.41,us,us7000i8a1,2022-11-15T19:06:19.040Z,"89 km S of Kawalu, Indonesia",earthquake,6.56,8.93,0.203,7,reviewed,us,us
2022-09-12T09:57:15.674Z,-8.1152,115.0555,178.1,4.4,mb,53,49,0.961,0.82,us,us7000i7ce,2022-11-19T23:02:46.040Z,"3 km W of Singaraja, Indonesia",earthquake,6.02,5.768,0.097,31,reviewed,us,us
2022-09-17T06:24:59.047Z,-7.16,105.1422,24.613,5,mb,39,119,2.506,0.9,us,us7000i8rv,2024-01-18T16:51:24.645Z,"115 km SW of Labuan, Indonesia",earthquake,6.22,5.189,0.113,25,reviewed,us,us
2022-09-19T16:37:04.457Z,-7.7489,109.6693,114.824,4.2,mb,41,52,0.861,0.49,us,us7000ib50,2022-11-26T20:58:01.040Z,"23 km SE of Gombong, Indonesia",earthquake,7.38,6.378,0.115,23,reviewed,us,us
2022-09-28T04:36:53.115Z,-8.5494,111.1988,127.304,4,mb,16,159,0.921,0.51,us,us6000iqr2,2022-12-03T22:03:01.040Z,"74 km S of Jatiroto, Indonesia",earthquake,8.27,6.913,0.232,5,reviewed,us,us
2022-10-01T18:39:05.637Z,-6.8668,105.8876,14.709,4.3,mb,29,127,1.715,0.81,us,us6000irk0,2022-12-10T22:53:32.040Z,"54 km S of Labuan, Indonesia",earthquake,6.49,4.078,0.138,16,reviewed,us,us
2022-10-09T03:43:41.289Z,-7.9955,109.0697,78.38,4.2,mb,30,93,1.442,0.76,us,us6000is7k,2022-12-17T22:53:45.040Z,"44 km SSW of Kroya, Indonesia",earthquake,6.25,6.758,0.132,18,reviewed,us,us
2022-10-09T10:02:46.959Z,-6.8688,106.1694,62.714,4.9,mb,72,72,1.583,0.7,us,us6000is90,2024-01-18T16:59:33.240Z,"44 km WNW of Pelabuhanratu, Indonesia",earthquake,7.25,5.985,0.074,57,reviewed,us,us
2022-10-29T01:02:47.908Z,-7.9169,109.2043,89.807,4.4,mb,35,46,1.306,0.63,us,us7000il3d,2023-01-12T23:10:27.040Z,"31 km S of Kroya, Indonesia",earthquake,7.36,6.144,0.126,21,reviewed,us,us
2022-10-31T03:05:58.882Z,-7.3962,107.0816,69.253,4.9,mb,59,42,0.568,0.5,us,us7000ileq,2023-01-12T23:10:43.040Z,"44 km WSW of Banjar, Indonesia",earthquake,8.95,4.936,0.063,80,reviewed,us,us
2022-10-31T15:15:54.957Z,-8.68,112.4916,127.513,4.1,mb,30,132,1.655,0.95,us,us7000imhx,2023-01-12T23:11:28.040Z,"57 km S of Sumberpucung, Indonesia",earthquake,8.73,7.511,0.151,14,reviewed,us,us
2022-11-05T21:51:13.643Z,-7.5514,106.9641,70.899,4.4,mb,26,165,0.686,0.76,us,us7000ims2,2023-01-21T19:27:09.040Z,"64 km SW of Banjar, Indonesia",earthquake,9.6,7.632,0.12,20,reviewed,us,us
2022-11-12T12:29:32.918Z,-8.0937,107.2903,52.975,4.7,mb,66,45,0.721,0.59,us,us7000ipam,2023-01-28T19:58:09.040Z,"100 km S of Banjar, Indonesia",earthquake,7.4,5.557,0.073,57,reviewed,us,us
2022-11-12T13:18:47.398Z,-8.0496,107.418,55.403,5.2,mww,84,54,0.627,0.6,us,us7000ipau,2023-01-28T19:58:09.040Z,"94 km S of Banjar, Indonesia",earthquake,6.35,3.266,0.098,10,reviewed,us,us
2022-11-13T15:41:12.217Z,-6.4552,107.4333,12.035,4.1,mb,22,97,0.407,0.37,us,us7000iqhu,2023-01-28T19:58:23.040Z,"4 km SSW of Cikampek, Indonesia",earthquake,6.49,4.453,0.145,15,reviewed,us,us
2022-11-15T17:21:10.551Z,-7.1106,105.2314,53.004,4.6,mb,90,52,2.383,0.75,us,us7000ipwy,2023-01-28T19:58:17.040Z,"104 km SW of Labuan, Indonesia",earthquake,6.58,4.845,0.07,71,reviewed,us,us
2022-11-15T17:22:07.893Z,-6.8267,105.4276,33.901,4.9,mww,109,53,3.472,0.69,us,us7000ipww,2023-01-28T19:58:17.040Z,"66 km SW of Labuan, Indonesia",earthquake,6.9,4.135,0.089,12,reviewed,us,us
2022-11-19T18:28:30.196Z,-7.7701,107.9887,69.988,5,mww,179,36,0.454,0.67,us,us7000ir0i,2023-01-30T06:00:13.040Z,"48 km SSW of Singaparna, Indonesia",earthquake,5.84,3.671,0.098,10,reviewed,us,us
2022-11-21T06:21:07.066Z,-6.836,106.9968,10,5.6,mww,154,40,0.899,0.37,us,us7000ir9t,2026-04-19T08:38:43.910Z,"11 km NE of Sukabumi, Indonesia",earthquake,5.06,1.803,0.063,24,reviewed,us,us
2022-11-22T14:53:59.753Z,-7.9919,106.6302,30.421,4.6,mb,19,117,1.517,0.57,us,us7000isdp,2023-01-30T06:00:58.040Z,"111 km S of Pelabuhanratu, Indonesia",earthquake,6.93,6.389,0.181,9,reviewed,us,us
2022-11-27T02:10:55.208Z,-7.9695,108.2488,76.311,4.5,mb,56,50,0.778,0.67,us,us7000isn0,2023-02-05T23:24:11.040Z,"Java, Indonesia",earthquake,7.03,4.56,0.086,43,reviewed,us,us
2022-11-29T01:49:23.837Z,-8.5117,111.4214,119.659,4,mb,17,134,1.07,0.51,us,us6000j6ch,2024-01-18T17:28:53.871Z,"57 km SSW of Trenggalek, Indonesia",earthquake,8.43,6.164,0.184,8,reviewed,us,us
2022-11-30T09:16:23.049Z,-8.3202,107.1168,45.589,4,mb,19,116,1.002,0.68,us,us6000j72m,2023-02-05T23:25:30.040Z,"Java, Indonesia",earthquake,6.75,5.48,0.164,10,reviewed,us,us
2022-12-02T20:37:23.791Z,-7.8264,108.0896,86.724,4.4,mb,48,56,1.103,0.68,us,us6000j6f5,2023-02-05T23:26:09.040Z,"50 km SSW of Kawalu, Indonesia",earthquake,8.33,6.09,0.094,37,reviewed,us,us
2022-12-03T09:49:40.213Z,-7.2331,107.6139,120,5.6,mww,126,50,0.231,0.51,us,us6000j6k5,2023-02-11T23:03:03.040Z,"20 km ESE of Banjar, Indonesia",earthquake,8.36,1.857,0.089,12,reviewed,us,us
2022-12-04T15:02:49.903Z,-6.0729,112.7465,600.749,4.9,mb,86,32,2.488,0.82,us,us6000j6uw,2023-02-11T23:03:06.040Z,"97 km NNE of Paciran, Indonesia",earthquake,9.6,7.594,0.05,125,reviewed,us,us
2022-12-08T00:50:55.572Z,-6.7109,107.1456,107,5.8,mww,214,17,3.289,0.79,us,us6000j7r0,2023-06-26T12:49:02.534Z,"17 km NW of Ciranjang-hilir, Indonesia",earthquake,7.64,1.888,0.052,35,reviewed,us,us
2022-12-15T22:47:08.511Z,-6.8594,105.1963,33.415,4.5,mb,40,125,3.337,0.5,us,us6000jakb,2023-02-18T22:04:20.040Z,"87 km SW of Labuan, Indonesia",earthquake,5.07,5.684,0.131,17,reviewed,us,us
2022-12-16T21:50:49.953Z,-6.2443,105.0176,35,4.9,mb,57,95,2.778,0.73,us,us6000j9uv,2023-02-18T22:04:18.040Z,"91 km W of Labuan, Indonesia",earthquake,8.06,1.898,0.072,60,reviewed,us,us
2022-12-19T19:04:32.370Z,-6.9179,105.3723,35,4.5,mb,34,159,2.228,0.62,us,us7000j0hp,2023-02-28T23:06:30.040Z,"Sunda Strait, Indonesia",earthquake,7.36,1.924,0.131,17,reviewed,us,us
2022-12-20T18:05:47.741Z,-8.5587,112.5433,84.758,4.5,mb,66,31,1.594,0.76,us,us6000jaly,2023-02-28T23:06:35.040Z,"43 km SSW of Gongdanglegi Kulon, Indonesia",earthquake,6.95,5.834,0.079,53,reviewed,us,us
2022-12-21T21:18:27.016Z,-7.0372,108.4609,11.692,4.2,mb,9,142,1.965,0.63,us,us7000j41n,2024-01-18T17:38:22.235Z,"7 km SSW of Kuningan, Indonesia",earthquake,8.21,6.402,0.263,4,reviewed,us,us
2022-12-27T18:45:48.104Z,-7.6972,108.1314,84.056,4.4,mb,30,96,1.009,0.62,us,us7000j35q,2023-03-07T19:00:07.040Z,"35 km SSW of Kawalu, Indonesia",earthquake,9.07,2.695,0.117,23,reviewed,us,us
2023-01-02T16:49:49.976Z,-8.3498,112.6405,127.241,4.2,mb,23,101,1.5,0.41,us,us7000j44a,2023-03-11T22:51:47.040Z,"19 km S of Gongdanglegi Kulon, Indonesia",earthquake,5.08,7.543,0.176,9,reviewed,us,us
2023-01-02T23:55:20.854Z,-8.2412,107.9549,82.842,4.5,mb,64,84,2.564,0.85,us,us7000j1q7,2023-03-11T22:51:33.040Z,"Java, Indonesia",earthquake,9.52,6.363,0.079,47,reviewed,us,us
2023-01-04T18:32:54.581Z,-7.1121,105.1243,35,4.6,mb,27,166,2.488,0.78,us,us7000j479,2023-03-11T22:51:49.040Z,"112 km SW of Labuan, Indonesia",earthquake,8.45,1.936,0.152,13,reviewed,us,us
2023-01-10T09:23:19.348Z,-7.9957,107.9128,70.298,4,mb,21,170,0.59,0.7,us,us7000j5jh,2023-03-20T06:03:52.040Z,"Java, Indonesia",earthquake,9.53,7.578,0.184,8,reviewed,us,us
2023-01-14T20:32:18.287Z,-6.2165,106.681,154.129,4.8,mb,67,54,1.106,0.92,us,us7000j4fe,2024-01-18T19:12:06.875Z,"2 km NW of Ciputat, Indonesia",earthquake,4.19,5.077,0.059,91,reviewed,us,us
2023-01-23T19:45:00.460Z,-6.8426,106.9767,10.84,4.5,mb,22,121,0.633,0.52,us,us6000jlxv,2023-04-11T18:51:45.040Z,"10 km NNE of Sukabumi, Indonesia",earthquake,6.2,4.533,0.191,8,reviewed,us,us
2023-01-26T03:33:27.238Z,-6.9215,110.3441,254.155,4.1,mb,20,88,0.159,0.53,us,us6000jlty,2023-04-11T18:51:42.040Z,"11 km NW of Semarang, Indonesia",earthquake,9.42,5.054,0.214,6,reviewed,us,us
2023-01-27T18:00:35.322Z,-6.892,107.8236,11.576,4.2,mb,21,108,0.219,0.65,us,us6000jm17,2023-04-11T18:51:48.040Z,"9 km ENE of Cileunyi, Indonesia",earthquake,7,3.815,0.159,13,reviewed,us,us
2023-02-01T15:57:20.415Z,-7.2931,107.6331,10,4.5,mb,42,57,0.467,0.45,us,us6000jks8,2023-04-13T21:53:16.040Z,"24 km ESE of Banjar, Indonesia",earthquake,6.27,1.84,0.108,25,reviewed,us,us
2023-02-02T12:45:53.798Z,-7.2013,106.0182,57.032,4.5,mb,31,180,1.628,0.79,us,us6000jms3,2023-04-13T21:53:29.040Z,"63 km WSW of Pelabuhanratu, Indonesia",earthquake,10.71,8.289,0.145,14,reviewed,us,us
2023-02-03T22:21:44.569Z,-6.0684,106.7474,162.884,4.3,mb,19,161,1.142,0.51,us,us6000jmtk,2023-04-13T21:53:31.040Z,"12 km ENE of Teluknaga, Indonesia",earthquake,10.03,6.369,0.189,8,reviewed,us,us
2023-02-07T00:35:51.557Z,-7.2442,106.0073,50.524,5.4,mb,161,53,4.174,0.55,us,us6000jm4c,2023-04-15T21:39:41.040Z,"66 km WSW of Pelabuhanratu, Indonesia",earthquake,7.91,2.626,0.044,179,reviewed,us,us
2023-03-13T03:36:19.423Z,-6.1043,112.8453,582.782,4,mb,19,81,2.567,0.56,us,us7000jkut,2023-05-20T23:20:33.040Z,"99 km NNE of Paciran, Indonesia",earthquake,15.73,11.274,0.173,9,reviewed,us,us
2023-03-22T01:24:16.014Z,-7.1981,107.1377,69.723,4.2,mb,35,129,0.572,0.52,us,us6000k0ad,2023-05-26T21:54:00.040Z,"32 km W of Banjar, Indonesia",earthquake,4.57,6.778,0.118,20,reviewed,us,us
2023-03-29T05:34:42.453Z,-6.9179,106.8713,11.11,4,mb,8,281,0.744,0.52,us,us6000k1rj,2023-06-03T22:06:18.040Z,"6 km W of Sukabumi, Indonesia",earthquake,5.28,6.304,0.259,4,reviewed,us,us
2023-04-14T09:55:45.220Z,-6.0413,112.0478,597,7,mww,203,31,1.885,0.71,us,us6000k49j,2023-06-27T06:16:48.251Z,"Java, Indonesia",earthquake,9.21,1.944,0.055,32,reviewed,us,us
2023-04-14T10:37:54.474Z,-6.0524,113.0021,578.05,5.4,mb,172,35,2.659,0.71,us,us6000k4bs,2023-06-17T21:36:52.040Z,"113 km NNE of Bangkalan, Indonesia",earthquake,9.61,6.835,0.036,263,reviewed,us,us
2023-04-17T04:38:30.195Z,-8.2065,107.8663,54.354,4.7,mb,91,48,0.77,0.74,us,us6000k4z3,2023-07-03T02:47:36.040Z,"98 km SSW of Singaparna, Indonesia",earthquake,5.82,5.666,0.061,81,reviewed,us,us
2023-04-17T07:58:19.944Z,-6.0145,111.8376,601.332,4.7,mb,121,52,1.727,0.41,us,us6000k4zy,2023-07-03T02:47:34.040Z,"86 km NNE of Lasem, Indonesia",earthquake,9.91,7.598,0.052,112,reviewed,us,us
2023-04-19T02:11:35.949Z,-7.8242,115.235,212.861,4.1,mb,16,59,1.25,0.47,us,us7000jw1v,2023-07-03T02:47:12.040Z,"35 km NNE of Singaraja, Indonesia",earthquake,9.08,5.998,0.184,8,reviewed,us,us
2023-04-25T16:48:41.733Z,-7.1159,112.3496,243.273,4.2,mb,22,99,1.896,0.75,us,us7000jxil,2023-07-11T01:45:42.040Z,"7 km W of Lamongan, Indonesia",earthquake,5.4,7.91,0.175,9,reviewed,us,us
2023-05-06T18:57:00.081Z,-8.015,107.8583,66.896,4.3,mb,32,78,0.586,0.9,us,us6000kb4q,2023-07-15T22:10:30.040Z,"78 km SSW of Singaparna, Indonesia",earthquake,6.42,5.173,0.11,24,reviewed,us,us
2023-05-08T23:21:08.281Z,-7.0763,107.2238,117.76,4.4,mb,13,169,0.571,0.46,us,us6000kbf4,2023-07-22T19:17:04.040Z,"26 km WNW of Banjar, Indonesia",earthquake,15.12,8.74,0.268,4,reviewed,us,us
2023-05-11T21:56:41.035Z,-8.2061,108.9754,79.36,4.1,mb,20,119,1.507,0.48,us,us6000kcba,2023-07-22T19:17:27.040Z,"53 km S of Cilacap, Indonesia",earthquake,7.71,3.643,0.185,8,reviewed,us,us
2023-05-23T17:41:47.893Z,-7.9393,115.2242,9.578,4.5,mb,28,57,1.185,0.49,us,us7000k501,2023-07-29T22:00:45.040Z,"24 km NE of Singaraja, Indonesia",earthquake,4.6,4.484,0.128,23,reviewed,us,us
2023-05-24T16:38:26.547Z,-7.6953,105.3229,18.68,4.1,mb,15,199,2.319,0.4,us,us7000k57q,2023-07-29T22:00:47.040Z,"156 km SSW of Labuan, Indonesia",earthquake,11.98,7.763,0.234,5,reviewed,us,us
2023-06-04T13:48:42.523Z,-8.1607,107.9671,53.146,4.3,mb,27,114,0.761,0.71,us,us7000k69c,2023-08-12T17:15:02.040Z,"90 km SSW of Kawalu, Indonesia",earthquake,9.48,7.396,0.116,21,reviewed,us,us
2023-06-06T07:23:06.974Z,-7.651,107.0857,55.528,4.8,mb,59,44,0.59,0.7,us,us7000k6kz,2023-08-12T17:15:04.040Z,"63 km SW of Banjar, Indonesia",earthquake,6.14,4.579,0.079,49,reviewed,us,us
2023-06-07T21:06:12.306Z,-7.8928,107.331,64.966,4.3,mb,24,111,0.532,0.59,us,us7000k8ez,2024-01-18T20:14:22.217Z,"77 km S of Banjar, Indonesia",earthquake,9.57,6.022,0.143,14,reviewed,us,us
2023-06-19T13:43:59.649Z,-7.4994,112.502,9.013,4.2,mb,19,104,1.898,0.96,us,us6000knft,2023-08-26T20:54:18.040Z,"8 km ESE of Mojokerto, Indonesia",earthquake,9.27,4.514,0.141,14,reviewed,us,us
2023-06-24T23:59:00.985Z,-8.3933,113.2915,152.187,4.3,mb,41,70,0.855,0.67,us,us7000kawt,2023-08-26T20:54:28.040Z,"14 km SW of Kencong, Indonesia",earthquake,9.04,5.58,0.106,25,reviewed,us,us
2023-06-26T01:16:15.305Z,-8.6755,112.4862,89.45,4.2,mb,37,51,1.66,0.67,us,us7000kb2a,2023-09-08T14:18:41.040Z,"57 km S of Sumberpucung, Indonesia",earthquake,8.5,6.564,0.136,16,reviewed,us,us
2023-06-27T03:48:02.855Z,-8.3358,108.7915,77.217,4,mb,19,72,1.425,0.63,us,us6000kqh5,2023-09-08T14:18:35.040Z,"71 km SSW of Cilacap, Indonesia",earthquake,7.56,3.824,0.183,8,reviewed,us,us
2023-06-27T13:32:55.741Z,-7.0095,105.1986,21.034,4.5,mb,24,87,2.473,0.84,us,us6000kqhe,2023-09-08T14:18:35.040Z,"98 km SW of Labuan, Indonesia",earthquake,9.96,5.523,0.15,14,reviewed,us,us
2023-06-30T12:57:42.414Z,-8.6478,110.0229,76.421,5.9,mww,159,41,1.641,0.84,us,us6000kp2e,2023-09-08T14:18:30.040Z,"82 km SSW of Bambanglipuro, Indonesia",earthquake,5.48,3.285,0.061,26,reviewed,us,us
2023-07-05T13:33:25.810Z,-7.872,105.8935,23.495,4.5,mb,32,112,1.788,0.95,us,us7000kfee,2023-09-09T21:55:14.040Z,"121 km SW of Pelabuhanratu, Indonesia",earthquake,5.16,5.554,0.128,18,reviewed,us,us
2023-07-21T22:41:40.913Z,-7.9804,107.4013,54.701,4.4,mb,28,82,0.57,0.46,us,us6000kw8l,2023-09-28T21:33:17.040Z,"86 km S of Banjar, Indonesia",earthquake,7.73,5.987,0.131,17,reviewed,us,us
2023-07-23T12:33:29.354Z,-8.6271,111.1186,96.623,5.1,mb,80,44,1.706,0.6,us,us7000khss,2023-09-30T21:36:38.040Z,"Java, Indonesia",earthquake,7.19,5.556,0.052,120,reviewed,us,us
2023-08-04T00:31:44.377Z,-6.1265,113.093,575.691,5.5,mww,122,56,2.555,0.63,us,us6000kxp7,2023-10-07T21:38:57.040Z,"109 km NNE of Bangkalan, Indonesia",earthquake,9.56,4.105,0.068,21,reviewed,us,us
2023-08-05T04:15:59.319Z,-7.9279,107.2712,54.615,4.5,mb,38,63,0.596,1.24,us,us6000ky14,2023-10-07T21:38:58.040Z,"82 km SSW of Banjar, Indonesia",earthquake,7.25,1.448,0.127,19,reviewed,us,us
2023-08-13T19:06:20.182Z,-5.8373,106.4748,218.071,4.2,mb,18,138,1.992,0.6,us,us7000kqhe,2023-10-27T21:39:05.040Z,"33 km NNW of Sepatan, Indonesia",earthquake,9.9,8.953,0.167,10,reviewed,us,us
2023-08-17T04:28:48.151Z,-7.4965,105.5471,54.787,5.4,mww,146,43,2.085,0.65,us,us7000knxb,2023-10-27T21:39:02.040Z,"124 km WSW of Pelabuhanratu, Indonesia",earthquake,7.35,5.401,0.078,16,reviewed,us,us
2023-08-23T19:52:55.308Z,-8.582,111.6596,62.115,4.2,mb,25,113,1.944,0.82,us,us7000kqhr,2023-10-28T19:15:36.040Z,"Java, Indonesia",earthquake,9.43,7.805,0.141,14,reviewed,us,us
2023-09-05T14:35:53.061Z,-8.5443,108.8687,65.637,4.2,mb,28,66,1.616,0.93,us,us7000kteb,2023-11-17T19:47:49.040Z,"91 km S of Cilacap, Indonesia",earthquake,5.16,6.715,0.159,11,reviewed,us,us
2023-09-13T05:34:33.417Z,-5.754,110.1746,650.655,5,mb,131,17,1.314,0.83,us,us7000kvfm,2023-11-18T22:29:33.040Z,"100 km NW of Batang, Indonesia",earthquake,7.34,5.56,0.042,179,reviewed,us,us
2023-09-20T20:05:07.489Z,-7.0738,105.5683,69.611,4.2,mb,22,137,2.046,1.14,us,us7000ky5z,2023-12-02T23:01:12.040Z,"82 km SSW of Labuan, Indonesia",earthquake,4.83,7.153,0.159,11,reviewed,us,us
2023-09-30T20:56:36.407Z,-8.6239,114.562,112.987,4.4,mb,31,58,0.433,0.8,us,us6000ld72,2023-12-09T22:00:43.040Z,"30 km SSW of Negara, Indonesia",earthquake,8.26,5.339,0.13,17,reviewed,us,us
2023-10-01T04:00:24.335Z,-6.9332,106.7791,113.044,5.3,mb,113,33,1.012,0.94,us,us6000lc08,2023-12-14T21:26:50.040Z,"16 km W of Sukabumi, Indonesia",earthquake,7.34,4.938,0.044,171,reviewed,us,us
2023-10-10T16:42:28.551Z,-8.5457,112.5505,85.237,4.7,mb,101,31,1.586,0.88,us,us6000lei9,2023-12-16T22:13:06.040Z,"42 km SSW of Gongdanglegi Kulon, Indonesia",earthquake,7.11,4.836,0.067,67,reviewed,us,us
2023-10-19T14:08:24.664Z,-7.8723,107.2582,58.526,5.1,mww,73,45,0.563,1.12,us,us6000lglx,2023-12-26T21:24:38.040Z,"77 km SSW of Banjar, Indonesia",earthquake,8.72,4.929,0.08,15,reviewed,us,us
2023-10-21T16:41:33.707Z,-6.4856,105.2643,62.213,4.4,mb,32,132,2.559,0.5,us,us7000l69s,2023-12-26T21:25:01.040Z,"63 km W of Labuan, Indonesia",earthquake,9.4,5.952,0.127,22,reviewed,us,us
2023-10-23T22:47:56.388Z,-8.0259,107.7916,67.328,4.4,mb,18,150,0.577,0.37,us,us6000lnh5,2024-01-04T04:22:01.040Z,"82 km SSW of Singaparna, Indonesia",earthquake,6.91,7.117,0.161,11,reviewed,us,us
2023-10-24T18:51:16.947Z,-6.7384,108.4228,237.618,4.2,mb,20,71,0.807,0.84,us,us7000l6x1,2024-01-04T04:22:07.040Z,"3 km S of Palimanan, Indonesia",earthquake,10.04,6.277,0.167,12,reviewed,us,us
2023-10-27T22:59:07.314Z,-6.1143,113.1635,565.188,4.4,mb,54,43,2.538,0.4,us,us7000l70s,2024-01-04T04:22:29.040Z,"113 km NNE of Bangkalan, Indonesia",earthquake,11.2,6.113,0.093,33,reviewed,us,us
2023-10-29T19:49:34.550Z,-7.4783,105.8459,36.862,4.3,mb,30,127,1.789,0.81,us,us7000l8dx,2024-01-10T06:01:12.040Z,"94 km SW of Pelabuhanratu, Indonesia",earthquake,7.54,7.337,0.125,18,reviewed,us,us
2023-10-30T21:44:47.393Z,-8.5457,113.8826,104.007,4.5,mb,85,23,0.277,0.67,us,us7000l7mc,2024-01-10T06:01:19.040Z,"33 km WSW of Gambiran Satu, Indonesia",earthquake,7.2,3.594,0.067,66,reviewed,us,us
2023-11-17T23:34:28.387Z,-7.5528,107.3045,66.025,4.9,mb,99,43,0.354,0.47,us,us6000lp8y,2024-01-26T16:37:51.040Z,"41 km SSW of Banjar, Indonesia",earthquake,9.26,4.739,0.054,108,reviewed,us,us
2023-11-27T08:19:01.594Z,-8.4591,112.937,142.016,4.4,mb,47,47,1.202,0.4,us,us6000lr0g,2024-02-06T21:53:53.040Z,"34 km SE of Dampit, Indonesia",earthquake,7.63,5.368,0.092,36,reviewed,us,us
2023-12-02T06:15:53.119Z,-5.788,105.9377,160.715,4.2,mb,32,97,2.379,1.07,us,us7000lgym,2024-02-06T21:54:00.040Z,"43 km NNW of Serang, Indonesia",earthquake,4.03,7.584,0.121,19,reviewed,us,us
2023-12-07T19:00:46.583Z,-6.985,106.5272,8.978,4,mb,14,112,1.211,0.79,us,us7000linu,2024-02-10T23:47:41.040Z,"2 km W of Pelabuhanratu, Indonesia",earthquake,3.91,5.785,0.173,10,reviewed,us,us
2023-12-13T23:35:10.892Z,-6.8597,106.5246,10.4,4.5,mb,35,88,1.267,0.74,us,us7000lit4,2024-02-17T22:43:09.040Z,"14 km NNW of Pelabuhanratu, Indonesia",earthquake,6.52,4.166,0.108,25,reviewed,us,us
2023-12-14T07:27:15.030Z,-7.2237,105.9547,40.422,4.8,mb,61,126,1.698,0.8,us,us7000liv9,2024-02-17T22:43:09.040Z,"70 km WSW of Pelabuhanratu, Indonesia",earthquake,8.4,8.246,0.075,69,reviewed,us,us
2023-12-15T14:24:33.224Z,-7.1204,108.8252,9.999,4.2,mb,30,62,1.214,0.69,us,us7000ljaq,2024-02-17T22:43:11.040Z,"20 km NNE of Majenang, Indonesia",earthquake,5.91,3.175,0.118,21,reviewed,us,us
2023-12-15T18:42:56.410Z,-7.0736,108.8083,10.175,4,mb,25,77,1.212,0.61,us,us7000lke5,2024-02-17T22:43:14.040Z,"17 km SSW of Ketanggungan, Indonesia",earthquake,5.77,4.264,0.156,14,reviewed,us,us
2023-12-22T01:41:54.871Z,-8.6868,105.5688,10,4.7,mb,56,114,1.756,0.84,us,us7000lkse,2024-02-27T22:57:04.040Z,"216 km SSW of Pelabuhanratu, Indonesia",earthquake,6.92,1.854,0.092,41,reviewed,us,us
2023-12-22T03:44:33.950Z,-8.7197,105.563,10,4.3,mb,28,96,1.724,0.89,us,us6000m1mq,2024-02-27T22:56:57.040Z,"220 km SSW of Pelabuhanratu, Indonesia",earthquake,6.6,1.859,0.177,9,reviewed,us,us
2023-12-27T22:43:56.800Z,-7.7769,107.9533,72.197,5.1,mww,163,26,0.434,0.5,us,us6000m02j,2024-03-02T21:39:32.040Z,"50 km SSW of Singaparna, Indonesia",earthquake,7.86,4.317,0.093,11,reviewed,us,us
2023-12-30T10:38:09.942Z,-7.9886,111.6142,153.996,4.2,mb,18,97,1.492,0.5,us,us6000m2rj,2024-03-02T21:39:37.040Z,"14 km NW of Trenggalek, Indonesia",earthquake,6.77,7.436,0.152,13,reviewed,us,us
2023-12-31T04:52:36.338Z,-7.9706,107.8946,64.467,4.6,mb,55,69,0.56,0.89,us,us6000m0rw,2024-03-02T21:39:34.040Z,"72 km SSW of Singaparna, Indonesia",earthquake,7.09,5.145,0.083,44,reviewed,us,us
2023-12-31T07:35:34.490Z,-6.8551,108.001,10,4.1,mb,17,103,0.697,0.66,us,us6000m2wp,2024-03-02T21:39:37.040Z,"9 km E of Sumedang Utara, Indonesia",earthquake,6.55,1.942,0.157,12,reviewed,us,us
2023-12-31T13:34:21.255Z,-6.7592,107.8299,12.158,4.8,mb,47,56,0.721,0.79,us,us6000m0tt,2024-03-02T21:39:34.040Z,"13 km NW of Sumedang Utara, Indonesia",earthquake,5.88,4.004,0.105,28,reviewed,us,us
2024-01-01T00:59:19.656Z,-6.8599,107.1224,178.051,4.1,mb,43,97,0.49,0.67,us,us6000m0wb,2024-03-09T21:38:11.040Z,"4 km SSW of Cianjur, Indonesia",earthquake,6.71,5.273,0.102,26,reviewed,us,us
2024-01-01T13:46:45.922Z,-6.6246,107.7514,10,4.5,mb,31,86,0.839,1.02,us,us6000m0zk,2024-03-09T21:38:27.040Z,"25 km NE of Lembang, Indonesia",earthquake,5.23,1.823,0.15,13,reviewed,us,us
2024-01-03T00:53:49.149Z,-7.3086,106.3106,98.951,4.8,mww,104,107,1.337,0.81,us,us6000m1ar,2024-03-09T21:38:51.040Z,"44 km SW of Pelabuhanratu, Indonesia",earthquake,8.25,5.284,0.089,12,reviewed,us,us
2024-01-22T00:49:31.160Z,-7.5322,112.149,177.645,4.1,mb,19,77,2.192,0.44,us,us7000lu24,2024-03-30T22:33:49.040Z,"7 km NE of Kertosono, Indonesia",earthquake,9.93,7.529,0.174,9,reviewed,us,us
2024-01-22T08:19:58.122Z,-8.3882,112.3912,148.994,4.6,mb,86,55,1.744,0.47,us,us6000m5dh,2024-03-30T22:32:20.040Z,"27 km SSW of Sumberpucung, Indonesia",earthquake,7.18,6.675,0.069,65,reviewed,us,us
2024-02-07T18:31:00.732Z,-7.4996,106.7717,47.359,4.5,mb,54,105,0.872,0.95,us,us7000lxl2,2024-04-20T19:33:53.040Z,"61 km SSE of Pelabuhanratu, Indonesia",earthquake,7.73,5.693,0.093,34,reviewed,us,us
2024-02-14T02:01:11.471Z,-6.976,109.2674,212.801,4.1,mb,18,52,1.167,0.58,us,us7000m076,2024-04-24T14:42:06.040Z,"12 km ESE of Tarub, Indonesia",earthquake,10.65,4.684,0.235,5,reviewed,us,us
2024-02-15T15:54:01.752Z,-8.3032,112.234,117.578,4.5,mb,46,62,1.905,0.78,us,us7000lzfn,2024-04-24T14:42:03.040Z,"23 km SSE of Blitar, Indonesia",earthquake,8.38,6.845,0.084,46,reviewed,us,us
2024-02-17T16:47:26.139Z,-8.2021,114.6,9.018,4.4,mb,31,74,0.517,0.86,us,us7000m0t6,2024-04-24T14:42:06.040Z,"17 km N of Negara, Indonesia",earthquake,6.38,4.523,0.12,23,reviewed,us,us
2024-02-21T22:46:57.363Z,-6.2111,113.9306,606.447,5.1,mb,250,16,2.255,0.58,us,us7000m0n3,2024-05-02T15:50:12.040Z,"88 km N of Sumenep, Indonesia",earthquake,8.35,4.417,0.043,177,reviewed,us,us
2024-02-25T13:07:04.300Z,-7.3405,105.9282,34,5.6,mww,133,54,1.712,0.72,us,us7000m1h8,2024-05-02T15:50:14.040Z,"79 km WSW of Pelabuhanratu, Indonesia",earthquake,7.95,1.798,0.056,31,reviewed,us,us
2024-02-25T15:04:57.491Z,-7.3755,105.9647,45.156,5.2,mb,70,40,1.674,0.77,us,us7000m1i9,2024-05-02T15:50:14.040Z,"77 km WSW of Pelabuhanratu, Indonesia",earthquake,8.01,5.217,0.058,99,reviewed,us,us
2024-02-25T15:11:54.576Z,-7.6421,105.7399,35,4.3,mb,22,131,1.902,0.95,us,us6000mfvj,2024-05-02T15:50:11.040Z,"115 km SW of Pelabuhanratu, Indonesia",earthquake,5.98,1.902,0.177,12,reviewed,us,us
2024-02-26T00:44:31.111Z,-7.6485,105.8544,28.453,4.4,mb,18,128,1.79,0.51,us,us6000mg35,2024-05-10T21:25:57.040Z,"106 km SW of Pelabuhanratu, Indonesia",earthquake,4.84,6.025,0.189,8,reviewed,us,us
2024-02-26T23:55:36.570Z,-7.4263,105.8777,39.521,4.7,mb,71,119,1.759,0.49,us,us7000m1rt,2024-05-10T21:26:01.040Z,"88 km WSW of Pelabuhanratu, Indonesia",earthquake,8.87,6.345,0.08,47,reviewed,us,us
2024-03-02T10:48:44.183Z,-7.0651,106.8453,62.864,4.9,mb,50,45,0.891,0.73,us,us6000mgam,2024-05-10T21:25:58.040Z,"18 km SSW of Sukabumi, Indonesia",earthquake,9.55,5.933,0.088,40,reviewed,us,us
2024-03-05T00:45:06.633Z,-7.5944,105.7975,27.662,4.4,mb,31,129,1.841,0.73,us,us6000mgsi,2024-05-15T17:35:06.040Z,"106 km SW of Pelabuhanratu, Indonesia",earthquake,7.89,5.965,0.12,20,reviewed,us,us
2024-03-12T20:44:38.315Z,-7.6828,105.7749,27.389,4.4,mb,13,130,1.872,0.73,us,us6000mjmg,2024-05-18T21:23:50.040Z,"115 km SW of Pelabuhanratu, Indonesia",earthquake,8.09,6.579,0.219,6,reviewed,us,us
2024-03-15T03:37:38.780Z,-8.0829,108.1022,79.546,4.4,mb,21,80,0.762,0.65,us,us6000mk1b,2024-05-18T21:24:07.040Z,"78 km S of Kawalu, Indonesia",earthquake,7.39,6.371,0.189,9,reviewed,us,us
2024-03-22T04:22:45.531Z,-5.8155,112.3187,10,5.6,mww,89,27,2.233,1.12,us,us6000mkej,2026-02-21T22:26:19.186Z,"117 km N of Paciran, Indonesia",earthquake,6.94,1.745,0.069,20,reviewed,us,us
2024-03-22T05:31:12.251Z,-5.909,112.3829,10,5.2,mww,68,55,2.238,0.61,us,us6000mkf6,2024-05-27T14:19:21.040Z,"107 km N of Paciran, Indonesia",earthquake,6.94,1.861,0.086,13,reviewed,us,us
2024-03-22T08:52:58.999Z,-5.8754,112.3646,9.471,6.4,mww,208,39,2.239,0.62,us,us6000mkfz,2025-08-01T14:22:58.804Z,"110 km N of Paciran, Indonesia",earthquake,5.96,3.096,0.038,65,reviewed,us,us
2024-03-22T09:19:27.205Z,-5.8687,112.4593,10,4.7,mb,53,64,2.324,0.47,us,us6000mkgc,2024-05-27T14:19:21.040Z,"111 km N of Paciran, Indonesia",earthquake,7.35,1.85,0.081,46,reviewed,us,us
2024-03-22T09:55:46.162Z,-5.8799,112.4008,10,4.6,mb,36,68,2.268,0.52,us,us7000m89n,2024-05-27T14:19:24.040Z,"110 km N of Paciran, Indonesia",earthquake,7,1.871,0.114,23,reviewed,us,us
2024-03-22T10:57:22.249Z,-5.8168,112.3642,10,4.5,mb,27,61,2.27,0.53,us,us7000m89e,2024-05-27T14:19:24.040Z,"117 km N of Paciran, Indonesia",earthquake,6.42,1.893,0.131,17,reviewed,us,us
2024-03-22T21:42:01.922Z,-5.8805,112.3914,10,4.5,mb,15,84,2.259,0.25,us,us7000m89s,2024-05-27T14:19:24.040Z,"110 km N of Paciran, Indonesia",earthquake,6.74,4.728,0.205,7,reviewed,us,us
2024-03-23T07:29:09.483Z,-6.8336,105.2556,40.974,4.6,mb,32,179,2.457,0.43,us,us7000m8b6,2024-05-27T14:19:24.040Z,"81 km SW of Labuan, Indonesia",earthquake,5.96,9.448,0.119,21,reviewed,us,us
2024-03-24T15:34:05.506Z,-7.4873,108.6034,114.644,4.7,mb,44,46,0.946,0.68,us,us6000mkz6,2024-05-27T14:19:23.040Z,"20 km W of Sidareja, Indonesia",earthquake,7.14,4.668,0.09,37,reviewed,us,us
2024-03-25T21:05:52.786Z,-5.7905,112.3823,10.152,4.2,mb,22,125,2.299,0.42,us,us7000m8lj,2024-06-01T21:55:48.040Z,"120 km N of Paciran, Indonesia",earthquake,9.36,4.069,0.147,13,reviewed,us,us
2024-03-28T21:23:02.119Z,-5.8844,112.4798,17.436,4.4,mb,53,68,2.333,0.77,us,us7000m8nd,2024-06-01T21:55:48.040Z,"110 km N of Paciran, Indonesia",earthquake,7.24,4.733,0.087,38,reviewed,us,us
2024-03-30T01:37:36.208Z,-6.1853,105.0431,66.54,4.3,mb,29,131,2.758,0.6,us,us7000ma5g,2024-06-01T21:55:51.040Z,"87 km SSW of Bandar Lampung, Indonesia",earthquake,5.49,7.238,0.189,12,reviewed,us,us
2024-03-30T21:43:19.197Z,-5.7695,112.6035,10,4.2,mb,11,138,2.497,0.29,us,us7000ma6s,2024-06-01T21:55:52.040Z,"124 km NNE of Paciran, Indonesia",earthquake,6.47,1.906,0.372,2,reviewed,us,us
2024-04-01T10:26:27.337Z,-5.7711,112.6357,11.954,4.1,mb,22,66,2.524,0.9,us,us7000masu,2024-06-12T21:51:56.040Z,"125 km NNE of Paciran, Indonesia",earthquake,6.89,1.72,0.165,11,reviewed,us,us
2024-04-03T09:02:16.573Z,-5.8654,112.3387,10,5.1,mww,62,54,2.223,0.69,us,us7000m9ke,2024-06-12T21:51:53.040Z,"111 km N of Paciran, Indonesia",earthquake,5.52,1.864,0.086,13,reviewed,us,us
2024-04-11T23:14:35.058Z,-5.8185,112.5136,9.714,4.4,mb,29,116,2.395,0.38,us,us7000md5p,2024-06-17T02:15:12.040Z,"118 km N of Paciran, Indonesia",earthquake,7.36,4.904,0.135,16,reviewed,us,us
2024-04-16T03:18:21.817Z,-7.2481,105.9559,35,4.8,mb,89,62,1.694,0.6,us,us7000mcbu,2024-06-25T21:02:47.040Z,"71 km WSW of Pelabuhanratu, Indonesia",earthquake,5.53,1.71,0.069,65,reviewed,us,us
2024-04-17T08:15:05.225Z,-5.7846,112.3528,10,4.6,mb,30,69,2.278,0.74,us,us7000mcm4,2024-06-25T21:02:54.040Z,"120 km N of Paciran, Indonesia",earthquake,7.65,1.903,0.107,26,reviewed,us,us
2024-04-22T00:48:01.134Z,-8.0916,109.1453,89.255,4.6,mb,79,41,1.608,0.87,us,us7000mdr4,2024-07-02T22:12:30.040Z,"43 km SSE of Cilacap, Indonesia",earthquake,6,4.744,0.068,65,reviewed,us,us
2024-04-27T04:22:46.211Z,-7.1067,105.2697,35,4.4,mb,22,139,2.388,1.13,us,us6000mw43,2024-07-02T22:12:41.040Z,"101 km SW of Labuan, Indonesia",earthquake,8.15,1.929,0.179,11,reviewed,us,us
2024-04-27T08:27:14.673Z,-7.0303,105.3894,35,4.7,mb,37,69,2.283,0.81,us,us6000mu8h,2024-07-02T22:12:23.040Z,"87 km SW of Labuan, Indonesia",earthquake,6.33,1.905,0.097,32,reviewed,us,us
2024-04-27T16:29:50.643Z,-8.005,107.2798,59.701,6.1,mww,232,19,0.652,0.64,us,us6000muc0,2025-08-21T09:47:54.702Z,"91 km S of Banjar, Indonesia",earthquake,7.14,3.11,0.044,50,reviewed,us,us
2024-04-28T01:19:39.563Z,-7.5022,105.2117,15.764,4.4,mb,22,132,2.418,0.89,us,us6000mwqh,2024-07-02T22:12:42.040Z,"141 km SSW of Labuan, Indonesia",earthquake,6,4.57,0.17,11,reviewed,us,us
2024-05-01T03:06:11.501Z,-7.3576,107.4901,10,4,mb,15,101,0.19,0.5,us,us6000mx9c,2024-07-15T03:58:39.040Z,"19 km SSE of Banjar, Indonesia",earthquake,5.45,1.9,0.184,8,reviewed,us,us
2024-05-02T13:06:20.564Z,-6.8386,110.7528,248.621,4.2,mb,30,88,0.374,0.8,us,us6000mvq9,2024-07-15T03:58:22.040Z,"5 km SE of Welahan, Indonesia",earthquake,6.66,7.49,0.115,21,reviewed,us,us
2024-05-07T03:35:02.171Z,-8.4503,111.1264,95.412,4.6,mb,22,68,1.549,0.7,us,us6000mwvk,2024-07-20T22:20:01.040Z,"62 km S of Jatiroto, Indonesia",earthquake,12.37,7.682,0.105,28,reviewed,us,us
2024-05-12T14:33:05.214Z,-5.8202,112.4955,10,4.2,mb,25,83,2.379,0.58,us,us6000mz7w,2024-07-20T22:20:08.040Z,"117 km N of Paciran, Indonesia",earthquake,5.39,1.865,0.141,16,reviewed,us,us
2024-05-13T06:42:29.481Z,-5.801,112.5206,10,4.8,mb,60,39,2.41,0.42,us,us6000my7x,2024-07-26T23:58:07.040Z,"120 km N of Paciran, Indonesia",earthquake,6.81,1.857,0.083,44,reviewed,us,us
2024-05-20T13:42:24.141Z,-7.7527,106.4882,44.223,4.8,mb,45,108,1.187,1.21,us,us6000n1ah,2024-08-06T02:09:51.040Z,"84 km S of Pelabuhanratu, Indonesia",earthquake,6.63,6.044,0.111,25,reviewed,us,us
2024-05-20T22:18:52.581Z,-8.3742,110.8621,104.465,4.1,mb,17,105,1.381,0.56,us,us6000n1an,2024-08-06T02:09:43.040Z,"53 km SSE of Wonosari, Indonesia",earthquake,6.92,7.603,0.214,6,reviewed,us,us
2024-05-31T20:13:26.411Z,-7.3296,108.5218,148.152,4.3,mb,29,60,0.875,0.54,us,us7000mqrk,2024-08-06T20:32:52.040Z,"18 km E of Ciamis, Indonesia",earthquake,7.95,6.522,0.119,23,reviewed,us,us
2024-06-08T17:01:56.707Z,-7.8147,107.7858,81.206,4.2,mb,24,110,0.375,1.13,us,us7000msed,2024-08-16T21:59:21.040Z,"62 km SW of Singaparna, Indonesia",earthquake,8.15,3.37,0.136,17,reviewed,us,us
2024-07-06T13:26:47.455Z,-8.5466,112.5408,87.813,4.2,mb,22,147,1.596,0.57,us,us7000mxfe,2024-09-12T21:52:29.040Z,"42 km SSW of Gongdanglegi Kulon, Indonesia",earthquake,7.41,9.111,0.146,13,reviewed,us,us
2024-07-07T07:35:24.077Z,-6.8574,109.7394,11.081,4.5,mb,29,103,0.722,0.68,us,us7000mxka,2024-09-12T21:52:30.040Z,"7 km ENE of Pekalongan, Indonesia",earthquake,5.96,4.539,0.125,19,reviewed,us,us
2024-07-11T22:18:09.873Z,-7.4777,105.0173,17.056,4.9,mb,81,114,2.611,0.55,us,us7000mypl,2024-09-20T16:00:54.040Z,"151 km SW of Labuan, Indonesia",earthquake,9.12,3.939,0.074,58,reviewed,us,us
2024-07-25T10:36:39.594Z,-6.861,108.4237,12.753,4.4,mb,22,107,0.973,0.62,us,us6000ngsv,2024-12-21T12:39:19.152Z,"12 km SSW of Sumber, Indonesia",earthquake,8.08,4.641,0.169,10,reviewed,us,us
2024-07-26T03:49:49.832Z,-6.9311,108.4546,10.265,4.1,mb,10,114,0.957,0.66,us,us6000nj3n,2024-10-08T21:49:14.005Z,"5 km NNW of Kuningan, Indonesia",earthquake,6.13,5.754,0.214,7,reviewed,us,us
2024-08-04T21:38:28.117Z,-7.2564,105.1156,35,4.7,mb,48,114,2.522,0.95,us,us6000ni3a,2024-10-11T19:39:10.040Z,"125 km SW of Labuan, Indonesia",earthquake,6.93,1.893,0.087,40,reviewed,us,us
2024-08-11T03:55:56.820Z,-6.9681,107.0749,157.774,4.3,mb,18,100,0.753,0.95,us,us6000nphq,2024-10-24T17:58:40.040Z,"17 km ESE of Sukabumi, Indonesia",earthquake,9.61,7.167,0.187,11,reviewed,us,us
2024-08-14T17:55:39.603Z,-7.6359,106.0795,19.222,5,mww,126,55,1.566,0.56,us,us6000nk4l,2024-10-26T15:47:57.040Z,"88 km SW of Pelabuhanratu, Indonesia",earthquake,6.76,3.195,0.11,8,reviewed,us,us
2024-08-16T05:16:36.771Z,-8.4779,107.1347,48.134,4.1,mb,23,112,1.131,0.62,us,us6000nqpt,2024-10-26T15:48:17.040Z,"145 km SSW of Banjar, Indonesia",earthquake,8.68,7.496,0.12,19,reviewed,us,us
2024-08-24T03:32:00.974Z,-6.574,105.1914,49.145,4.8,mb,52,68,2.595,0.84,us,us7000n94y,2024-11-02T21:28:58.040Z,"73 km WSW of Labuan, Indonesia",earthquake,10.69,6.478,0.083,46,reviewed,us,us
2024-08-31T12:25:01.290Z,-8.3845,112.5515,130.381,4.1,mb,21,98,1.586,0.82,us,us6000nnvj,2024-11-09T21:18:55.040Z,"24 km SSW of Gongdanglegi Kulon, Indonesia",earthquake,7.04,8.161,0.14,15,reviewed,us,us
2024-09-06T19:02:01.444Z,-8.1642,106.829,10.274,5,mb,99,67,1.071,1.11,us,us6000nq5j,2024-11-15T16:20:00.040Z,"126 km SSW of Banjar, Indonesia",earthquake,6.41,3.488,0.061,88,reviewed,us,us
2024-09-06T22:07:33.752Z,-7.8762,106.9794,60.882,4.4,mb,29,135,0.781,0.72,us,us6000nxkc,2024-11-15T16:20:12.040Z,"90 km SSW of Banjar, Indonesia",earthquake,9.23,7.638,0.12,20,reviewed,us,us
2024-09-06T23:25:30.525Z,-8.2792,106.801,27.19,4.4,mb,23,104,1.169,0.35,us,us6000nxke,2024-11-15T16:20:12.040Z,"138 km SSW of Banjar, Indonesia",earthquake,6.98,5.83,0.143,14,reviewed,us,us
2024-09-07T01:51:40.107Z,-8.4371,115.3374,10,4.9,mb,50,45,1.173,0.83,us,us6000nq8g,2025-09-05T16:37:31.900Z,"11 km NE of Ubud, Indonesia",earthquake,5.46,1.868,0.077,57,reviewed,us,us
2024-09-15T09:54:33.875Z,-7.3767,106.6662,51.169,5,mww,79,56,0.979,0.9,us,us7000ne03,2024-11-21T22:58:58.040Z,"44 km SSE of Pelabuhanratu, Indonesia",earthquake,7.69,6.092,0.093,11,reviewed,us,us
2024-09-16T21:46:25.680Z,-6.9441,106.0941,31.155,4.3,mb,28,63,1.627,0.38,us,us7000ng9k,2024-11-23T23:27:39.040Z,"50 km W of Pelabuhanratu, Indonesia",earthquake,8.82,4.652,0.119,20,reviewed,us,us
2024-09-16T22:50:48.232Z,-6.9882,105.44,51.748,4.3,mb,23,132,2.243,1.12,us,us7000ng9n,2024-11-23T23:27:40.040Z,"80 km SSW of Labuan, Indonesia",earthquake,8.4,6.808,0.168,10,reviewed,us,us
2024-09-18T02:41:06.723Z,-7.2418,107.5662,10,5,mww,90,33,0.235,0.79,us,us6000nsu0,2024-11-23T23:25:49.040Z,"15 km ESE of Banjar, Indonesia",earthquake,5.43,1.752,0.11,8,reviewed,us,us
2024-09-20T23:26:16.183Z,-8.3784,115.3408,10,4.6,mb,52,39,1.18,0.57,us,us6000ntee,2024-11-23T23:26:29.040Z,"15 km NW of Banjar Wangsian, Indonesia",earthquake,7.71,1.827,0.082,45,reviewed,us,us
2024-09-22T03:11:51.946Z,-7.6022,109.6947,133.324,4.3,mb,23,62,0.922,0.78,us,us7000ngkc,2024-11-23T23:27:42.040Z,"19 km E of Gombong, Indonesia",earthquake,8.06,7.55,0.129,19,reviewed,us,us
2024-09-23T23:53:57.063Z,-7.2784,106.914,82.939,4.3,mb,25,106,0.753,1.3,us,us7000ngut,2024-12-06T19:30:17.040Z,"39 km S of Sukabumi, Indonesia",earthquake,7.37,7.268,0.119,20,reviewed,us,us
2024-10-02T01:09:16.360Z,-7.1023,106.5409,62.176,4.3,mb,31,108,1.157,0.77,us,us7000nhlt,2024-12-14T14:51:00.040Z,"12 km S of Pelabuhanratu, Indonesia",earthquake,8.35,7.806,0.111,23,reviewed,us,us
2024-10-08T10:38:43.318Z,-5.7699,107.4653,305.845,4.9,mb,143,53,1.692,0.69,us,us6000nx8z,2024-12-23T15:46:03.040Z,"46 km NNE of Rengasdengklok, Indonesia",earthquake,8,6.58,0.048,136,reviewed,us,us
2024-10-08T14:12:08.786Z,-7.6107,106.5374,38.155,4.9,mb,103,51,1.113,1.11,us,us6000nxa0,2024-12-23T15:46:05.040Z,"68 km S of Pelabuhanratu, Indonesia",earthquake,6.01,6.606,0.06,94,reviewed,us,us
2024-10-20T20:29:39.069Z,-7.7341,113.547,176.903,4.3,mb,44,70,0.945,0.81,us,us6000nzx7,2024-12-26T23:03:33.040Z,"16 km W of Besuki, Indonesia",earthquake,9.71,6.41,0.085,39,reviewed,us,us
2024-10-22T12:43:52.695Z,-7.8597,108.2882,96.919,4.7,mb,70,28,0.745,0.55,us,us7000nmea,2025-01-04T23:07:30.040Z,"53 km S of Kawalu, Indonesia",earthquake,6.81,5.889,0.073,59,reviewed,us,us
2024-10-30T16:32:49.113Z,-7.9994,107.711,69.079,4.2,mb,23,109,0.537,0.95,us,us7000nsga,2025-01-16T18:48:44.040Z,"84 km SSW of Singaparna, Indonesia",earthquake,6.94,7.363,0.128,17,reviewed,us,us
2024-11-13T01:41:08.033Z,-8.2506,107.8746,82.375,4.9,mb,61,80,0.814,0.61,us,us7000nrgq,2025-01-26T16:29:30.040Z,"102 km SSW of Singaparna, Indonesia",earthquake,6.76,6.358,0.061,83,reviewed,us,us
2024-11-14T01:36:35.420Z,-6.0257,106.3181,196.104,4.2,mb,20,120,1.946,0.54,us,us7000nuxp,2025-01-26T16:30:59.040Z,"13 km NNW of Kresek, Indonesia",earthquake,13.17,9.559,0.153,12,reviewed,us,us
2024-11-19T12:28:14.019Z,-8.1086,107.4066,48.061,4.6,mb,45,48,0.686,0.34,us,us7000nslw,2025-01-30T17:00:35.040Z,"101 km S of Banjar, Indonesia",earthquake,6.7,6.874,0.088,39,reviewed,us,us
2024-12-02T12:40:01.744Z,-7.9808,107.0044,22.973,4.6,mb,45,91,0.821,1.09,us,us7000nvfb,2025-02-15T18:28:58.040Z,"98 km SSW of Banjar, Indonesia",earthquake,6.9,5.555,0.093,34,reviewed,us,us
2024-12-06T20:36:13.443Z,-7.9826,108.6606,89.963,4.3,mb,43,99,1.127,0.58,us,us7000nwqa,2025-02-15T18:30:33.040Z,"47 km SW of Cilacap, Indonesia",earthquake,7.39,2.472,0.087,41,reviewed,us,us
2024-12-07T00:12:20.544Z,-7.1851,107.5645,6.878,4.6,mb,21,97,0.288,0.64,us,us7000nws5,2025-02-15T18:30:36.040Z,"14 km E of Banjar, Indonesia",earthquake,4.65,5.775,0.151,14,reviewed,us,us
2024-12-20T18:22:39.340Z,-6.4479,105.0901,54.956,5,mww,145,41,2.734,0.93,us,us7000p0fh,2025-02-27T17:30:53.040Z,"82 km W of Labuan, Indonesia",earthquake,7.33,4.696,0.103,9,reviewed,us,us
2024-12-24T16:56:24.961Z,-6.4638,106.8897,132.844,4.3,mb,18,155,1.247,0.37,us,us6000pi6w,2025-03-08T22:39:15.040Z,"2 km NNE of Citeureup, Indonesia",earthquake,12.28,13.233,0.154,13,reviewed,us,us
2025-01-08T04:41:08.217Z,-7.9024,107.7966,72.443,4.1,mb,24,130,0.46,0.59,us,us6000pl98,2025-03-20T20:55:31.040Z,"70 km SSW of Singaparna, Indonesia",earthquake,8.69,6.267,0.14,14,reviewed,us,us
2025-01-11T07:25:11.753Z,-8.7422,110.9995,65.2,4.5,mb,50,114,1.771,0.4,us,us6000pje9,2025-03-20T20:55:06.040Z,"95 km S of Jatiroto, Indonesia",earthquake,8.49,7.573,0.084,42,reviewed,us,us
2025-01-12T02:52:07.301Z,-8.4393,110.2022,10,4.2,mb,13,110,1.401,0.51,us,us6000plth,2025-03-20T20:55:41.040Z,"54 km S of Bambanglipuro, Indonesia",earthquake,5.77,1.532,0.186,11,reviewed,us,us
2025-01-17T17:44:09.142Z,-7.0872,106.7098,75.701,4.3,mb,49,79,0.911,0.65,us,us6000pml8,2025-03-29T22:12:47.040Z,"20 km ESE of Pelabuhanratu, Indonesia",earthquake,7.32,6.601,0.089,40,reviewed,us,us
2025-01-27T00:29:44.309Z,-7.6078,107.0464,49.37,4.5,mb,34,77,0.616,0.63,us,us6000pmhl,2025-04-08T22:01:01.040Z,"62 km SW of Banjar, Indonesia",earthquake,6.91,7.1,0.118,22,reviewed,us,us
2025-02-01T00:40:16.806Z,-8.7303,110.2905,71.742,5,mww,72,119,1.677,0.93,us,us7000paiv,2025-04-15T20:55:26.040Z,"86 km S of Pundong, Indonesia",earthquake,7.12,5.863,0.098,10,reviewed,us,us
2025-02-01T15:48:40.272Z,-7.2791,111.7534,239.768,3.9,mb,26,115,1.171,0.52,us,us7000pc5x,2025-04-15T20:55:33.040Z,"20 km SW of Bojonegoro, Indonesia",earthquake,11.21,8.497,0.138,14,reviewed,us,us
2025-02-04T09:47:43.564Z,-6.4073,105.3694,83.518,4.7,mb,34,72,1.291,0.43,us,us7000pd5n,2025-04-15T20:55:34.040Z,"51 km W of Labuan, Indonesia",earthquake,5.77,7.644,0.115,23,reviewed,us,us
2025-02-14T12:28:33.614Z,-7.3712,105.5416,48.79,5.1,mb,117,68,1.62,0.9,us,us7000pdl8,2025-05-02T16:26:17.040Z,"114 km SSW of Labuan, Indonesia",earthquake,6.98,5.284,0.053,114,reviewed,us,us
2025-02-19T19:42:50.989Z,-7.6672,105.7407,35,4.4,mb,33,138,1.737,0.82,us,us6000pvv2,2025-05-06T21:39:13.040Z,"116 km SW of Pelabuhanratu, Indonesia",earthquake,7.01,1.952,0.114,22,reviewed,us,us
2025-02-20T10:12:25.966Z,-7.6792,106.1391,35,4.4,mb,17,126,1.513,0.54,us,us7000pexa,2025-05-06T21:39:16.040Z,"89 km SSW of Pelabuhanratu, Indonesia",earthquake,5.88,1.94,0.149,13,reviewed,us,us
2025-03-02T05:00:41.056Z,-8.359,110.2262,9.525,4.2,mb,22,82,1.318,0.77,us,us6000pwe8,2025-05-08T19:24:44.040Z,"45 km S of Bambanglipuro, Indonesia",earthquake,6.74,4.898,0.147,13,reviewed,us,us
2025-03-14T23:55:10.230Z,-7.3512,106.0989,49.149,4.9,mww,39,71,1.292,0.64,us,us6000pyxw,2025-05-17T19:19:58.040Z,"64 km SW of Pelabuhanratu, Indonesia",earthquake,7.49,7.418,0.103,9,reviewed,us,us
2025-03-16T01:15:07.296Z,-8.6337,112.5577,83.815,4.4,mb,31,103,1.585,0.93,us,us7000pmis,2025-05-17T19:20:03.040Z,"51 km SSW of Dampit, Indonesia",earthquake,9.35,7.761,0.13,19,reviewed,us,us
2025-03-18T10:41:05.151Z,-6.938,107.2504,116.368,4.5,mb,82,56,0.655,0.84,us,us6000pzju,2025-05-17T19:20:00.040Z,"13 km S of Ciranjang-hilir, Indonesia",earthquake,8.05,5.934,0.063,77,reviewed,us,us
2025-03-19T13:17:46.069Z,-8.307,115.1168,161.867,4.7,mb,33,75,0.968,0.54,us,us6000pzr5,2025-05-29T17:36:24.040Z,"5 km SE of Munduk, Indonesia",earthquake,10.48,6.767,0.106,27,reviewed,us,us
2025-03-25T07:02:21.228Z,-7.955,107.8404,64.831,4.6,mb,61,60,0.524,0.64,us,us7000pmgg,2025-05-29T17:36:32.040Z,"73 km SSW of Singaparna, Indonesia",earthquake,6.35,5.917,0.078,49,reviewed,us,us
2025-04-04T06:59:51.758Z,-7.8967,109.1101,100.843,4.7,mb,61,44,1.51,0.86,us,us6000q3vv,2025-06-09T13:38:40.040Z,"21 km SSE of Cilacap, Indonesia",earthquake,7.48,6.529,0.062,79,reviewed,us,us
2025-04-06T06:55:14.048Z,-7.9053,106.0294,35.31,4.9,mb,59,112,1.665,1.41,us,us6000q4cz,2025-06-09T13:38:42.040Z,"116 km SSW of Pelabuhanratu, Indonesia",earthquake,6.07,5.251,0.065,75,reviewed,us,us
2025-04-10T15:16:12.597Z,-6.6648,106.8137,10,3.8,mb,11,166,0.517,0.59,us,us7000pvhi,2025-06-14T18:26:37.040Z,"4 km N of Caringin, Indonesia",earthquake,3.76,1.982,0.295,3,reviewed,us,us
2025-04-14T22:44:01.192Z,-8.233,107.0684,26.85,4.4,mwr,56,114,0.958,0.67,us,us6000q628,2025-06-14T18:26:44.040Z,"121 km SSW of Banjar, Indonesia",earthquake,7.91,5.104,0.08,15,reviewed,us,us
2025-04-16T16:53:33.143Z,-5.9165,112.3708,10,4.3,mb,26,85,2.224,1.2,us,us7000pw6a,2025-06-27T00:34:55.040Z,"106 km N of Paciran, Indonesia",earthquake,2.86,1.913,0.125,18,reviewed,us,us
2025-04-22T10:14:04.442Z,-8.1895,106.94,41.502,5.2,mww,161,41,1.008,0.51,us,us7000pu5z,2025-06-27T00:34:49.040Z,"122 km SSW of Banjar, Indonesia",earthquake,7.14,4.587,0.11,8,reviewed,us,us
2025-05-03T01:33:44.969Z,-7.2038,106.4676,73.087,4.2,mb,15,111,1.04,1.11,us,us7000q06k,2025-07-12T16:30:49.040Z,"25 km SSW of Pelabuhanratu, Indonesia",earthquake,5.76,7.827,0.186,9,reviewed,us,us
2025-05-07T00:16:22.982Z,-8.6742,112.0918,118.563,4.2,mb,35,64,2.048,0.51,us,us7000q0u9,2025-07-24T21:30:17.040Z,"63 km S of Ngunut, Indonesia",earthquake,6.72,6.939,0.104,26,reviewed,us,us
2025-05-07T00:22:35.482Z,-5.8611,110.8421,516.001,4.1,mb,25,55,1.246,0.66,us,us7000q0ua,2025-07-24T21:30:17.040Z,"70 km NNE of Batang, Indonesia",earthquake,8.87,8.488,0.14,14,reviewed,us,us
2025-05-15T03:34:51.765Z,-8.1311,106.9454,48.815,4.2,mb,13,104,0.964,0.7,us,us6000qgnx,2025-07-25T17:06:13.040Z,"116 km SSW of Banjar, Indonesia",earthquake,7.01,7.131,0.152,12,reviewed,us,us
2025-05-20T20:10:11.891Z,-6.8056,107.9809,10,3.4,ml,5,159,0.731,0.22,us,us6000qgjk,2025-07-25T17:06:12.040Z,"8 km NE of Sumedang Utara, Indonesia",earthquake,4.8,1.962,0.148,6,reviewed,us,us
2025-05-23T04:52:34.919Z,-6.5675,107.0797,126.439,4.3,mb,22,137,0.583,1.06,us,us6000qi77,2025-08-13T15:14:28.040Z,"23 km SE of Cileungsir, Indonesia",earthquake,11.46,6.505,0.137,16,reviewed,us,us
2025-06-09T16:55:04.878Z,-7.7947,108.7198,99.247,4.8,mb,86,54,1.111,0.66,us,us6000qj73,2025-08-20T16:08:59.040Z,"32 km WSW of Cilacap, Indonesia",earthquake,7.79,5.15,0.059,88,reviewed,us,us
2025-06-09T23:15:06.061Z,-5.8149,112.2394,10,4.3,mb,18,100,2.168,0.9,us,us7000qbkg,2025-08-20T16:09:03.040Z,"118 km N of Paciran, Indonesia",earthquake,7.88,1.912,0.16,11,reviewed,us,us
2025-06-15T16:31:20.198Z,-7.9098,107.6951,67.784,4.6,mb,41,114,0.447,0.82,us,us6000qkg5,2025-08-22T20:26:01.040Z,"76 km SW of Singaparna, Indonesia",earthquake,9.38,5.871,0.078,49,reviewed,us,us
2025-06-18T08:24:47.397Z,-8.2761,107.0433,41.036,4.9,mb,44,173,1.007,1.09,us,us6000qkz6,2025-09-02T21:23:37.040Z,"126 km SSW of Banjar, Indonesia",earthquake,7.98,6.932,0.107,27,reviewed,us,us
2025-06-21T05:53:06.935Z,-7.914,108.1714,80.713,4.6,mb,43,82,0.684,0.67,us,us7000qahf,2025-09-02T21:23:46.040Z,"59 km S of Kawalu, Indonesia",earthquake,6.72,5.156,0.094,34,reviewed,us,us
2025-06-21T16:34:59.903Z,-6.6156,105.2585,62.384,4.9,mb,90,66,1.449,0.81,us,us6000qlmz,2025-09-02T21:23:40.040Z,"68 km WSW of Labuan, Indonesia",earthquake,7.09,5.876,0.062,81,reviewed,us,us
2025-06-23T00:56:39.672Z,-8.2613,107.1413,35,4.7,mb,55,68,0.94,0.65,us,us6000qlvl,2025-09-02T21:23:41.040Z,"122 km SSW of Banjar, Indonesia",earthquake,7.38,1.886,0.087,40,reviewed,us,us
2025-07-07T07:32:23.002Z,-7.0955,111.1172,241.038,4.4,mb,49,74,0.673,0.72,us,us7000qb3r,2025-09-12T16:23:10.040Z,"22 km E of Purwodadi, Indonesia",earthquake,8.02,4.395,0.093,33,reviewed,us,us
2025-07-10T21:02:49.403Z,-8.5603,110.5044,85.376,4.3,mb,17,110,1.503,0.65,us,us6000qu7c,2025-09-20T22:27:07.040Z,"66 km S of Wonosari, Indonesia",earthquake,8.13,7.705,0.187,8,reviewed,us,us
2025-07-12T03:25:59.053Z,-8.4181,111.0823,108.805,4.3,mb,40,63,1.501,0.65,us,us6000qume,2025-09-20T22:26:38.040Z,"59 km S of Jatiroto, Indonesia",earthquake,11.25,1.755,0.116,24,reviewed,us,us
2025-07-19T11:25:55.476Z,-8.0385,107.9432,45.43,4.4,mb,17,95,0.642,0.85,us,us6000r2c3,2025-10-03T18:42:16.040Z,"78 km SSW of Singaparna, Indonesia",earthquake,7.08,5.34,0.178,10,reviewed,us,us
2025-07-20T04:47:34.816Z,-7.8084,106.5239,41.991,4.2,mb,18,116,1.168,1.21,us,us6000qxc9,2025-10-03T18:41:44.040Z,"90 km S of Pelabuhanratu, Indonesia",earthquake,7.09,8.187,0.166,12,reviewed,us,us
2025-07-26T14:53:31.530Z,-6.4762,106.6644,166.82,4.4,mb,39,156,0.303,0.9,us,us6000qvbm,2025-10-11T20:57:18.040Z,"9 km NNW of Ciampea, Indonesia",earthquake,9.68,6.347,0.095,32,reviewed,us,us
2025-07-29T10:00:43.120Z,-5.8359,112.4206,10,4.2,mb,13,91,2.307,0.38,us,us7000qrf3,2025-10-11T20:58:00.040Z,"115 km N of Paciran, Indonesia",earthquake,7.71,1.798,0.264,4,reviewed,us,us
2025-07-30T07:14:09.986Z,-8.3816,111.8241,147.957,4.5,mb,37,83,1.906,0.87,us,us6000r13r,2025-10-17T22:51:42.040Z,"30 km SSW of Boyolangu, Indonesia",earthquake,6.86,7.375,0.121,24,reviewed,us,us
2025-07-30T18:59:00.149Z,-6.0321,106.3069,169.249,4.2,mb,17,159,1.949,0.86,us,us6000r19z,2025-10-17T22:51:42.040Z,"13 km NW of Kresek, Indonesia",earthquake,9.02,8.86,0.176,10,reviewed,us,us
2025-08-13T01:32:24.862Z,-7.4635,106.9863,54.542,4.5,mb,44,50,0.658,1.02,us,us7000qu79,2025-11-04T16:44:10.040Z,"57 km WSW of Banjar, Indonesia",earthquake,5.47,6.557,0.088,38,reviewed,us,us
2025-08-16T12:57:31.757Z,-5.8878,105.1606,112.62,4.2,mb,25,129,1.527,0.68,us,us7000qv8h,2025-11-04T16:44:18.040Z,"51 km SSW of Bandar Lampung, Indonesia",earthquake,11.37,5.901,0.118,21,reviewed,us,us
2025-08-18T02:14:53.261Z,-7.8586,114.0251,10,4.3,mb,16,123,0.62,1.38,us,us7000qvhb,2025-11-04T16:44:22.040Z,"16 km SSW of Panji, Indonesia",earthquake,5.96,1.921,0.154,12,reviewed,us,us
2025-08-20T12:54:54.324Z,-6.4631,107.2303,9.635,4.9,mb,65,37,0.648,0.91,us,us6000r2b3,2025-11-12T16:25:34.040Z,"23 km SSE of Cikarang, Indonesia",earthquake,5.82,4.146,0.073,59,reviewed,us,us
2025-08-29T14:02:16.115Z,-8.4015,108.8627,89.559,4.6,mb,49,62,1.521,0.68,us,us7000qruy,2025-11-19T21:59:43.040Z,"76 km SSW of Cilacap, Indonesia",earthquake,9.77,7.058,0.078,49,reviewed,us,us
2025-08-31T23:04:31.227Z,-8.176,107.481,35,4.5,mb,24,66,2.87,0.68,us,us7000qswp,2025-11-19T21:59:47.040Z,"108 km S of Banjar, Indonesia",earthquake,6.43,1.913,0.102,28,reviewed,us,us
2025-09-10T13:26:08.789Z,-7.4337,106.715,74.788,4.3,mb,32,100,0.928,0.94,us,us7000qv7g,2025-12-03T03:57:53.040Z,"52 km SSE of Pelabuhanratu, Indonesia",earthquake,5.35,6.745,0.09,35,reviewed,us,us
2025-09-10T21:50:42.185Z,-8.0333,115.4914,224.615,4.4,mb,34,73,1.395,0.67,us,us7000qvch,2025-12-03T03:57:56.040Z,"45 km E of Singaraja, Indonesia",earthquake,8.8,6.856,0.105,26,reviewed,us,us
2025-09-19T20:10:32.422Z,-8.113,115.3605,203.42,4,mb,17,77,1.248,0.69,us,us6000rgd6,2025-12-06T16:00:13.040Z,"30 km E of Singaraja, Indonesia",earthquake,8.14,8.529,0.156,12,reviewed,us,us
2025-09-20T16:47:45.161Z,-6.768,106.6358,7.376,4.1,mb,19,84,0.592,0.73,us,us6000rfqw,2025-12-06T16:00:10.040Z,"16 km W of Cicurug, Indonesia",earthquake,4.93,5.067,0.186,10,reviewed,us,us
2025-09-25T09:04:11.319Z,-7.8439,114.4692,10,5.2,mww,78,40,0.697,1.08,us,us6000rcry,2025-12-11T21:40:37.040Z,"17 km NNE of Wongsorejo, Indonesia",earthquake,5.53,1.753,0.062,25,reviewed,us,us
2025-09-29T22:30:15.681Z,-8.2455,107.3798,35,4.6,mb,42,97,0.823,0.83,us,us6000rdny,2025-12-11T21:40:40.040Z,"116 km S of Banjar, Indonesia",earthquake,5.43,1.905,0.1,31,reviewed,us,us
2025-09-30T05:53:46.915Z,-8.2789,107.265,35,4.5,mb,33,91,0.896,0.96,us,us6000rinz,2025-12-11T21:40:39.040Z,"121 km S of Banjar, Indonesia",earthquake,3.84,1.881,0.118,21,reviewed,us,us
2025-09-30T08:04:25.908Z,-6.0449,105.1451,110.403,4,mb,24,127,1.499,0.86,us,us6000rip2,2025-12-11T21:40:40.040Z,"69 km S of Bandar Lampung, Indonesia",earthquake,5.59,8.279,0.173,12,reviewed,us,us
2025-09-30T16:49:43.533Z,-7.2032,114.1844,19.498,6,mww,293,24,1.259,0.67,us,us6000rdta,2025-12-11T21:40:44.040Z,"31 km ESE of Kalianget, Indonesia",earthquake,5.28,2.837,0.093,11,reviewed,us,us
2025-09-30T17:15:56.989Z,-7.2685,114.1349,10,4.4,mb,32,45,1.194,0.82,us,us6000rdtx,2025-12-11T21:40:41.040Z,"31 km SE of Kalianget, Indonesia",earthquake,4.35,1.882,0.131,19,reviewed,us,us
2025-10-11T06:06:58.195Z,-7.1165,114.0577,9.264,4.2,mb,23,70,1.348,0.81,us,us6000rkq3,2026-01-01T23:11:17.040Z,"14 km ESE of Kalianget, Indonesia",earthquake,3.19,4.733,0.152,14,reviewed,us,us
2025-10-13T07:10:30.052Z,-7.253,114.1609,10,4.9,mb,63,39,1.209,0.75,us,us6000rgu0,2026-01-01T23:11:11.040Z,"32 km SE of Kalianget, Indonesia",earthquake,5.36,1.854,0.077,53,reviewed,us,us
2025-10-18T15:57:01.185Z,-7.8505,114.7684,197.719,4.4,mb,72,35,0.867,0.74,us,us6000ri1l,2026-01-09T15:38:40.040Z,"42 km NNW of Seririt, Indonesia",earthquake,7.71,5.922,0.07,60,reviewed,us,us
2025-10-19T06:53:19.765Z,-8.1559,108.9349,75.908,4.5,mb,29,47,1.447,1.23,us,us6000ri48,2026-01-09T15:38:41.040Z,"48 km S of Cilacap, Indonesia",earthquake,6.98,7.6,0.102,28,reviewed,us,us
2025-10-26T01:20:06.013Z,-8.1755,108.5767,104.695,4.1,mb,21,106,1.16,0.78,us,us6000rnbj,2026-01-15T22:46:53.040Z,"68 km SW of Cilacap, Indonesia",earthquake,7.75,7.368,0.151,13,reviewed,us,us
2025-10-27T07:36:55.023Z,-7.9854,108.8452,100.223,4.3,mb,25,96,1.293,0.41,us,us6000rjpd,2026-01-15T22:46:56.040Z,"33 km SSW of Cilacap, Indonesia",earthquake,5.58,7.07,0.122,19,reviewed,us,us
2025-10-28T14:04:06.735Z,-7.5424,105.3797,20.53,4.5,mb,36,164,1.854,0.6,us,us6000rjwx,2026-01-15T22:46:59.040Z,"138 km SSW of Labuan, Indonesia",earthquake,6.24,6.58,0.1,32,reviewed,us,us
2025-11-08T01:26:33.286Z,-8.08,108.943,89.236,4.2,mb,22,98,1.42,0.57,us,us7000re5m,2026-01-29T22:05:35.040Z,"39 km S of Cilacap, Indonesia",earthquake,7.42,6.752,0.136,16,reviewed,us,us
2025-11-28T04:35:25.636Z,-6.1321,105.834,161.069,4.3,mb,32,121,0.809,1.12,us,us7000rea6,2026-02-25T16:18:36.040Z,"27 km N of Labuan, Indonesia",earthquake,8.91,4.987,0.16,14,reviewed,us,us
2025-11-30T07:25:46.494Z,-8.4001,112.9424,140.342,4.3,mb,34,101,1.199,0.78,us,us7000repy,2026-02-25T16:18:39.040Z,"29 km SE of Dampit, Indonesia",earthquake,9.71,7.662,0.103,27,reviewed,us,us
2025-12-15T10:54:50.086Z,-8.5712,111.0566,117.464,4.1,mb,20,91,1.631,0.48,us,us7000rnh2,2026-03-10T22:18:49.040Z,"76 km S of Jatiroto, Indonesia",earthquake,5.87,8.559,0.175,10,reviewed,us,us
2025-12-18T04:22:49.808Z,-8.6951,110.3162,75.672,4.4,mb,22,118,1.64,0.4,us,us6000rvm2,2026-03-19T13:56:02.040Z,"82 km S of Pundong, Indonesia",earthquake,7.42,7.736,0.143,14,reviewed,us,us
2025-12-26T14:19:38.675Z,-8.568,112.9143,136.963,4.5,mb,63,46,1.228,1.17,us,us7000rkw5,2026-04-01T22:48:15.040Z,"43 km SSE of Dampit, Indonesia",earthquake,7.75,6.692,0.076,51,reviewed,us,us
