"TT","MaxValue","log_MaxValue","TT_numeric"
"TT_1",0.0308566273635597,-3.47840372630339,1
"TT_2",0.0308566273635597,-3.47840372630339,2
"TT_3",0.0308566273635597,-3.47840372630339,3
"TT_4",0.0308566273635597,-3.47840372630339,4
"TT_5",0.0308566273635597,-3.47840372630339,5
"TT_6",0.0308566273635597,-3.47840372630339,6
"TT_7",0.0308566273635597,-3.47840372630339,7
"TT_8",0.0308566273635597,-3.47840372630339,8
"TT_9",0.0308566273635597,-3.47840372630339,9
"TT_10",0.0308566273635597,-3.47840372630339,10
"TT_11",0.0308566273635597,-3.47840372630339,11
"TT_12",0.0308566273635597,-3.47840372630339,12
"TT_13",0.0308566273635597,-3.47840372630339,13
"TT_14",0.0308566273635597,-3.47840372630339,14
"TT_15",0.337846067556514,-1.08516490866539,15
"TT_16",0.119258882953908,-2.12645866180842,16
"TT_17",0.0634593723056637,-2.75735538405685,17
"TT_18",0.0500658137756381,-2.99441686357241,18
"TT_19",0.0441637749892909,-3.11985039630793,19
"TT_20",0.0408925173371134,-3.19680818286364,20
"TT_21",0.0388351941138023,-3.24842837869886,21
"TT_22",0.0374321993699299,-3.28522399924279,22
"TT_23",0.0364197295217607,-3.31264463135054,23
"TT_24",0.0356578465688305,-3.33378605623286,24
"TT_25",0.0350657309140802,-3.35053095266238,25
"TT_26",0.0345935993933982,-3.36408660266108,26
"TT_27",0.0342091937316347,-3.37526084847747,27
"TT_28",0.0338907385768495,-3.38461350024422,28
"TT_29",0.0336230300880187,-3.39254402751923,29
"TT_30",0.0333951473445409,-3.39934467864057,30
"TT_31",0.0331990539202035,-3.40523389984514,31
"TT_32",0.0330287113975651,-3.41037805343265,32
"TT_33",0.0328794993912343,-3.41490593423749,33
"TT_34",0.0327478255569905,-3.41891871431153,34
"TT_35",0.0326308569711981,-3.42249690543039,35
"TT_36",0.0325263311323062,-3.42570532898579,36
"TT_37",0.0324324204404335,-3.42859672560364,37
"TT_38",0.0323476333581989,-3.43121441810861,38
"TT_39",0.032270741211191,-3.43359430413368,39
"TT_40",0.0322007232185379,-3.43576636648096,40
"TT_41",0.0321367246876841,-3.43775583152955,41
"TT_42",0.0320780248505393,-3.43958406737621,42
"TT_43",0.0320240118529369,-3.44126928716525,43
"TT_44",0.0319741631149768,-3.44282710496447,44
"TT_45",0.0319280297685138,-3.44427097887226,45
"TT_46",0.0318852242213342,-3.44561256705101,46
"TT_47",0.0318454101418673,-3.4468620159242,47
"TT_48",0.0318082943343165,-3.44802819508259,48
"TT_49",0.0317736201023464,-3.44911888999842,49
"TT_50",0.0317411617939243,-3.45014096109049,50
"TT_51",0.0317107202901544,-3.45110047576856,51
"TT_52",0.0316821192536917,-3.45200281863912,52
"TT_53",0.0316552019922312,-3.45285278395345,53
"TT_54",0.0316298288230717,-3.45365465353279,54
"TT_55",0.0316058748481885,-3.45441226275158,55
"TT_56",0.0315832280674336,-3.45512905665051,56
"TT_57",0.0315617877716605,-3.45580813785153,57
"TT_58",0.0315414631687054,-3.45645230763217,58
"TT_59",0.031522172203963,-3.45706410126665,59
"TT_60",0.031503840544291,-3.45764581854145,60
"TT_61",0.0314864006995697,-3.45819955019329,61
"TT_62",0.0314697912607398,-3.45872720088811,62
"TT_63",0.0314539562367706,-3.45923050925524,63
"TT_64",0.0314388444759593,-3.45971106540573,64
"TT_65",0.0314244091593692,-3.46017032629374,65
"TT_66",0.0627322605655316,-2.76887944108836,66
"TT_67",0.0400931933982823,-3.21654869976841,67
"TT_68",0.0342539250875727,-3.37395411974309,68
"TT_69",0.0328569678912351,-3.4155914441778,69
"TT_70",0.0322419361883928,-3.43448730767573,70
"TT_71",0.0319012021659265,-3.44511158444918,71
"TT_72",0.031686969806191,-3.45184972972524,72
"TT_73",0.0543754428984716,-2.91184264434721,73
"TT_74",0.0390284199786156,-3.2434651808377,74
"TT_75",0.0336342308192497,-3.39221095622897,75
"TT_76",0.0324627248490758,-3.42766277559213,76
"TT_77",0.03195962141824,-3.44328200364108,77
"TT_78",0.0316842824661373,-3.45193454231641,78
"TT_79",0.0315124393657715,-3.45737291060255,79
"TT_80",0.0313958529121003,-3.46107946765337,80
"TT_81",0.0313120303749246,-3.46375289825593,81
"TT_82",0.0312513084675273,-3.46569403271542,82
"TT_83",0.0312441101909451,-3.46592439445292,83
"TT_84",0.0312371455009609,-3.46614733139412,84
"TT_85",0.0312304035925006,-3.46636318453977,85
"TT_86",0.0312238743052934,-3.46657227469182,86
"TT_87",0.0312175480769802,-3.46677490391113,87
"TT_88",0.0312114159002271,-3.46697135685163,88
"TT_89",0.031205469283452,-3.46716190198298,89
"TT_90",0.0311997002148167,-3.46734679271233,90
"TT_91",0.031194101129173,-3.46752626841466,91
"TT_92",0.0311886648776857,-3.46770055538041,92
"TT_93",0.0311833846998841,-3.46786986768776,93
"TT_94",0.0311782541979189,-3.4680344080067,94
"TT_95",0.0311732673128258,-3.46819436834071,95
"TT_96",0.0311684183026184,-3.46834993071184,96
"TT_97",0.0311637017220431,-3.46850126779399,97
"TT_98",0.0311591124038592,-3.46864854349893,98
"TT_99",0.031154645441505,-3.46879191351917,99
"TT_100",0.0311502961730396,-3.46893152583113,100
"TT_101",0.0311460601662443,-3.46906752116218,101
"TT_102",0.0311419332047977,-3.46920003342431,102
"TT_103",0.0311379112754238,-3.4693291901174,103
"TT_104",0.0311339905559472,-3.4694551127042,104
"TT_105",0.0311301674041709,-3.46957791695969,105
"TT_106",0.0311264383475197,-3.4696977132965,106
"TT_107",0.0311228000733839,-3.46981460706845,107
"TT_108",0.0311192494201102,-3.46992869885387,108
"TT_109",0.0311157833685922,-3.4700400847202,109
"TT_110",0.0311123990344112,-3.47014885647132,110
"TT_111",0.0311090936604882,-3.47025510187891,111
"TT_112",0.0311058646102087,-3.47035890489902,112
"TT_113",0.031102709360984,-3.47046034587495,113
"TT_114",0.0310996254982195,-3.47055950172735,114
"TT_115",0.0310966107096584,-3.47065644613258,115
"TT_116",0.031093662780074,-3.47075124969015,116
"TT_117",0.0310907795862881,-3.47084398007989,117
"TT_118",0.0310879590924902,-3.47093470220966,118
"TT_119",0.0310851993458367,-3.47102347835437,119
"TT_120",0.0310824984723136,-3.47111036828659,120
"TT_121",0.0310798546728396,-3.47119542939968,121
"TT_122",0.0310772662195996,-3.47127871682369,122
"TT_123",0.0310747314525877,-3.4713602835346,123
"TT_124",0.0310722487763483,-3.4714401804574,124
"TT_125",0.0310698166569039,-3.47151845656325,125
"TT_126",0.0310674336188518,-3.47159515896133,126
"TT_127",0.0310650982426269,-3.4716703329855,127
"TT_128",0.0310628091619118,-3.47174402227625,128
"TT_129",0.0310605650611912,-3.47181626885814,129
"TT_130",0.0310583646734376,-3.47188711321312,130
"TT_131",0.0310562067779219,-3.47195659434987,131
"TT_132",0.0310540901981398,-3.47202474986952,132
"TT_133",0.0310520137998504,-3.4720916160278,133
"TT_134",0.0310499764892142,-3.4721572277941,134
"TT_135",0.0310479772110297,-3.47222161890737,135
"TT_136",0.031046014947062,-3.47228482192912,136
"TT_137",0.0310440887144539,-3.47234686829384,137
"TT_138",0.0310421975642207,-3.47240778835678,138
"TT_139",0.0310403405798178,-3.47246761143937,139
"TT_140",0.0310385168757833,-3.47252636587235,140
"TT_141",0.0310367255964431,-3.47258407903687,141
"TT_142",0.0310349659146848,-3.47264077740342,142
"TT_143",0.0310332370307871,-3.47269648656902,143
"TT_144",0.0310315381713083,-3.47275123129253,144
"TT_145",0.0310298685880268,-3.47280503552834,145
"TT_146",0.0310282275569338,-3.47285792245834,146
"TT_147",0.0310266143772702,-3.47290991452258,147
"TT_148",0.0310250283706134,-3.47296103344826,148
"TT_149",0.0310234688800024,-3.47301130027761,149
"TT_150",0.0310219352691048,-3.47306073539433,150
"TT_151",0.0310204269214244,-3.47310935854881,151
"TT_152",0.0310189432395397,-3.47315718888239,152
"TT_153",0.0310174836443819,-3.4732042449503,153
"TT_154",0.0310160475745428,-3.47325054474369,154
"TT_155",0.0310146344856131,-3.47329610571071,155
"TT_156",0.0310132438495525,-3.47334094477657,156
"TT_157",0.0310118751540837,-3.4733850783628,157
"TT_158",0.0310105279021168,-3.47342852240562,158
"TT_159",0.0310092016111958,-3.47347129237356,159
"TT_160",0.0310078958129694,-3.47351340328428,160
"TT_161",0.031006610052687,-3.47355486972071,161
"TT_162",0.099578837644549,-2.30680561041557,162
"TT_163",0.0498225653568543,-2.99928727796367,163
"TT_164",0.03799619283047,-3.27026931294681,164
"TT_165",0.035091218808332,-3.34980435621045,165
"TT_166",0.0338027998805948,-3.38721164321995,166
"TT_167",0.0330862978885495,-3.40863604337567,167
"TT_168",0.0326347181869142,-3.4223785822344,168
"TT_169",0.0323262813082085,-3.43187471680481,169
"TT_170",0.0321034205244834,-3.43879269612799,170
"TT_171",0.0319355397491279,-3.44403579062001,171
"TT_172",0.0318049431491029,-3.44813355633597,172
"TT_173",0.0693799027133282,-2.66815803967086,173
"TT_174",0.0579934540245897,-2.84742513645008,174
"TT_175",0.0376432325147763,-3.27960208817621,175
"TT_176",0.0345782064674678,-3.36453166625289,176
"TT_177",0.0333533704027625,-3.40059645017478,177
"TT_178",0.0327053609741962,-3.42021627035128,178
"TT_179",0.0323089577086445,-3.43241075876094,179
"TT_180",0.0320435842626231,-3.44065829466727,180
"TT_181",0.0318546010550568,-3.44657344726995,181
"TT_182",0.031713804988038,-3.45100320431489,182
"TT_183",0.031605232399727,-3.45443258982666,183
"TT_184",0.0315192012959541,-3.45715835390888,184
"TT_185",0.0314495148503609,-3.45937172201633,185
"TT_186",0.0313920318359241,-3.46120118145839,186
"TT_187",0.0313438848507361,-3.46273609151258,187
"TT_188",0.0313030287296859,-3.46404042159071,188
"TT_189",0.031267967560786,-3.46516110608186,189
"TT_190",0.0312375832168843,-3.46613331881871,190
"TT_191",0.0312110240583464,-3.46698391137147,191
"TT_192",0.0311876306087523,-3.46773371762338,192
"TT_193",0.0311668846713032,-3.4683991365789,193
"TT_194",0.0311483737200514,-3.46899324313559,194
"TT_195",0.0311317654893975,-3.46952658269644,195
"TT_196",0.0311167895214294,-3.47000774947226,196
"TT_197",0.0311032235533463,-3.47044381393537,197
"TT_198",0.0310908833312888,-3.47084064324404,198
"TT_199",0.0310796148886358,-3.47120314452999,199
"TT_200",0.0310692886227401,-3.4715354517923,200
"TT_201",0.0310597947015664,-3.47184107102052,201
"TT_202",0.0310510394658067,-3.47212299400336,202
"TT_203",0.0310429425845483,-3.4723837884004,203
"TT_204",0.031035434787317,-3.4726256696346,204
"TT_205",0.0310284560412372,-3.47285055872924,205
"TT_206",0.0310219540750395,-3.47306012918041,206
"TT_207",0.0310158831756021,-3.47325584520552,207
"TT_208",0.0310102032003201,-3.473438993156,208
"TT_209",0.0310054270741993,-3.47359302290976,209
"TT_210",0.031001807967986,-3.47370975464969,210
"TT_211",0.0309983505638317,-3.4738212835309,211
"TT_212",0.0309950444791649,-3.47392794278605,212
"TT_213",0.0309918801909104,-3.47403003813194,213
"TT_214",0.0309888489490963,-3.4741278505281,214
"TT_215",0.0309859427006132,-3.47422163861219,215
"TT_216",0.030983154021767,-3.4743116408551,216
"TT_217",0.0309804760584704,-3.47439807747267,217
"TT_218",0.0309779024730847,-3.4744811521253,218
"TT_219",0.0309754273970721,-3.47456105343228,219
"TT_220",0.0309730453887305,-3.47463795632384,220
"TT_221",0.0309707513953914,-3.47471202325094,221
"TT_222",0.0309685407195406,-3.47478340526956,222
"TT_223",0.0309664089883991,-3.47485224301473,223
"TT_224",0.0309643521265581,-3.47491866757676,224
"TT_225",0.0309623663313209,-3.47498280129117,225
"TT_226",0.0309604480504428,-3.4750447584518,226
"TT_227",0.0309585939620044,-3.47510464595583,227
"TT_228",0.030956800956184,-3.47516256388798,228
"TT_229",0.0309550661187239,-3.47521860605057,229
"TT_230",0.0309533867159108,-3.47527286044514,230
"TT_231",0.030951760180912,-3.47532540971061,231
"TT_232",0.0309501841013265,-3.47537633152265,232
"TT_233",0.0309486562078283,-3.47542569895799,233
"TT_234",0.0309472725584016,-3.47547040785742,234
"TT_235",0.0309467611495071,-3.47548693316249,235
"TT_236",0.0309462549260762,-3.47550329117711,236
"TT_237",0.030945753812418,-3.47551948433899,237
"TT_238",0.0309452577342807,-3.47553551503956,238
"TT_239",0.0309447666188177,-3.47555138562511,239
"TT_240",0.0309442803945563,-3.47556709839772,240
"TT_241",0.0309437989913632,-3.47558265561642,241
"TT_242",0.0309433223404165,-3.47559805949809,242
"TT_243",0.0309428503741732,-3.47561331221845,243
"TT_244",0.0309423830263415,-3.47562841591302,244
"TT_245",0.0309419202318516,-3.47564337267799,245
"TT_246",0.0309414619268281,-3.47565818457119,246
"TT_247",0.0309410080485626,-3.47567285361287,247
"TT_248",0.0309405585354886,-3.47568738178656,248
"TT_249",0.0309401133271552,-3.47570177103994,249
"TT_250",0.0309396723642011,-3.47571602328562,250
"TT_251",0.0309392355883333,-3.47573014040185,251
"TT_252",0.0309388029422998,-3.47574412423339,252
"TT_253",0.0309383743698706,-3.47575797659214,253
"TT_254",0.0309379498158117,-3.47577169925794,254
"TT_255",0.0309375292258659,-3.47578529397922,255
"TT_256",0.0309371125467297,-3.47579876247372,256
"TT_257",0.0309366997260349,-3.47581210642909,257
"TT_258",0.0309362907123259,-3.47582532750362,258
"TT_259",0.0309358854550419,-3.47583842732681,259
"TT_260",0.030935483904497,-3.4758514075,260
"TT_261",0.0309350860118617,-3.47586426959698,261
"TT_262",0.030934691729145,-3.47587701516456,262
"TT_263",0.0309343010091759,-3.47588964572316,263
"TT_264",0.0309339138055874,-3.47590216276732,264
"TT_265",0.0309335300727986,-3.47591456776629,265
"TT_266",0.030933149765998,-3.47592686216456,266
"TT_267",0.0596571630642026,-2.81914105274921,267
"TT_268",0.0352464519325863,-3.34539040918457,268
"TT_269",0.0329538893842063,-3.41264598602528,269
"TT_270",0.0321904427036026,-3.43608568093584,270
"TT_271",0.0318161869512111,-3.44778009508159,271
"TT_272",0.0315968960057993,-3.4546963908785,272
"TT_273",0.0314541322691651,-3.45922491276046,273
"TT_274",0.0313544410340334,-3.46239936215823,274
"TT_275",0.0312812447711787,-3.46473656962178,275
"TT_276",0.0312254336127435,-3.46652233634975,276
"TT_277",0.0311816053075845,-3.46792693150834,277
"TT_278",0.0311463629662181,-3.46905779927439,278
"TT_279",0.0311174688424807,-3.46998591837571,279
"TT_280",0.0310933917787784,-3.47075996537214,280
"TT_281",0.0310730505201756,-3.47141437822179,281
"TT_282",0.0310556608961025,-3.47197417172566,282
"TT_283",0.123806328509447,-2.08903680122195,283
"TT_284",0.0519652958727767,-2.95717917026458,284
"TT_285",0.0395150358382801,-3.23107402537179,285
"TT_286",0.0361234006656173,-3.32081440576163,286
"TT_287",0.0345724415155194,-3.36469840227432,287
"TT_288",0.0336964735017416,-3.39036209096461,288
"TT_289",0.0331391259565192,-3.40704064160675,289
"TT_290",0.0327559876873544,-3.41866950346404,290
"TT_291",0.0324778550551436,-3.42719680481195,291
"TT_292",0.032267592659345,-3.4336918756593,292
"TT_293",0.0321035686629482,-3.43878808172489,293
"TT_294",0.0319723694161548,-3.44288320492021,294
"TT_295",0.0318652568761812,-3.44623898885872,295
"TT_296",0.0317763068652108,-3.4490343340282,296
"TT_297",0.0317013679972464,-3.45139544454276,297
"TT_298",0.0316374491403136,-3.45341376068821,298
"TT_299",0.0315823433718764,-3.45515706860504,299
"TT_300",0.0315343886418499,-3.45667662570896,300
"TT_301",0.031492310645306,-3.45801186944761,301
"TT_302",0.0314551168462424,-3.45919361125579,302
"TT_303",0.0314220232877875,-3.46024625332698,303
"TT_304",0.0313924029746332,-3.46118935882399,304
"TT_305",0.0313657487824838,-3.46203878453223,305
"TT_306",0.0313416463552098,-3.46280751135969,306
"TT_307",0.0313197539980654,-3.46350626235828,307
"TT_308",0.031299787554757,-3.46414396884702,308
"TT_309",0.0312815088897158,-3.46472812630618,309
"TT_310",0.0312647170150266,-3.46526506917842,310
"TT_311",0.0312492411824104,-3.46576018525741,311
"TT_312",0.0312349354526155,-3.46621808454697,312
"TT_313",0.0312216743877458,-3.4666427334385,313
"TT_314",0.0312093496057448,-3.46703756220705,314
"TT_315",0.0311978670030416,-3.46740555179084,315
"TT_316",0.0311871444995518,-3.46774930434733,316
"TT_317",0.0311771101953774,-3.46807110100185,317
"TT_318",0.0311677008544715,-3.46837294940972,318
"TT_319",0.0311588606498397,-3.46865662315901,319
"TT_320",0.0311505401193385,-3.46892369459439,320
"TT_321",0.0311426952921439,-3.46917556230312,321
"TT_322",0.0311352869543404,-3.46941347424474,322
"TT_323",0.0311282800285724,-3.46963854730551,323
"TT_324",0.0311216430476941,-3.46985178390326,324
"TT_325",0.0311153477062896,-3.47005408614666,325
"TT_326",0.0311093684770044,-3.47024626795705,326
"TT_327",0.0311036822810638,-3.47042906548545,327
"TT_328",0.0310982682043033,-3.47060314609649,328
"TT_329",0.0310931072515631,-3.47076911614344,329
"TT_330",0.0310881821335732,-3.47092752771865,330
"TT_331",0.031083477081436,-3.47107888453318,331
"TT_332",0.0310789776846474,-3.47122364705304,332
"TT_333",0.0310746707492634,-3.47136223699907,333
"TT_334",0.0310705441733561,-3.47149504130004,334
"TT_335",0.0310665868373649,-3.47162241557472,335
"TT_336",0.0310627885073148,-3.47174468720658,336
"TT_337",0.0310591397491776,-3.4718621580657,337
"TT_338",0.031055631852921,-3.47197510692375,338
"TT_339",0.0310522567649926,-3.47208379160156,339
"TT_340",0.0310490070281697,-3.47218845088311,340
"TT_341",0.0310458757278639,-3.47228930622478,341
"TT_342",0.0310428564440839,-3.47238656328502,342
"TT_343",0.0310399432083818,-3.47248041329567,343
"TT_344",0.0310371304651888,-3.472571034294,344
"TT_345",0.0310344130370309,-3.47265859223138,345
"TT_346",0.0310317860931823,-3.47274324197269,346
"TT_347",0.0310292451213626,-3.47282512819892,347
"TT_348",0.0310267859021469,-3.47290438622353,348
"TT_349",0.0310244044857869,-3.47298114273203,349
"TT_350",0.0310220971711854,-3.47305551645306,350
"TT_351",0.0310198604867937,-3.47312761876824,351
"TT_352",0.0310176911732353,-3.47319755426702,352
"TT_353",0.0310155861674695,-3.47326542125251,353
"TT_354",0.0310135425883487,-3.47333131220286,354
"TT_355",0.031011557723419,-3.47339531419304,355
"TT_356",0.0310096290168502,-3.47345750928058,356
"TT_357",0.0310077540583792,-3.47351797485906,357
"TT_358",0.0310059305731704,-3.47357678398224,358
"TT_359",0.0310041564125087,-3.47363400566176,359
"TT_360",0.0310024295452424,-3.47368970514078,360
"TT_361",0.0310007480499111,-3.47374394414584,361
"TT_362",0.0309991101074925,-3.47379678111894,362
"TT_363",0.0309975139947137,-3.47384827143159,363
"TT_364",0.0309959580778781,-3.47389846758238,364
"TT_365",0.0309944408071588,-3.47394741937965,365
"TT_366",0.0309929607113204,-3.47399517411053,366
"TT_367",0.0309915163928343,-3.4740417766973,367
"TT_368",0.0309901065233489,-3.4740872698425,368
"TT_369",0.0309887298394884,-3.4741316941635,369
"TT_370",0.030987385138953,-3.4741750883174,370
"TT_371",0.0309860712768953,-3.47421748911716,371
"TT_372",0.0309847871625492,-3.47425893163961,372
"TT_373",0.0309835317560909,-3.47429944932608,373
"TT_374",0.0309823040657177,-3.47433907407598,374
"TT_375",0.0309811031449226,-3.4743778363342,375
"TT_376",0.0309799280899504,-3.47441576517266,376
"TT_377",0.0309787780374247,-3.4744528883664,377
"TT_378",0.030977652162129,-3.47448923246474,378
"TT_379",0.0309765496749298,-3.47452482285786,379
"TT_380",0.0309754698208387,-3.47455968383898,380
"TT_381",0.0309744118771906,-3.47459383866283,381
"TT_382",0.0309733751519416,-3.47462730960017,382
"TT_383",0.0309723589820702,-3.47466011798918,383
"TT_384",0.0309713627320787,-3.47469228428349,384
"TT_385",0.0598437448234158,-2.81601836666879,385
"TT_386",0.0528414888715388,-2.94045862274657,386
"TT_387",0.0361935851262944,-3.31887338230929,387
"TT_388",0.0337741962469582,-3.38805819269636,388
"TT_389",0.0328125570683035,-3.41694399940732,389
"TT_390",0.0323050281277047,-3.4325323912804,390
"TT_391",0.0319949946700551,-3.44217580497753,391
"TT_392",0.0317876299538032,-3.44867806003767,392
"TT_393",0.0316400498092232,-3.4533315618354,393
"TT_394",0.0315301495187213,-3.45681106332663,394
"TT_395",0.0314454299303787,-3.45950161862415,395
"TT_396",0.0313783161648148,-3.46163819261937,396
"TT_397",0.0313239630050274,-3.46337188313656,397
"TT_398",0.0312791340971996,-3.46480404600278,398
"TT_399",0.0312415895052569,-3.46600507485505,399
"TT_400",0.0312097321598972,-3.46702530460435,400
"TT_401",0.0311823942521803,-3.4679016302255,401
"TT_402",0.0311587031225353,-3.46866167879003,402
"TT_403",0.0311379942454791,-3.46932652552169,403
"TT_404",0.0311197531406151,-3.46991251220292,404
"TT_405",0.0311035756158796,-3.47043249483398,405
"TT_406",0.0310891399527996,-3.47089671843982,406
"TT_407",0.0310761870625217,-3.47131344239471,407
"TT_408",0.0310645060785279,-3.47168939520569,408
"TT_409",0.0310539237303851,-3.47203011045808,409
"TT_410",0.0310442963935989,-3.47234017850332,410
"TT_411",0.0310355040639032,-3.47262343746001,411
"TT_412",0.0310274457356517,-3.47288311987352,412
"TT_413",0.0310200358183405,-3.47312196654903,413
"TT_414",0.0310132013300905,-3.47334231578734,414
"TT_415",0.0310068796791902,-3.47354617398356,415
"TT_416",0.0310010168953723,-3.47373527195848,416
"TT_417",0.030995566208367,-3.47391111026267,417
"TT_418",0.0309904868970313,-3.47407499588185,418
"TT_419",0.0309857433510616,-3.47422807218094,419
"TT_420",0.030981304301039,-3.4743713434904,420
"TT_421",0.0309771421827473,-3.47450569541606,421
"TT_422",0.0971157994476774,-2.33185120376284,422
"TT_423",0.0518216088431633,-2.95994805756895,423
"TT_424",0.0383443290813688,-3.2611486348184,424
"TT_425",0.0352625160902711,-3.34493474635434,425
"TT_426",0.0339215852843982,-3.38370373317181,426
"TT_427",0.03318286229201,-3.40572173235852,427
"TT_428",0.0327198816157201,-3.4197723853556,428
"TT_429",0.0324048199478551,-3.4294481034254,429
"TT_430",0.0321777522691174,-3.43647998854863,430
"TT_431",0.0320070129218159,-3.44180024638635,431
"TT_432",0.0318743659463466,-3.44595316758071,432
"TT_433",0.0317686031456995,-3.44927679938216,433
"TT_434",0.0316824746424585,-3.45199160137266,434
"TT_435",0.0316110935553716,-3.45424715811822,435
"TT_436",0.0315510518625535,-3.45614835100856,436
"TT_437",0.0314999040402093,-3.45777077949775,437
"TT_438",0.0314558520324372,-3.45917023898199,438
"TT_439",0.0314175458121731,-3.46038875830231,439
"TT_440",0.0598553206022195,-2.8158249519784,440
"TT_441",0.0359509528010458,-3.32559969166015,441
"TT_442",0.0334764290568118,-3.3969136980454,442
"TT_443",0.0326603527677646,-3.42159339028062,443
"TT_444",0.0322547552543058,-3.43408979686408,444
"TT_445",0.0320116378201139,-3.44165576042007,445
"TT_446",0.0318489506481159,-3.44675084419068,446
"TT_447",0.0317318697445331,-3.45043374841236,447
"TT_448",0.0316431531865269,-3.45323348281414,448
"TT_449",0.0315733060607625,-3.4554432602999,449
"TT_450",0.0315166727618855,-3.45723857914911,450
"TT_451",0.0314696742895671,-3.45873091783015,451
"TT_452",0.0314299338213508,-3.45999453376346,452
"TT_453",0.0313958094815242,-3.46108085097639,453
"TT_454",0.0313661292824561,-3.4620266535397,454
"TT_455",0.03134003314214,-3.46285898455195,455
"TT_456",0.0313168747284286,-3.46359819800991,456
"TT_457",0.0312961582727824,-3.46425992785781,457
"TT_458",0.0312774966289995,-3.4648563975499,458
"TT_459",0.0312605826782007,-3.46539731442482,459
"TT_460",0.0312451693674345,-3.46589049499058,460
"TT_461",0.031231055479892,-3.46634231127164,461
"TT_462",0.0312180752989577,-3.46675801541225,462
"TT_463",0.0312060909728556,-3.46714197973136,463
"TT_464",0.0311949867875732,-3.46749787696257,464
"TT_465",0.0311846648111827,-3.46782881746064,465
"TT_466",0.0311750415390332,-3.46813745496999,466
"TT_467",0.0311660452797345,-3.46842606910299,467
"TT_468",0.0311576140965947,-3.4686966303401,468
"TT_469",0.0311496941705082,-3.46895085175809,469
"TT_470",0.0311422384861726,-3.46919023056857,470
"TT_471",0.0311352057688929,-3.46941608175414,471
"TT_472",0.0311285596174401,-3.46962956551751,472
"TT_473",0.0311222677916703,-3.46983170984404,473
"TT_474",0.031116301623297,-3.47002342917331,474
"TT_475",0.0311106355254464,-3.47020553994803,475
"TT_476",0.0311052465819951,-3.47037877363956,476
"TT_477",0.0311001142018071,-3.47054378771986,477
"TT_478",0.0310952198260774,-3.47070117495208,478
"TT_479",0.0310905466794123,-3.47085147129597,479
"TT_480",0.031086079557122,-3.47099516266581,480
"TT_481",0.0310818046426587,-3.47113269073275,481
"TT_482",0.0310777093502833,-3.47126445792713,482
"TT_483",0.0310737821889344,-3.47139083176811,483
"TT_484",0.0310700126440103,-3.47151214862489,484
"TT_485",0.0310663910743405,-3.47162871699567,485
"TT_486",0.0310629086220946,-3.47174082037577,486
"TT_487",0.0310595571337528,-3.4718487197743,487
"TT_488",0.0310563290905689,-3.47195265592922,488
"TT_489",0.0310532175472068,-3.47205285126257,489
"TT_490",0.0310502160774418,-3.47214951161102,490
"TT_491",0.031047318725986,-3.47224282776172,491
"TT_492",0.0310445199656362,-3.47233297681869,492
"TT_493",0.0310418146590687,-3.47242012342142,493
"TT_494",0.031039198024695,-3.47250442083418,494
"TT_495",0.0310366656060774,-3.47258601192195,495
"TT_496",0.0310342132444803,-3.47266503002653,496
"TT_497",0.12777013463537,-2.05752245264721,497
"TT_498",0.0491176369861105,-3.01353710326072,498
"TT_499",0.0388962141192477,-3.24685835650662,499
"TT_500",0.035834257742995,-3.32885092293635,500
"TT_501",0.0343898436183569,-3.36999400184819,501
"TT_502",0.0335607996415143,-3.39439657044666,502
"TT_503",0.0330280510406124,-3.41039804705415,503
"TT_504",0.0433241134827114,-3.1390459056161,504
"TT_505",0.0591629028860639,-2.82746057395147,505
"TT_506",0.0355826966239106,-3.33589580917484,506
"TT_507",0.0330472596412583,-3.4098166316665,507
"TT_508",0.0322390654783125,-3.43457634816852,508
"TT_509",0.0318991263321713,-3.44517665727262,509
"TT_510",0.0317073663301404,-3.45120624874898,510
"TT_511",0.284219489136898,-1.25800849024141,511
"TT_512",0.574079466341441,-0.554987449141377,512
"TT_513",0.123004184773627,-2.09553690163866,513
"TT_514",0.0794974445683171,-2.53203040163323,514
"TT_515",0.062977409709294,-2.76497919293732,515
"TT_516",0.0544335697360385,-2.91077422470643,516
"TT_517",0.0492752321785707,-3.01033371406058,517
"TT_518",0.045851581926607,-3.08234557865878,518
"TT_519",0.043428305099594,-3.13664385922517,519
"TT_520",0.0416311369740943,-3.1789069067359,520
"TT_521",0.0402501801925129,-3.21264079829497,521
"TT_522",0.0391590264569033,-3.24012432227995,522
"TT_523",0.0382772200080173,-3.26290033760461,523
"TT_524",0.0375512366478244,-3.28204896795012,524
"TT_525",0.0369441548083172,-3.29834783602805,525
"TT_526",0.0364297234281731,-3.31237025986056,526
"TT_527",0.0359887932770096,-3.32454768685011,527
"TT_528",0.0356070845540902,-3.33521065659451,528
"TT_529",0.0352737429813596,-3.34461641670854,529
"TT_530",0.0349803785224473,-3.35296798833967,530
"TT_531",0.0347204090493548,-3.36042760788396,531
"TT_532",0.0344886021322042,-3.36712638250959,532
"TT_533",0.0342807487563438,-3.37317134312401,533
"TT_534",0.0340934268349502,-3.37865067471195,534
"TT_535",0.0339238270532114,-3.38363764856161,535
"TT_536",0.0337696227534818,-3.38819361570179,536
"TT_537",0.0336288714418379,-3.39237031187101,537
"TT_538",0.0334999393333603,-3.39621165109723,538
"TT_539",0.033381442909087,-3.39975513492754,539
"TT_540",0.033272203189591,-3.4030329696357,540
"TT_541",0.0331712096227771,-3.40607295931465,541
"TT_542",0.0330775913168837,-3.40889922535667,542
"TT_543",0.032990593939902,-3.41153279026921,543
"TT_544",0.0329095610299966,-3.41399205461489,544
"TT_545",0.0328339187686622,-3.41629318911353,545
"TT_546",0.0327631634936872,-3.41845045891807,546
"TT_547",0.0326968513959628,-3.42047649330011,547
"TT_548",0.0326345899690721,-3.4223825111206,548
"TT_549",0.0325760308748677,-3.42417851027495,549
"TT_550",0.0325208639599954,-3.4258734276199,550
"TT_551",0.032468812213361,-3.42747527458481,551
"TT_552",0.0324196274970779,-3.42899125265185,552
"TT_553",0.0323730869165337,-3.4304278520896,553
"TT_554",0.03232898972117,-3.43179093669161,554
"TT_555",0.0322871546479951,-3.43308581676929,555
"TT_556",0.0322474176361076,-3.43431731224538,556
"TT_557",0.0322096298534073,-3.43548980737202,557
"TT_558",0.0321736559870963,-3.43660729833524,558
"TT_559",0.0321393727578979,-3.43767343479669,559
"TT_560",0.0321066676247265,-3.43869155624983,560
"TT_561",0.0320754376520648,-3.43966472392614,561
"TT_562",0.0320455885167802,-3.44059574887144,562
"TT_563",27.5108751517531,3.31458138656255,563
"TT_564",5.77057537693376,1.75277179425445,564
"TT_565",2.76520872787459,1.01711612141069,565
"TT_566",1.62014435246014,0.482515251731423,566
"TT_567",1.12668487143106,0.119279578771186,567
"TT_568",0.846101380001566,-0.167116092038279,568
"TT_569",0.726653355634199,-0.319305729969475,569
"TT_570",0.762559380982074,-0.271074896835001,570
"TT_571",0.661236796684301,-0.413643263216082,571
"TT_572",0.478070425215792,-0.737997224255704,572
"TT_573",0.408420417624121,-0.895458199758824,573
"TT_574",0.37756010092588,-0.97402551521459,574
"TT_575",0.322312637543867,-1.13223328043034,575
"TT_576",0.292088854828324,-1.23069722564563,576
"TT_577",0.267893988938497,-1.31716394038955,577
"TT_578",0.24773078296157,-1.39541267503043,578
"TT_579",0.230586919940332,-1.46712739461051,579
"TT_580",0.215807714793469,-1.53336747705907,580
"TT_581",0.202929391578687,-1.59489718518093,581
"TT_582",0.191607419217434,-1.65230669176587,582
"TT_583",0.181577974731159,-1.70607010469056,583
"TT_584",0.20952183459488,-1.5629273226408,584
"TT_585",0.17035002907736,-1.76989996418331,585
"TT_586",0.160100079400394,-1.83195616303709,586
"TT_587",0.152552919663382,-1.88024372894405,587
"TT_588",0.146105703725571,-1.92342492111366,588
"TT_589",0.168440412695712,-1.78117322558626,589
"TT_590",0.140059638311222,-1.96568695914264,590
"TT_591",0.132692038570051,-2.019724335148,591
"TT_592",0.127534917107852,-2.05936509220694,592
"TT_593",0.123148771037246,-2.09436213386249,593
"TT_594",0.119228904379512,-2.12671006734066,594
"TT_595",0.115656212726997,-2.15713317166976,595
"TT_596",0.112366703531858,-2.18598761733086,596
"TT_597",0.109318808477389,-2.21348681738353,597
"TT_598",0.106482236510105,-2.23977710107656,598
"TT_599",0.10383330889634,-2.26496846477102,599
"TT_600",0.101352684745462,-2.28914891659322,600
"TT_601",0.0990241097615455,-2.31239192555198,601
"TT_602",0.0968336575172584,-2.33476064350924,602
"TT_603",0.094769231868948,-2.35631048074605,603
"TT_604",0.0928202196230524,-2.37709077905413,604
"TT_605",0.0909772358895622,-2.39714595881904,605
"TT_606",0.105586059903577,-2.24822892491272,606
"TT_607",0.145072978374751,-1.93051836403788,607
"TT_608",0.108817385868321,-2.21808416074257,608
"TT_609",0.0922005991646326,-2.3837886499089,609
"TT_610",0.0876165131975177,-2.43478579198399,610
"TT_611",0.0848809199867193,-2.46650594606032,611
"TT_612",0.121132636364539,-2.11086916543721,612
"TT_613",0.0859839060674943,-2.45359513899134,613
"TT_614",0.082084741368952,-2.50000313401175,614
"TT_615",0.0798497715323792,-2.52760826553524,615
"TT_616",0.078148818631432,-2.54914033890924,616
"TT_617",0.0767101107399933,-2.56772175739324,617
"TT_618",0.0754316824886319,-2.58452790006731,618
"TT_619",0.0742651034483535,-2.6001141085392,619
"TT_620",0.0731836031538507,-2.61478388373721,620
"TT_621",0.072170704633156,-2.62872106842676,621
"TT_622",0.0712154138743116,-2.64204599699538,622
"TT_623",0.070309919653423,-2.65484238551922,623
"TT_624",0.0694483877628508,-2.66717142440904,624
"TT_625",0.0686262816481766,-2.67907970321498,625
"TT_626",0.067839956617015,-2.69060392698845,626
"TT_627",0.304586073922061,-1.18880155879781,627
"TT_628",0.136048916908382,-1.9947407747667,628
"TT_629",0.279413897565614,-1.27506109264608,629
"TT_630",0.167796819668989,-1.7850014382336,630
"TT_631",0.0747296142486288,-2.59387882298784,631
"TT_632",0.0715532430631111,-2.63731344817722,632
"TT_633",0.0693478872230364,-2.66861959810663,633
"TT_634",0.0676741742927762,-2.69305064462342,634
"TT_635",0.0663246871051017,-2.71319309657064,635
"TT_636",0.0651890617349582,-2.73046358892487,636
"TT_637",0.0642032503653489,-2.74570144082406,637
"TT_638",0.109135683905677,-2.21516336440812,638
"TT_639",0.0625359409552816,-2.77201383223621,639
"TT_640",0.0618107483253651,-2.7836780085186,640
"TT_641",0.0611394078982862,-2.79459864692542,641
"TT_642",0.0605127601586727,-2.80490102447049,642
"TT_643",0.059923937019796,-2.81467923732889,643
"TT_644",0.0593676662252885,-2.82400554046175,644
"TT_645",0.0588398155474276,-2.8329365180698,645
"TT_646",0.0583370856811525,-2.84151726983294,646
"TT_647",0.0578567981879698,-2.84978431819362,647
"TT_648",0.0573967458461058,-2.85776766984026,648
"TT_649",0.0569550849591406,-2.86549230494249,649
"TT_650",0.0565302564818839,-2.87297927121194,650
"TT_651",0.0561209273207049,-2.88024649999443,651
"TT_652",0.0557259460047673,-2.88730942354623,652
"TT_653",0.0553443087578539,-2.89418144791712,653
"TT_654",0.0549751332064894,-2.9008743195067,654
"TT_655",0.0546176377708718,-2.90739841229965,655
"TT_656",0.0542711253364681,-2.91376295523701,656
"TT_657",0.053934970187649,-2.91997621390081,657
"TT_658",0.0536086074536054,-2.92604563697707,658
"TT_659",0.0532915245084369,-2.93197797530563,659
"TT_660",0.0529832539051957,-2.93777937941008,660
"TT_661",0.0526833675253839,-2.94345547997806,661
"TT_662",0.0523914716985729,-2.94901145474501,662
"TT_663",0.052107203103136,-2.9544520844407,663
"TT_664",0.0518302253001466,-2.9597817998838,664
"TT_665",0.0515602257843131,-2.96500472186114,665
"TT_666",0.0512969134597323,-2.97012469509244,666
"TT_667",0.0510400164673282,-2.97514531730991,667
"TT_668",0.0507892803045874,-2.98006996429128,668
"TT_669",0.0505444661901623,-2.98490181151286,669
"TT_670",0.0503053496346442,-2.9896438529662,670
"TT_671",0.0500717191852844,-2.99429891759394,671
"TT_672",0.0498433753193609,-2.9988696836949,672
"TT_673",0.0496201294638594,-3.00335869161549,673
"TT_674",0.049401803124008,-3.00776835496839,674
"TT_675",0.0491882271054523,-3.012100970592,675
"TT_676",0.0489792408177724,-3.01635872741956,676
"TT_677",0.0487746916483063,-3.02054371441388,677
"TT_678",0.0485744343978549,-3.0246579276803,678
"TT_679",0.0483783307701453,-3.02870327687284,679
"TT_680",0.0481862489088476,-3.03268159097675,680
"TT_681",0.0479980629765486,-3.03659462354376,681
"TT_682",0.0478136527706445,-3.04044405745033,682
"TT_683",0.047632903372411,-3.04423150922659,683
"TT_684",0.0474557048251513,-3.04795853301496,684
"TT_685",0.0472819518388703,-3.05162662418838,685
"TT_686",0.0614330782197635,-2.78980685567278,686
"TT_687",0.0469443831116893,-3.05879171601854,687
"TT_688",0.0467803777799094,-3.06229144218728,688
"TT_689",0.0466194383808917,-3.06573769218901,689
"TT_690",0.046461479271216,-3.06913171247357,690
"TT_691",0.0463064181209417,-3.07247470717414,691
"TT_692",0.0461541757417571,-3.07576784018162,692
"TT_693",0.0460046759265164,-3.07901223708267,693
"TT_694",0.0458578452998169,-3.08220898696021,694
"TT_695",0.0457136131779637,-3.08535914408394,695
"TT_696",0.0455719114383333,-3.08846372948324,696
"TT_697",0.0772656995078303,-2.56050515397785,697
"TT_698",0.0545648840570398,-2.90836475227887,698
"TT_699",0.0485634729613736,-3.02488361581433,699
"TT_700",0.0470312988959682,-3.05694196495093,700
"TT_701",0.0462853851979395,-3.07292902219146,701
"TT_702",0.0458164542741034,-3.08311198875501,702
"TT_703",0.0454763254714318,-3.09056340774749,703
"TT_704",0.0452065057214891,-3.0965142706098,704
"TT_705",0.0449794143610021,-3.10155035252234,705
"TT_706",0.0447804061676515,-3.1059845975612,706
"TT_707",0.044601007179894,-3.10999883770227,707
"TT_708",0.0444359826356362,-3.11370571803517,708
"TT_709",0.0442819268139128,-3.11717865777241,709
"TT_710",0.0441365283154212,-3.12046753291369,710
"TT_711",0.0439981620590345,-3.1236074173219,711
"TT_712",0.0438656505919777,-3.12662371182415,712
"TT_713",0.0437381182508179,-3.12953528590226,713
"TT_714",0.0436148987114134,-3.1323564734334,714
"TT_715",0.0434954744989172,-3.13509838080711,715
"TT_716",0.0433794363053022,-3.13776976801311,716
"TT_717",0.04326645495965,-3.14037765646657,717
"TT_718",0.0431562616986765,-3.14292775729538,718
"TT_719",0.0430486340117383,-3.14542477888502,719
"TT_720",0.0429433853098548,-3.1478726514962,720
"TT_721",0.0428403572676236,-3.15027469385698,721
"TT_722",0.0631737275351956,-2.76186676781503,722
"TT_723",0.10560592093778,-2.24804083979526,723
"TT_724",0.0435178514673925,-3.134584046509,724
"TT_725",0.0424479876056739,-3.15947577357525,725
"TT_726",0.0423543416126488,-3.16168434572071,726
"TT_727",0.0422623157409216,-3.16385947082935,727
"TT_728",0.0775448534772288,-2.55689875549177,728
"TT_729",0.0420828689990564,-3.16811453324144,729
"TT_730",0.0560573432123301,-2.88138012622849,730
"TT_731",0.0419091916626025,-3.17225010468994,731
"TT_732",0.041824394265808,-3.1742755148009,732
"TT_733",0.0417408998146836,-3.17627381995443,733
"TT_734",0.041658668656695,-3.17824580101246,734
"TT_735",0.0415776637316637,-3.18019218544051,735
"TT_736",0.0414978502796336,-3.18211365357793,736
"TT_737",0.0414191955925659,-3.18401084395254,737
"TT_738",0.0413416688014101,-3.18588435782653,738
"TT_739",0.0412652406933551,-3.18773476308512,739
"TT_740",0.0411898835536126,-3.18956259759295,740
"TT_741",0.0411155710282671,-3.19136837209274,741
"TT_742",0.0410422780044903,-3.19315257272805,742
"TT_743",0.0409699805057778,-3.19491566324046,743
"TT_744",0.0408986555996426,-3.19665808689801,744
"TT_745",0.0408282813161513,-3.19838026818953,745
"TT_746",0.0407588365758063,-3.20008261431746,746
"TT_747",0.0406903011251265,-3.20176551652587,747
"TT_748",0.0406226554793751,-3.20342935127451,748
"TT_749",0.250832970960182,-1.38296801570527,749
"TT_750",0.0616236692371492,-2.78670924138147,750
"TT_751",0.0463497959505311,-3.07153838934175,751
"TT_752",0.0410093461560045,-3.19395528323113,752
"TT_753",0.0402971400905481,-3.21147477804275,753
"TT_754",0.0402344612542254,-3.21303140545193,754
"TT_755",0.0401725536052204,-3.21457126267324,755
"TT_756",0.0401114023178266,-3.21609463801061,756
"TT_757",0.040050993013162,-3.21760181143901,757
"TT_758",0.0399913117370399,-3.21909305503497,758
"TT_759",0.0399323449395558,-3.22056863337148,759
"TT_760",0.0398740794561367,-3.22202880388313,760
"TT_761",0.100880721840862,-2.29381643191033,761
"TT_762",0.0870004627150907,-2.44184184177744,762
"TT_763",0.0510687133605144,-2.97458323228564,763
"TT_764",0.0458488627147602,-3.08240488506363,764
"TT_765",0.0437441541842686,-3.12939729375157,765
"TT_766",0.0426087295175853,-3.15569612844651,766
"TT_767",0.0418948779135816,-3.17259170502588,767
"TT_768",0.0414003694043667,-3.18446547537989,768
"TT_769",0.0410337900952675,-3.1933594030368,769
"TT_770",0.0407480325284206,-3.20034772197201,770
"TT_771",0.0405164624891631,-3.20604690624685,771
"TT_772",0.0403229383713583,-3.2108347816006,772
"TT_773",0.0401571337010366,-3.21495517813191,773
"TT_774",0.0400121489126535,-3.2185721481663,774
"TT_775",0.0398832065932723,-3.22179993107094,775
"TT_776",0.0397668983965793,-3.22472041132331,776
"TT_777",0.0396607301076576,-3.22739374689055,777
"TT_778",0.0395628360465745,-3.22986508504558,778
"TT_779",0.0394717937815992,-3.23216894363118,779
"TT_780",0.0393865004457206,-3.23433214966993,780
"TT_781",0.039306088091271,-3.23637585884085,781
"TT_782",0.0392298644727914,-3.2383169734495,782
"TT_783",0.0391572708006167,-3.24016915729765,783
"TT_784",0.039087851069426,-3.24194357460945,784
"TT_785",0.0390212294360901,-3.24364943643909,785
"TT_786",0.0389570932946182,-3.24529441041874,786
"TT_787",0.038895180447404,-3.2468849319871,787
"TT_788",0.0388352692655409,-3.24842644355555,788
"TT_789",0.0387771710588494,-3.24992358028519,789
"TT_790",0.0387207240995374,-3.25138031583082,790
"TT_791",0.038665788897872,-3.25280007771866,791
"TT_792",0.0386122444347081,-3.25418583947846,792
"TT_793",0.0385599851336961,-3.25554019477679,793
"TT_794",0.0385089184088806,-3.25686541753051,794
"TT_795",0.0384589626653172,-3.25816351096587,795
"TT_796",0.0384100456575426,-3.25943624793608,796
"TT_797",0.0383621031342968,-3.26068520423683,797
"TT_798",0.0383150777124502,-3.26191178631048,798
"TT_799",0.0382689179367761,-3.26311725439484,799
"TT_800",0.0382235774906159,-3.26430274197024,800
"TT_801",0.0381790145298835,-3.26546927217837,801
"TT_802",0.0381351911189938,-3.26661777173581,802
"TT_803",0.0380920727503384,-3.26774908279344,803
"TT_804",0.0380496279339521,-3.26886397306779,804
"TT_805",0.0380078278451534,-3.26996314454491,805
"TT_806",0.0379666460211794,-3.27104724097655,806
"TT_807",0.0379260580988599,-3.27211685436455,807
"TT_808",0.0378860415871547,-3.27317253058477,808
"TT_809",0.0378465756690699,-3.27421477428602,809
"TT_810",0.0378076410288264,-3.27524405316512,810
"TT_811",0.0377692197004912,-3.27626080171155,811
"TT_812",0.0377312949349658,-3.27726542449851,812
"TT_813",0.0376938510828894,-3.27825829908025,813
"TT_814",0.0376568734913047,-3.27923977854874,814
"TT_815",0.037620348411944,-3.28021019380328,815
"TT_816",0.037584262920119,-3.28116985555687,816
"TT_817",0.0375486048422357,-3.28211905612974,817
"TT_818",0.0375133626914227,-3.2830580710413,818
"TT_819",0.0374785256098434,-3.28398716043681,819
"TT_820",0.0374440833169649,-3.28490657036655,820
"TT_821",0.0374100260633193,-3.28581653392841,821
"TT_822",0.0373763445886217,-3.2867172723031,822
"TT_823",0.0373430300843666,-3.28760899567762,823
"TT_824",0.0373100741596788,-3.28849190408879,824
"TT_825",0.0372774688106894,-3.28936618817881,825
"TT_826",0.0372452063926483,-3.29023202988319,826
"TT_827",0.0372132795946032,-3.2910896030551,827
"TT_828",0.037181681416413,-3.29193907403165,828
"TT_829",0.0371504051478036,-3.29278060214961,829
"TT_830",0.0371194443490904,-3.29361434022007,830
"TT_831",0.037088792833856,-3.29444043495406,831
"TT_832",0.0370584446527968,-3.29525902735973,832
"TT_833",0.0370283940790278,-3.29607025310323,833
"TT_834",0.0369986355947138,-3.29687424283639,834
"TT_835",0.0369691638784497,-3.29767112250656,835
"TT_836",0.0369399737939951,-3.29846101363211,836
"TT_837",0.0369110603796358,-3.29924403356298,837
"TT_838",0.0368824188384495,-3.30002029571861,838
"TT_839",0.0368540445293619,-3.30078990980619,839
"TT_840",0.036825932958659,-3.30155298202812,840
"TT_841",0.03679807977239,-3.30230961526678,841
"TT_842",0.0367704807490918,-3.30305990926186,842
"TT_843",0.0367431317931582,-3.30380396077149,843
"TT_844",0.0367160289285784,-3.30454186372446,844
"TT_845",0.0366891682931577,-3.30527370936036,845
"TT_846",0.0366625461331676,-3.30599958635907,846
"TT_847",0.0366361587981654,-3.30671958096653,847
"TT_848",0.0366100027364343,-3.30743377710445,848
"TT_849",0.0365840744904222,-3.3081422564809,849
"TT_850",0.0365583706926989,-3.30884509868742,850
"TT_851",0.0365328880620353,-3.30954238129358,851
"TT_852",0.0365076233997142,-3.31023417993582,852
"TT_853",0.0364825735861945,-3.31092056839722,853
"TT_854",0.0364577355778039,-3.31160161868711,854
"TT_855",0.0364331064037229,-3.31227740111324,855
"TT_856",0.0364086831631601,-3.31294798434913,856
"TT_857",0.0363844630225957,-3.31361343550016,857
"TT_858",0.0363604432132625,-3.31427382016347,858
"TT_859",0.0363366210286688,-3.31492920248723,859
"TT_860",0.0363129938224744,-3.31557964522049,860
"TT_861",0.0362895590061218,-3.31622520977032,861
"TT_862",0.0362663140469372,-3.31686595624616,862
"TT_863",0.0362432564661223,-3.31750194350767,863
"TT_864",0.0362203838369169,-3.31813322920818,864
"TT_865",0.0361976937828969,-3.31875986983461,865
"TT_866",0.0361751839761976,-3.31938192074988,866
"TT_867",0.0567581107469283,-2.86895671218209,867
"TT_868",0.0361306960271566,-3.32061246948679,868
"TT_869",0.0361087134583857,-3.32122107272998,869
"TT_870",0.036086902281266,-3.32182529717103,870
"TT_871",0.0360652603887382,-3.32242519306814,871
"TT_872",0.0360437857139299,-3.32302080975159,872
"TT_873",0.036022476228897,-3.32361219565338,873
"TT_874",0.0360013299435342,-3.32419939833245,874
"TT_875",0.035980344904445,-3.32478246450111,875
"TT_876",0.0359595191938872,-3.32536144004966,876
"TT_877",0.0359388509288599,-3.32593637006717,877
"TT_878",0.0359183382599814,-3.32650729886823,878
"TT_879",0.0358979793707329,-3.32707427000976,879
"TT_880",0.0358777724764443,-3.32763732631506,880
"TT_881",0.0358577158235121,-3.32819650989156,881
"TT_882",0.0358378076885819,-3.32875186214974,882
"TT_883",0.0358180463776977,-3.32930342382304,883
"TT_884",0.0357984302256283,-3.32985123498299,884
"TT_885",0.0357789575951045,-3.33039533505697,885
"TT_886",0.0357596268760915,-3.33093576284503,886
"TT_887",0.035740436485148,-3.3314725565345,887
"TT_888",0.0357213848647671,-3.3320057537151,888
"TT_889",0.035702470482749,-3.33253539139339,889
"TT_890",0.0356836918315824,-3.33306150600694,890
"TT_891",0.0356650474278997,-3.33358413343668,891
"TT_892",0.0356465358118096,-3.33410330902261,892
"TT_893",0.0356281555465097,-3.33461906757188,893
"TT_894",0.0356099052175986,-3.33513144337534,894
"TT_895",0.0355917834327356,-3.33564047021438,895
"TT_896",0.0355737888209126,-3.33614618137883,896
"TT_897",0.0355559200322631,-3.33664860966972,897
"TT_898",0.0355381757373345,-3.33714778741733,898
"TT_899",0.035520554626822,-3.33764374648621,899
"TT_900",0.0355030554110652,-3.33813651828707,900
"TT_901",0.0354856768196059,-3.33862613378689,901
"TT_902",0.035468417600847,-3.33911262351635,902
"TT_903",0.0354512765215634,-3.33959601758141,903
"TT_904",0.0354342523666356,-3.34007634566874,904
"TT_905",0.0354173439385673,-3.34055363705725,905
"TT_906",0.0354005500571987,-3.34102792062418,906
"TT_907",0.184500502769165,-1.69010309046914,907
"TT_908",0.262275989114692,-1.3383579360832,908
"TT_909",0.0779093864056192,-2.55220884035233,909
"TT_910",0.0579687642014721,-2.8478509617554,910
"TT_911",0.0503108122901696,-2.9895352689092,911
"TT_912",0.0463252257911166,-3.07206863275639,912
"TT_913",0.0439066322755825,-3.12568989341944,913
"TT_914",0.0422934866722629,-3.16312218416507,914
"TT_915",0.0411458381225898,-3.19063249615769,915
"TT_916",0.0402900036963308,-3.21165188803575,916
"TT_917",0.0396284067313613,-3.22820907618724,917
"TT_918",0.0391022040048664,-3.24157644516855,918
"TT_919",0.0386739034537364,-3.25259023576952,919
"TT_920",0.0383185413958362,-3.2618213903869,920
"TT_921",0.0380188851510927,-3.26967226504791,921
"TT_922",0.0377626748073742,-3.27643410315396,922
"TT_923",0.0375409623989658,-3.2823226115257,923
"TT_924",0.0373470721696729,-3.28750075950741,924
"TT_925",0.0371759276287996,-3.29209383391968,925
"TT_926",0.0370236032797055,-3.29619964324799,926
"TT_927",0.0368870183983236,-3.29989559475701,927
"TT_928",0.0367637231525821,-3.30324370390898,928
"TT_929",0.0366517462411174,-3.30629420536932,929
"TT_930",0.0365494844230464,-3.30908819895844,930
"TT_931",0.0364556211382321,-3.31165961737673,931
"TT_932",0.0363690656891186,-3.31403670936686,932
"TT_933",0.0362889071906607,-3.31624317144671,933
"TT_934",0.0362143792830254,-3.31829902125737,934
"TT_935",0.0361448327940559,-3.32022127851773,935
"TT_936",0.0360797143452398,-3.32202450107959,936
"TT_937",0.0360185494530651,-3.32372121064307,937
"TT_938",0.03596092906465,-3.32532223365434,938
"TT_939",0.0359064987441026,-3.32683697635807,939
"TT_940",0.0358549499220505,-3.32827364832824,940
"TT_941",0.0358060127655784,-3.32963944533247,941
"TT_942",0.0357594503300395,-3.33094069987887,942
"TT_943",0.0357150537333543,-3.3321830058725,943
"TT_944",0.0356726381503628,-3.33337132242578,944
"TT_945",0.0356320394704298,-3.33451006074351,945
"TT_946",0.035593111493841,-3.3356031572112,946
"TT_947",0.0355557235687468,-3.33665413516475,947
"TT_948",0.0355197585905068,-3.3376661573197,948
"TT_949",0.0354851113003216,-3.33864207046448,949
"TT_950",12.3206157763715,2.51127393870466,950
"TT_951",5.13971119243519,1.63699688964628,951
"TT_952",1.63583057627733,0.492150673085193,952
"TT_953",0.944093306657701,-0.0575302759227534,953
"TT_954",0.653480715832123,-0.425442255408927,954
"TT_955",0.496105855756858,-0.700965956163142,955
"TT_956",0.398504660546504,-0.920036085596908,956
"TT_957",0.332566932996662,-1.10091413689921,957
"TT_958",0.285303291022059,-1.25420248552582,958
"TT_959",0.249918368815223,-1.38662093917981,959
"TT_960",0.222527675187485,-1.50270380224565,960
"TT_961",0.200757334739628,-1.60565839013715,961
"TT_962",0.18307881495299,-1.69783853605471,962
"TT_963",0.168465612055701,-1.78102363277292,963
"TT_964",0.15620407537448,-1.8565919511712,964
"TT_965",0.145783446057608,-1.92563300455312,965
"TT_966",0.136829036789436,-1.98902303908435,966
"TT_967",0.129060072669105,-2.0474773034101,967
"TT_968",0.122262221035814,-2.10158718805046,968
"TT_969",0.11626918536499,-2.15184721273375,969
"TT_970",0.110950066993977,-2.19867502578238,970
"TT_971",0.106200497628401,-2.24242648441879,971
"TT_972",0.101936296709395,-2.28340720287025,972
"TT_973",0.0980888558479181,-2.32188151878306,973
"TT_974",0.0946017274610777,-2.3580795424031,974
"TT_975",0.0914280676883326,-2.39220276135777,975
"TT_976",0.0885286949347713,-2.42442854297048,976
"TT_977",0.0858705984530492,-2.45491378503067,977
"TT_978",0.0834257802541759,-2.48379790162636,978
"TT_979",0.0811703468947748,-2.5112052845361,979
"TT_980",0.0790837906739813,-2.53724734715504,980
"TT_981",0.0771484158884061,-2.5620242332625,981
"TT_982",0.0753488772433168,-2.58562625457384,982
"TT_983",0.0736718057542575,-2.60813510719569,983
"TT_984",0.0721055034649221,-2.62962490660676,984
"TT_985",0.0706396927142605,-2.65016307272052,985
"TT_986",0.0692653089580373,-2.66981109036052,986
"TT_987",0.0679743286044307,-2.68862516560792,987
"TT_988",0.0667596251785204,-2.70665679466621,988
"TT_989",0.0656148485464582,-2.72395325885177,989
"TT_990",0.0645343230170563,-2.74055805691726,990
"TT_991",0.0635129609812563,-2.75651128397005,991
"TT_992",0.0625461894058316,-2.77184996469504,992
"TT_993",0.0616298870134207,-2.78660834731454,993
"TT_994",0.0607603303870348,-2.80081816369471,994
"TT_995",0.0599341475611883,-2.81450886014569,995
"TT_996",0.0591482779188132,-2.82770780278015,996
"TT_997",0.0583999374215149,-2.84044046069793,997
"TT_998",0.0576865883669869,-2.85273056979974,998
"TT_999",0.057005913003975,-2.86460027961605,999
"TT_1000",0.056355790445082,-2.87607028521164,1000
"TT_1001",0.0557342764087639,-2.88715994593293,1001
"TT_1002",0.0551395853958077,-2.89788739253322,1002
"TT_1003",0.0545700749674618,-2.90826962399968,1003
"TT_1004",0.054024231842865,-2.91832259523974,1004
"TT_1005",0.0535006595760301,-2.92806129663224,1005
"TT_1006",0.0529980676079027,-2.93749982632296,1006
"TT_1007",0.0525152615185811,-2.94665145603632,1007
"TT_1008",0.052051134329602,-2.9555286910827,1008
"TT_1009",0.051604658727462,-2.96414332515417,1009
"TT_1010",0.05117488009684,-2.97250649044017,1010
"TT_1011",0.0507609102674798,-2.98062870352527,1011
"TT_1012",0.0503619218911699,-2.98851990748474,1012
"TT_1013",0.0499771433763992,-2.99618951054291,1013
"TT_1014",0.0496058543174948,-3.00364642162166,1014
"TT_1015",0.0492473813630625,-3.01089908307078,1015
"TT_1016",0.048901094475545,-3.0179555008388,1016
"TT_1017",0.0485664035395665,-3.02482327231758,1017
"TT_1018",0.0482427552818336,-3.03150961207002,1018
"TT_1019",0.0479296304699784,-3.03802137562587,1019
"TT_1020",0.0476265413613018,-3.04436508151722,1020
"TT_1021",0.0473330293760462,-3.05054693170243,1021
"TT_1022",0.0470486629725494,-3.05657283051607,1022
"TT_1023",0.0467730357042324,-3.06244840226856,1023
"TT_1024",0.0465057644404871,-3.06817900760995,1024
"TT_1025",0.0462464877360267,-3.07376975875002,1025
"TT_1026",0.0459948643338945,-3.07922553364114,1026
"TT_1027",0.0457505717902558,-3.08455098919104,1027
"TT_1028",0.0455133052090549,-3.08975057359523,1028
"TT_1029",0.0452827760769629,-3.09482853784633,1029
"TT_1030",0.0450587111890397,-3.09978894649451,1030
"TT_1031",0.0448408516574796,-3.10463568770521,1031
"TT_1032",0.044628951995667,-3.10937248267656,1032
"TT_1033",0.0444227792713177,-3.1140028944561,1033
"TT_1034",0.0442221123225144,-3.11853033620628,1034
"TT_1035",0.0440267410313044,-3.12295807895808,1035
"TT_1036",0.0438364656502026,-3.12728925888511,1036
"TT_1037",0.0436510961768797,-3.13152688413946,1037
"TT_1038",0.0434704517733495,-3.13567384127378,1038
"TT_1039",0.043294360225855,-3.13973290128233,1039
"TT_1040",0.0431226574422721,-3.14370672528521,1040
"TT_1041",0.0429551869839869,-3.14759786988129,1041
"TT_1042",0.0427917996295644,-3.1514087921916,1042
"TT_1043",0.0426323529677027,-3.15514185461438,1043
"TT_1044",0.0964212270235645,-2.33902890426563,1044
"TT_1045",0.0425918647523613,-3.156092012198,1045
"TT_1046",0.0421763273700188,-3.16589617813443,1046
"TT_1047",0.0420313427804074,-3.16933968233346,1047
"TT_1048",0.0418896765153534,-3.17271586629332,1048
"TT_1049",0.0417512198563304,-3.17602660999641,1049
"TT_1050",0.0416158686989281,-3.1792737253431,1050
"TT_1051",0.0414835233133043,-3.18245895917728,1051
"TT_1052",0.0413540881192176,-3.1855839961547,1052
"TT_1053",0.041227471474762,-3.18865046145991,1053
"TT_1054",0.0411035854777212,-3.19165992338419,1054
"TT_1055",0.0409823457788413,-3.19461389576862,1055
"TT_1056",0.0408636714059781,-3.1975138403258,1056
"TT_1057",0.0407474845986,-3.20036116884221,1057
"TT_1058",0.0406337106518209,-3.20315724527125,1058
"TT_1059",0.0405222777694116,-3.20590338772126,1059
"TT_1060",0.0404131169250668,-3.20860087034796,1060
"TT_1061",0.0403061617315894,-3.21125092515149,1061
"TT_1062",0.0402013483172858,-3.21385474368863,1062
"TT_1063",0.0400986152092199,-3.21641347870182,1063
"TT_1064",0.0399979032228848,-3.21892824567003,1064
"TT_1065",0.0398991553578249,-3.2214001242872,1065
"TT_1066",0.0523238276106593,-2.950303416813,1066
"TT_1067",0.039707334322802,-3.22621936470459,1067
"TT_1068",0.0396141572095724,-3.22856871931926,1068
"TT_1069",0.0395227361586925,-3.23087917371436,1069
"TT_1070",0.0394330237095631,-3.23315164852522,1070
"TT_1071",0.0872045417201588,-2.43949886547675,1071
"TT_1072",0.0434713842661041,-3.13565239031766,1072
"TT_1073",0.0391736879090228,-3.23974998436994,1073
"TT_1074",0.0390903674998582,-3.24187919784367,1074
"TT_1075",0.0390085419796125,-3.24397463171672,1075
"TT_1076",0.0389281728711431,-3.24603705215903,1076
"TT_1077",0.0388492229830061,-3.24806720280592,1077
"TT_1078",0.0387716563567412,-3.25006580557218,1078
"TT_1079",0.0386954382167672,-3.25203356143,1079
"TT_1080",0.0386205349226868,-3.25397115115364,1080
"TT_1081",0.0856887697861915,-2.45703350296629,1081
"TT_1082",0.04572203236471,-3.08517498862203,1082
"TT_1083",0.0384033937997344,-3.25960944309234,1083
"TT_1084",0.0383334346422403,-3.26143279644944,1084
"TT_1085",0.0382646376384135,-3.26322910855698,1085
"TT_1086",0.0381969750758684,-3.26499895300062,1086
"TT_1087",0.0381304201005579,-3.26674288758726,1087
"TT_1088",0.0380649466841893,-3.26846145487674,1088
"TT_1089",0.0380005295930697,-3.27015518269314,1089
"TT_1090",0.0379371443583264,-3.27182458461621,1090
"TT_1091",0.0378747672474814,-3.2734701604525,1091
"TT_1092",0.0378133752372657,-3.2750923966883,1092
"TT_1093",0.0377529459875625,-3.27669176692639,1093
"TT_1094",0.037693457816617,-3.27826873230245,1094
"TT_1095",0.0376348896771278,-3.27982374189019,1095
"TT_1096",0.0375772211335426,-3.28135723308635,1096
"TT_1097",0.0375204323401849,-3.28286963198447,1097
"TT_1098",0.0374645040203804,-3.28436135373259,1098
"TT_1099",0.0374094174464325,-3.28583280287825,1099
"TT_1100",0.037355154420392,-3.28728437370153,1100
"TT_1101",0.0687443771987601,-2.67736033197998,1101
"TT_1102",0.0405153913346648,-3.20607334410919,1102
"TT_1103",0.037197132216119,-3.29152361163924,1103
"TT_1104",0.037145991369779,-3.29289941754946,1104
"TT_1105",0.0370955904102107,-3.29425717330042,1105
"TT_1106",0.0370459139570638,-3.29559721788151,1106
"TT_1107",0.0369969470456512,-3.29691988202194,1107
"TT_1108",0.0369486751131919,-3.29822548843668,1108
"TT_1109",0.0369010839855212,-3.29951435206574,1109
"TT_1110",0.0368541598643754,-3.30078678030346,1110
"TT_1111",0.0368078893151465,-3.30204307322036,1111
"TT_1112",0.0367622592551303,-3.30328352377684,1112
"TT_1113",0.0367172569421317,-3.30450841803184,1113
"TT_1114",0.0366728699636865,-3.30571803533948,1114
"TT_1115",0.0366290862265103,-3.30691264854379,1115
"TT_1116",0.0365858939464082,-3.30809252416516,1116
"TT_1117",0.0365432816386493,-3.30925792257806,1117
"TT_1118",0.0365012381085092,-3.31040909818791,1118
"TT_1119",0.0364597524423801,-3.31154629959614,1119
"TT_1120",0.0364188139990139,-3.31266976976497,1120
"TT_1121",0.0363784124012248,-3.313779746173,1121
"TT_1122",0.0363385375278129,-3.31487646096777,1122
"TT_1123",0.0362991795058319,-3.31596014111191,1123
"TT_1124",0.0362603287030642,-3.31703100852652,1124
"TT_1125",0.036221975720853,-3.31808928022733,1125
"TT_1126",0.0361841113871191,-3.31913516845849,1126
"TT_1127",0.0361467267496626,-3.32016888082098,1127
"TT_1128",0.0361098130696626,-3.32119062039787,1128
"TT_1129",0.064884158681295,-2.73515177318209,1129
"TT_1130",0.0386050428879094,-3.25437236628014,1130
"TT_1131",0.0360018134575001,-3.3241859679753,1131
"TT_1132",0.0359667002728576,-3.32516176101613,1132
"TT_1133",0.0359320173411801,-3.32612653300425,1133
"TT_1134",0.0358977570800574,-3.32708046231829,1134
"TT_1135",0.0358639120809756,-3.32802372358818,1135
"TT_1136",0.0358304751044265,-3.32895648779152,1136
"TT_1137",0.0357974390751492,-3.32987892234789,1137
"TT_1138",0.0357647970775839,-3.33079119120878,1138
"TT_1139",0.0357325423514093,-3.33169345494672,1139
"TT_1140",0.0357006682872651,-3.33258587084052,1140
"TT_1141",0.0356691684226302,-3.33346859295766,1141
"TT_1142",0.0356380364377762,-3.33434177223577,1142
"TT_1143",0.0356072661519214,-3.33520555655977,1143
"TT_1144",0.0355768515194498,-3.33606009083841,1144
"TT_1145",0.0355467866263105,-3.33690551707683,1145
"TT_1146",0.03551706568644,-3.33774197444963,1146
"TT_1147",0.0354876830384245,-3.33856959936826,1147
"TT_1148",0.0354586331421636,-3.3393885255493,1148
"TT_1149",0.0354299105756652,-3.34019888408013,1149
"TT_1150",0.035401510031951,-3.34100080348236,1150
"TT_1151",0.0353734263160927,-3.34179440977242,1151
"TT_1152",0.0353456543422645,-3.34257982652268,1152
"TT_1153",0.0353181891309352,-3.34335717491932,1153
"TT_1154",0.0352910258061422,-3.3441265738188,1154
"TT_1155",0.0352641595928574,-3.34488813980241,1155
"TT_1156",0.0352375858143457,-3.34564198723176,1156
"TT_1157",0.0352112998898037,-3.34638822829716,1157
"TT_1158",0.0351852973318134,-3.34712697307174,1158
"TT_1159",0.0351595737440692,-3.34785832955864,1159
"TT_1160",0.0351341248191004,-3.34858240373885,1160
"TT_1161",0.035108946336036,-3.34929929961851,1161
"TT_1162",0.0350840341584804,-3.35000911927358,1162
"TT_1163",0.0350593842324373,-3.35071196289379,1163
"TT_1164",0.0350349925842749,-3.35140792882586,1164
"TT_1165",0.0350108553188095,-3.35209711361392,1165
"TT_1166",0.034986968617311,-3.35277961204265,1166
"TT_1167",0.0349633287357506,-3.35345551717401,1167
"TT_1168",0.0349399320029862,-3.35412492038613,1168
"TT_1169",0.0349167748189455,-3.35478791141283,1169
"TT_1170",0.034893853653016,-3.35544457837758,1170
"TT_1171",0.0348711650423705,-3.35609500782976,1171
"TT_1172",0.0348487055903367,-3.35673928477998,1172
"TT_1173",0.0348264719649104,-3.35737749273183,1173
"TT_1174",0.034804460897142,-3.35800971371744,1174
"TT_1175",0.0347826691797545,-3.35863602832693,1175
"TT_1176",0.0347610936656907,-3.35925651574013,1176
"TT_1177",0.0347397312666869,-3.35987125375791,1177
"TT_1178",0.0347185789519729,-3.36048031883022,1178
"TT_1179",0.0346976337469071,-3.36108378608627,1179
"TT_1180",0.0346768927317347,-3.36168172936151,1180
"TT_1181",0.0346563530403208,-3.36227422122558,1181
"TT_1182",0.0346360118589466,-3.36286133300876,1182
"TT_1183",0.0346158664251277,-3.36344313482804,1183
"TT_1184",0.0345959140264709,-3.36401969561233,1184
"TT_1185",0.0345761519995439,-3.36459108312755,1185
"TT_1186",0.0628050727723803,-2.76771943213998,1186
"TT_1187",0.0401718535519062,-3.21458868898427,1187
"TT_1188",0.034517982226774,-3.36627486677039,1188
"TT_1189",0.0344989559944228,-3.36682621643392,1189
"TT_1190",0.0344801075141015,-3.36737271503311,1190
"TT_1191",0.0344614343943461,-3.36791442384017,1191
"TT_1192",0.0344429342856058,-3.36845140312143,1192
"TT_1193",0.0344246048793301,-3.36898371215791,1193
"TT_1194",0.0344064439071355,-3.36951140926368,1194
"TT_1195",0.0343884491399068,-3.37003455180645,1195
"TT_1196",0.0343706183869803,-3.3705531962258,1196
"TT_1197",0.0343529494953168,-3.37106739805196,1197
"TT_1198",0.0343354403487016,-3.37157721192398,1198
"TT_1199",0.0343180888669895,-3.37208269160666,1199
"TT_1200",0.0343008930053314,-3.37258389000829,1200
"TT_1201",0.0342838507534435,-3.3730808591972,1201
"TT_1202",0.0342669601348952,-3.37357365041794,1202
"TT_1203",0.034250219206371,-3.37406231410837,1203
"TT_1204",0.0342336260570544,-3.37454689991331,1204
"TT_1205",0.0342171788078858,-3.37502745670202,1205
"TT_1206",0.0342008756109672,-3.37550403258146,1206
"TT_1207",0.0341847146488882,-3.37597667491206,1207
"TT_1208",0.034168694134154,-3.37644543032054,1208
"TT_1209",0.0341528123085188,-3.37691034471567,1209
"TT_1210",0.0341370674424475,-3.37737146330038,1210
"TT_1211",0.0341214578345036,-3.37782883058608,1211
"TT_1212",0.0341059818108214,-3.37828249040472,1212
"TT_1213",0.0616870779367218,-2.78568080376975,1213
"TT_1214",0.0374573902478595,-3.28455125209573,1214
"TT_1215",0.0351069367535684,-3.34935653972943,1215
"TT_1216",0.0343288885715503,-3.37176804688222,1216
"TT_1217",0.0340305487309324,-3.38049666568213,1217
"TT_1218",0.0340158405366161,-3.38092896472705,1218
"TT_1219",0.0340012549363128,-3.38135784515558,1219
"TT_1220",0.0339867904578076,-3.38178334580468,1220
"TT_1221",0.0339724456519948,-3.38220550493557,1221
"TT_1222",0.0339582190922923,-3.38262436024824,1222
"TT_1223",0.0339441093743624,-3.38303994888714,1223
"TT_1224",0.0339301151155573,-3.38345230745502,1224
"TT_1225",0.0339162349545891,-3.38386147202018,1225
"TT_1226",0.0339024675510799,-3.38426747812733,1226
"TT_1227",0.0338888115851916,-3.38467036080625,1227
"TT_1228",0.0338752657572341,-3.38507015458104,1228
"TT_1229",0.0338618287872432,-3.38546689348038,1229
"TT_1230",0.0338484994147088,-3.38586061104344,1230
"TT_1231",0.0338352763980976,-3.38625134033183,1231
"TT_1232",0.0338221585145751,-3.38663911393583,1232
"TT_1233",0.0338091445596472,-3.38702396398298,1233
"TT_1234",0.0337962333468037,-3.38740592214668,1234
"TT_1235",0.0337834237071976,-3.38778501965376,1235
"TT_1236",0.0337707144893158,-3.38816128729246,1236
"TT_1237",0.0337581045586821,-3.38853475541935,1237
"TT_1238",0.0337455927975008,-3.38890545396816,1238
"TT_1239",0.033733178104438,-3.38927341245456,1239
"TT_1240",0.0337208593942138,-3.3896386599866,1240
"TT_1241",0.0337086355974149,-3.39000122526858,1241
"TT_1242",0.0336965056601304,-3.39036113661033,1242
"TT_1243",0.0336844685437476,-3.39071842193169,1243
"TT_1244",0.0336725232245948,-3.3910731087716,1244
"TT_1245",0.0336606686937674,-3.39142522429181,1245
"TT_1246",0.0336489039568017,-3.39177479528512,1246
"TT_1247",0.0336372280334225,-3.39212184818149,1247
"TT_1248",0.0336256399573358,-3.39246640905282,1248
"TT_1249",0.0336141387759529,-3.39280850361981,1249
"TT_1250",0.0336027235501527,-3.39314815725775,1250
"TT_1251",0.0335913933540392,-3.39348539500244,1251
"TT_1252",0.0335801472747382,-3.39382024155504,1252
"TT_1253",0.0335689844121651,-3.3941527212877,1253
"TT_1254",0.0335579038787702,-3.39448285825003,1254
"TT_1255",0.0335469047993683,-3.39481067617298,1255
"TT_1256",0.0335359863108969,-3.39513619847493,1256
"TT_1257",0.033525147562243,-3.39545944826575,1257
"TT_1258",0.0335143877139808,-3.39578044835354,1258
"TT_1259",0.0782139176290555,-2.5483076724704,1259
"TT_1260",0.0383987566071055,-3.25973019993599,1260
"TT_1261",0.0344479250495256,-3.36830651411942,1261
"TT_1262",0.0635490241661373,-2.75594363683613,1262
"TT_1263",0.0429875251032872,-3.14684531925679,1263
"TT_1264",0.0363623041448938,-3.31422264135906,1264
"TT_1265",0.0348807622740975,-3.35581982599158,1265
"TT_1266",0.0342376769171928,-3.37442857705491,1266
"TT_1267",0.0338825503136084,-3.3848551371314,1267
"TT_1268",0.0336588113330754,-3.39148040477424,1268
"TT_1269",0.0335054121384585,-3.39604829682805,1269
"TT_1270",0.0333938075699468,-3.39938479828598,1270
"TT_1271",0.0333813278472142,-3.39975858181483,1271
"TT_1272",0.0333715905824098,-3.40005032231405,1272
"TT_1273",0.0333619209074791,-3.40034012198988,1273
"TT_1274",0.0333523181460527,-3.40062799940942,1274
"TT_1275",0.0333427816305963,-3.40091397290832,1275
"TT_1276",0.0333333107022579,-3.40119806059465,1276
"TT_1277",0.0333239047107482,-3.40148028035177,1277
"TT_1278",0.0333145630141674,-3.40176064984287,1278
"TT_1279",0.0333052849788995,-3.40203918651347,1279
"TT_1280",0.0332960699794966,-3.40231590759422,1280
"TT_1281",0.0332869173984884,-3.402590830106,1281
"TT_1282",0.033277826626331,-3.40286397086083,1282
"TT_1283",0.03326879706122,-3.40313534646686,1283
"TT_1284",0.0332598281090085,-3.40340497333027,1284
"TT_1285",0.0332509191830711,-3.40367286765874,1285
"TT_1286",0.0332420697041814,-3.40393904546455,1286
"TT_1287",0.0332332791004132,-3.40420352256704,1287
"TT_1288",0.0925906454461679,-2.37956716353268,1288
"TT_1289",0.0431614431733347,-3.1428077014002,1289
"TT_1290",0.0375439832072907,-3.28224214777089,1290
"TT_1291",0.0357786499513589,-3.33040393354862,1291
"TT_1292",0.0349284970840901,-3.35445224759665,1292
"TT_1293",0.0344332355111969,-3.36873303244262,1293
"TT_1294",0.0341107576722445,-3.37814247018484,1294
"TT_1295",0.0338846982509688,-3.38479174552538,1295
"TT_1296",0.0337176307760679,-3.3897344099994,1296
"TT_1297",0.0911320339976283,-2.39544590098623,1297
"TT_1298",0.0409019630978586,-3.19657721958257,1298
"TT_1299",0.0355374342915382,-3.33716865099616,1299
"TT_1300",0.0338236742852533,-3.38659429903399,1300
"TT_1301",0.0332771853467013,-3.40288324152462,1301
"TT_1302",0.0332272713147369,-3.40438431510201,1302
"TT_1303",0.0331839206317474,-3.40568983870055,1303
"TT_1304",0.0331458521912243,-3.4068376926154,1304
"TT_1305",0.0331120964829047,-3.40785661070494,1305
"TT_1306",0.0330819067443518,-3.40876877009022,1306
"TT_1307",0.0330690100580702,-3.40915868717885,1307
"TT_1308",0.0330613355111187,-3.40939079081962,1308
"TT_1309",0.0330537088931377,-3.40962149831088,1309
"TT_1310",0.033046129772448,-3.40985082173666,1310
"TT_1311",0.0330385977224924,-3.41007877304322,1311
"TT_1312",0.0330311123216828,-3.41030536404345,1312
"TT_1313",0.0330236731533794,-3.41053060641707,1313
"TT_1314",0.0330162798057755,-3.41075451171389,1314
"TT_1315",0.033008931871863,-3.41097709135449,1315
"TT_1316",0.0330016289493578,-3.41119835663217,1316
"TT_1317",0.0329943706406043,-3.41141831871557,1317
"TT_1318",0.0329871565525687,-3.41163698864854,1318
"TT_1319",0.0329799862966827,-3.41185437735463,1319
"TT_1320",0.0329728594888905,-3.41207049563535,1320
"TT_1321",0.0329657757494828,-3.41228535417494,1321
"TT_1322",0.0329587347031064,-3.4124989635398,1322
"TT_1323",0.0329517359786658,-3.4127113341812,1323
"TT_1324",0.032944779209279,-3.41292247643638,1324
"TT_1325",0.0329378640322091,-3.41313240053035,1325
"TT_1326",0.0329309900888172,-3.41334111657706,1326
"TT_1327",0.0329241570245142,-3.41354863458065,1327
"TT_1328",0.0329173644886521,-3.41375496443847,1328
"TT_1329",0.0329106121345481,-3.41396011594013,1329
"TT_1330",0.0329038996193547,-3.4141640987712,1330
"TT_1331",0.0328972266040875,-3.41436692251217,1331
"TT_1332",0.0328905927534717,-3.41456859664282,1332
"TT_1333",0.0328839977359864,-3.41476913054074,1333
"TT_1334",0.032877441223766,-3.41496853348404,1334
"TT_1335",0.0328709228925389,-3.41516681465304,1335
"TT_1336",0.0328644424216206,-3.41536398313026,1336
"TT_1337",0.0328579994938219,-3.41556004790301,1337
"TT_1338",0.0328515937954388,-3.41575501786349,1338
"TT_1339",0.0328452250161942,-3.41594890181038,1339
"TT_1340",0.0328388928491331,-3.41614170845181,1340
"TT_1341",0.0328325969907207,-3.41633344640224,1341
"TT_1342",0.0328263371406214,-3.41652412418893,1342
"TT_1343",0.0328201130017906,-3.41671375024901,1343
"TT_1344",0.032813924280366,-3.41690233293261,1344
"TT_1345",0.0328077706856539,-3.41708988050307,1345
"TT_1346",0.0328016519300438,-3.4172764011394,1346
"TT_1347",0.0327955677290431,-3.41746190293505,1347
"TT_1348",0.0327895178011641,-3.41764639390117,1348
"TT_1349",0.0327835018678971,-3.41782988196727,1349
"TT_1350",0.0327775196537275,-3.41801237498057,1350
"TT_1351",0.0327715708860165,-3.41819388070943,1351
"TT_1352",0.0327656552950454,-3.41837440684189,1352
"TT_1353",0.0327597726138624,-3.41855396099015,1353
"TT_1354",0.0327539225784122,-3.4187325506865,1354
"TT_1355",0.0327481049273381,-3.41891018338921,1355
"TT_1356",0.0327423194020301,-3.4190868664809,1356
"TT_1357",0.0327365657465839,-3.41926260726964,1357
"TT_1358",0.0327308437077498,-3.41943741299042,1358
"TT_1359",0.0327251530349022,-3.4196112908059,1359
"TT_1360",0.0327194934800223,-3.41978424780683,1360
"TT_1361",0.0327138647976168,-3.41995629101438,1361
"TT_1362",0.0327082667447722,-3.42012742737837,1362
"TT_1363",0.0327026990810286,-3.42029766378099,1363
"TT_1364",0.0326971615684006,-3.42046700703604,1364
"TT_1365",0.032691653971343,-3.42063546388987,1365
"TT_1366",0.0326861760567065,-3.42080304102257,1366
"TT_1367",0.0326807275937208,-3.42096974504844,1367
"TT_1368",0.0326753083539333,-3.42113558251766,1368
"TT_1369",0.0326699181112567,-3.42130055991479,1369
"TT_1370",0.0326645566418196,-3.42146468366323,1370
"TT_1371",0.0326592237240611,-3.42162796012213,1371
"TT_1372",0.0326539191386226,-3.42179039558972,1372
"TT_1373",0.0326486426683472,-3.4219519963031,1373
"TT_1374",0.0326433940982531,-3.42211276843904,1374
"TT_1375",0.0326381732155092,-3.42227271811457,1375
"TT_1376",0.0326329798093913,-3.42243185138826,1376
"TT_1377",0.0326278136712952,-3.42259017425966,1377
"TT_1378",0.032622674594642,-3.42274769267217,1378
"TT_1379",0.0326175623749288,-3.42290441251137,1379
"TT_1380",0.0613560922835866,-2.79106080902956,1380
"TT_1381",0.0514770236518646,-2.96661971354595,1381
"TT_1382",0.0361030929262797,-3.32137674068509,1382
"TT_1383",0.0337403924408306,-3.38905957060918,1383
"TT_1384",0.0327932287587675,-3.41753322518525,1384
"TT_1385",0.032587441850943,-3.42382828412172,1385
"TT_1386",0.032582512069912,-3.42397957411791,1386
"TT_1387",0.0325776075803532,-3.42413011066064,1387
"TT_1388",0.0325727281950428,-3.42427989915403,1388
"TT_1389",0.0325678737285878,-3.42442894495098,1389
"TT_1390",0.0325630439973789,-3.42457725335462,1390
"TT_1391",0.0325582388195693,-3.4247248296188,1391
"TT_1392",0.0325534580150552,-3.42487167894865,1392
"TT_1393",0.0325487014054647,-3.42501780650083,1393
"TT_1394",0.032543968814128,-3.42516321738439,1394
"TT_1395",0.0325392600660495,-3.42530791666154,1395
"TT_1396",0.0325345749879285,-3.42545190934693,1396
"TT_1397",0.0325299134080674,-3.42559520041043,1397
"TT_1398",0.0325252751564192,-3.42573779477557,1398
"TT_1399",0.0325206600645399,-3.42587969732094,1399
"TT_1400",0.0325160679655749,-3.42602091288057,1400
"TT_1401",0.0325114986942351,-3.42616144624456,1401
"TT_1402",0.0325069520867902,-3.42630130215923,1402
"TT_1403",0.032502427981021,-3.42644048532854,1403
"TT_1404",0.0324979262162535,-3.42657900041297,1404
"TT_1405",0.0324934466333008,-3.42671685203122,1405
"TT_1406",0.0324889890744397,-3.4268540447609,1406
"TT_1407",0.0324845533834512,-3.42699058313722,1407
"TT_1408",0.0324801394055047,-3.42712647165647,1408
"TT_1409",0.0324757469872571,-3.42726171477294,1409
"TT_1410",0.0324713759767539,-3.42739631690188,1410
"TT_1411",0.0324670262234359,-3.42753028241926,1411
"TT_1412",0.0324626975781392,-3.42766361566172,1412
"TT_1413",0.0324583898930479,-3.42779632092793,1413
"TT_1414",0.0324541030217174,-3.42792840247785,1414
"TT_1415",0.0324498368190305,-3.42805986453403,1415
"TT_1416",0.0324455911411873,-3.42819071128188,1416
"TT_1417",0.0324413658457013,-3.42832094686968,1417
"TT_1418",0.0324371607913694,-3.42845057540953,1418
"TT_1419",0.0324329758382746,-3.42857960097717,1419
"TT_1420",0.0324288108477562,-3.42870802761285,1420
"TT_1421",0.032424665682409,-3.42883585932133,1421
"TT_1422",0.0324205402060531,-3.42896310007274,1422
"TT_1423",0.0324164342837475,-3.42908975380214,1423
"TT_1424",0.0324123477817254,-3.42921582441144,1424
"TT_1425",0.0324082805674588,-3.42934131576737,1425
"TT_1426",0.0324042325095563,-3.42946623170461,1426
"TT_1427",0.0324002034778383,-3.42959057602338,1427
"TT_1428",0.0323961933432482,-3.4297143524922,1428
"TT_1429",0.0323922019778831,-3.42983756484682,1429
"TT_1430",0.0323882292549737,-3.4299602167909,1430
"TT_1431",0.0323842750488565,-3.43008231199672,1431
"TT_1432",0.0323803392349912,-3.43020385410466,1432
"TT_1433",0.0323764216899301,-3.43032484672412,1433
"TT_1434",0.0323725222912907,-3.43044529343427,1434
"TT_1435",0.0323686409177693,-3.43056519778364,1435
"TT_1436",0.0323647774491309,-3.43068456329037,1436
"TT_1437",0.0323609317661685,-3.43080339344345,1437
"TT_1438",0.0323571037507332,-3.4309216917017,1438
"TT_1439",0.032353293285694,-3.43103946149506,1439
"TT_1440",0.0323495002549068,-3.43115670622544,1440
"TT_1441",0.0581809314107126,-2.84419761692132,1441
"TT_1442",0.0543580910955069,-2.91216180629247,1442
"TT_1443",0.0362824730257274,-3.31642049107135,1443
"TT_1444",0.0338067113489432,-3.38709593558409,1444
"TT_1445",0.0328308841553307,-3.41638561650838,1445
"TT_1446",0.0323345750207509,-3.43161818718059,1446
"TT_1447",0.0323322070070834,-3.43169142458608,1447
"TT_1448",0.0323298483371316,-3.43176437834359,1448
"TT_1449",0.0323274989166284,-3.43183705130665,1449
"TT_1450",0.032325158653233,-3.43190944627028,1450
"TT_1451",0.032322827456388,-3.43198156597535,1451
"TT_1452",0.0323205052374418,-3.43205341310484,1452
"TT_1453",0.0323181919094039,-3.43212499029129,1453
"TT_1454",0.0323158873870397,-3.43219630011392,1454
"TT_1455",0.0323135915867483,-3.43226734510233,1455
"TT_1456",0.0323113044265421,-3.43233812773714,1456
"TT_1457",0.0323090258259717,-3.43240865045228,1457
"TT_1458",0.0323067557061397,-3.43247891563453,1458
"TT_1459",0.0323044939896054,-3.43254892562648,1459
"TT_1460",0.0323022406003643,-3.43261868272707,1460
"TT_1461",0.0322999954638207,-3.43268818919252,1461
"TT_1462",0.0322977585066999,-3.43275744723895,1462
"TT_1463",0.032295529657122,-3.43282645904008,1463
"TT_1464",0.0322933088444124,-3.43289522673314,1464
"TT_1465",0.0322910959991896,-3.43296375241605,1465
"TT_1466",0.0322888910533107,-3.43303203814915,1466
"TT_1467",0.0322866939397836,-3.43310008595788,1467
"TT_1468",0.0322845045928002,-3.43316789783172,1468
"TT_1469",0.0322823229476417,-3.43323547572713,1469
"TT_1470",0.0322801489407531,-3.43330282156522,1470
"TT_1471",0.0322779825095734,-3.433369937237,1471
"TT_1472",0.0322758235926781,-3.43343682459892,1472
"TT_1473",0.0322736721295346,-3.43350348548048,1473
"TT_1474",0.03227152806074,-3.43356992167679,1474
"TT_1475",0.0322693913277425,-3.43363613495725,1475
"TT_1476",0.0322672618730315,-3.4337021270596,1476
"TT_1477",0.0322651396399406,-3.43376789969604,1477
"TT_1478",0.0322630245727222,-3.43383345455088,1478
"TT_1479",0.0322609166165342,-3.43389879328097,1479
"TT_1480",0.0322588157173852,-3.43396391751735,1480
"TT_1481",0.0322567218220733,-3.43402882886716,1481
"TT_1482",0.0322546348782679,-3.43409352891108,1482
"TT_1483",0.0322525548344011,-3.43415801920672,1483
"TT_1484",0.0322504816396941,-3.43422230128772,1484
"TT_1485",0.0322484152441443,-3.43428637666421,1485
"TT_1486",0.0322463555984502,-3.43435024682509,1486
"TT_1487",0.0322443026540728,-3.43441391323612,1487
"TT_1488",0.0322422563631806,-3.43447737734163,1488
"TT_1489",0.0322402166786096,-3.43454064056575,1489
"TT_1490",0.0322381835538967,-3.43460370431132,1490
"TT_1491",0.032236156943239,-3.43466656996121,1491
"TT_1492",0.0322341368014599,-3.43472923887933,1492
"TT_1493",0.0322321230840499,-3.43479171240933,1493
"TT_1494",0.0322301157470984,-3.43485399187677,1494
"TT_1495",0.0322281147473144,-3.43491607858841,1495
"TT_1496",0.0322261200419511,-3.43497797383456,1496
"TT_1497",0.0322241315889292,-3.43503967888527,1497
"TT_1498",0.0322221493466728,-3.43510119499538,1498
"TT_1499",0.032220173274171,-3.43516252340261,1499
"TT_1500",0.0322182033309984,-3.43522366532694,1500
"TT_1501",0.0322162394771856,-3.43528462197459,1501
"TT_1502",0.0322142816733552,-3.43534539453381,1502
"TT_1503",0.0322123298806271,-3.4354059841778,1503
"TT_1504",0.0322103840605837,-3.43546639206579,1504
"TT_1505",0.0322084441753452,-3.43552661934071,1505
"TT_1506",0.0322065101875017,-3.43558666713126,1506
"TT_1507",0.0322045820600855,-3.4356465365528,1507
"TT_1508",0.0322026597566122,-3.43570622870604,1508
"TT_1509",0.0322007432410604,-3.43576574467765,1509
"TT_1510",0.0321988324778306,-3.43582508554159,1510
"TT_1511",0.032196927431793,-3.43588425235757,1511
"TT_1512",0.0321950280681649,-3.43594324617486,1512
"TT_1513",0.0321931343527015,-3.43600206802635,1513
"TT_1514",0.0321912462514573,-3.436060718936,1514
"TT_1515",0.0321893637309361,-3.43611919991411,1515
"TT_1516",0.0321874867580706,-3.43617751195801,1516
"TT_1517",0.0321856153001135,-3.4362356560554,1517
"TT_1518",0.0321837493247188,-3.43629363318182,1518
"TT_1519",0.0321818887999628,-3.43635144430001,1519
"TT_1520",0.0321800336942075,-3.43640909036414,1520
"TT_1521",0.0321781839762439,-3.43646657231536,1521
"TT_1522",0.0321763396151555,-3.436523891086,1522
"TT_1523",0.0321745005804412,-3.43658104759582,1523
"TT_1524",0.0321726668418517,-3.43663804275702,1524
"TT_1525",0.03217083836958,-3.43669487746835,1525
"TT_1526",0.032169015134037,-3.43675155262206,1526
"TT_1527",0.0321671971060286,-3.43680806909841,1527
"TT_1528",0.0321653842566462,-3.43686442776907,1528
"TT_1529",0.0321635765573083,-3.43692062949581,1529
"TT_1530",0.0321617739797122,-3.43697667513199,1530
"TT_1531",0.0321599764959024,-3.43703256552044,1531
"TT_1532",0.0321581840781686,-3.43708830149667,1532
"TT_1533",0.0321563966991135,-3.43714388388666,1533
"TT_1534",0.0321546143316257,-3.4371993135078,1534
"TT_1535",0.0321528369488592,-3.43725459116946,1535
"TT_1536",0.0321510645242743,-3.43730971767173,1536
"TT_1537",0.0321492970315562,-3.43736469380797,1537
"TT_1538",0.032147534444696,-3.43741952036226,1538
"TT_1539",0.0321457767379368,-3.43747419811107,1539
"TT_1540",0.0321440238857602,-3.43752872782371,1540
"TT_1541",0.0321422758629333,-3.43758311026085,1541
"TT_1542",0.0321405326444277,-3.437637346177,1542
"TT_1543",0.0321387942055074,-3.43769143631783,1543
"TT_1544",0.032137060521668,-3.43774538142201,1544
"TT_1545",0.032135331568589,-3.43779918222273,1545
"TT_1546",0.0321336073222628,-3.43785283944366,1546
"TT_1547",0.0475083685984772,-3.04684940243902,1547
"TT_1548",0.0450776165031333,-3.09936946380967,1548
"TT_1549",0.0341997085430948,-3.37553815708162,1549
"TT_1550",0.0327041848810948,-3.42025223125229,1550
"TT_1551",0.0321250558660369,-3.43811899674766,1551
"TT_1552",0.0321233593678454,-3.4381718073325,1552
"TT_1553",0.0321216674142897,-3.4382244792245,1553
"TT_1554",0.0321199799831184,-3.43827701309436,1554
"TT_1555",0.0321182970521957,-3.43832940960935,1555
"TT_1556",0.0321166185996243,-3.43838166942957,1556
"TT_1557",0.0321149446037314,-3.43843379320828,1557
"TT_1558",0.03211327504296,-3.43848578159535,1558
"TT_1559",0.0321116098960319,-3.43853763523214,1559
"TT_1560",0.0321099491418054,-3.43858935475598,1560
"TT_1561",0.0321082927593428,-3.43864094079801,1561
"TT_1562",0.0321066407278494,-3.43869239398512,1562
"TT_1563",0.0321049930267959,-3.43874371493609,1563
"TT_1564",0.0321033496357416,-3.43879490426715,1564
"TT_1565",0.0321017105344704,-3.4388459625877,1565
"TT_1566",0.0321000757029294,-3.43889689050224,1566
"TT_1567",0.032098445121236,-3.43894768861013,1567
"TT_1568",0.0320968187696711,-3.43899835750583,1568
"TT_1569",0.0320951966286718,-3.43904889777909,1569
"TT_1570",0.0320935786788662,-3.43909931001388,1570
"TT_1571",0.0320919649010387,-3.43914959478948,1571
"TT_1572",0.0320903552760826,-3.43919975268194,1572
"TT_1573",0.0320887497851091,-3.43924978426067,1573
"TT_1574",0.0320871484093724,-3.4392996900908,1574
"TT_1575",0.0320855511302423,-3.43934947073403,1575
"TT_1576",0.0320839579292928,-3.43939912674584,1576
"TT_1577",0.0320823687882001,-3.43944865867869,1577
"TT_1578",0.0320807836888037,-3.4394980670801,1578
"TT_1579",0.0320792026130996,-3.43954735249288,1579
"TT_1580",0.0320776255431997,-3.43959651545637,1580
"TT_1581",0.0320760524613995,-3.43964555650435,1581
"TT_1582",0.032074483350083,-3.43969447616798,1582
"TT_1583",0.0320729181918113,-3.43974327497306,1583
"TT_1584",0.0320713569692271,-3.43979195344298,1584
"TT_1585",0.0320697996651909,-3.4398405120945,1585
"TT_1586",0.032068246262645,-3.43988895144196,1586
"TT_1587",0.0320666967446267,-3.4399372719969,1587
"TT_1588",0.0320651510943779,-3.43998547426461,1588
"TT_1589",0.0320636092951947,-3.44003355874883,1589
"TT_1590",0.0320620713305842,-3.44008152594687,1590
"TT_1591",0.0320605371840741,-3.44012937635551,1591
"TT_1592",0.0320590068394097,-3.44017711046492,1592
"TT_1593",0.0320574802803705,-3.4402247287643,1593
"TT_1594",0.032055957490947,-3.44027223173643,1594
"TT_1595",0.0320544384551908,-3.4403196198623,1595
"TT_1596",0.0320529231572422,-3.44036689362028,1596
"TT_1597",0.032051411581432,-3.44041405348292,1597
"TT_1598",0.0320499037121453,-3.44046109992121,1598
"TT_1599",0.0320483995339309,-3.44050803340115,1599
"TT_1600",0.0320468990313849,-3.44055485438739,1600
"TT_1601",0.0320454021892534,-3.44060156334005,1601
"TT_1602",0.0320439089924116,-3.44064816071532,1602
"TT_1603",0.0320424194257963,-3.44069464696761,1603
"TT_1604",0.0320409334744529,-3.44074102254806,1604
"TT_1605",0.0320394511235629,-3.44078728790365,1605
"TT_1606",0.0320379723584171,-3.44083344347814,1606
"TT_1607",0.0320364971643399,-3.44087948971429,1607
"TT_1608",0.032035025526867,-3.44092542704842,1608
"TT_1609",0.0320335574315067,-3.44097125591782,1609
"TT_1610",0.0320320928639783,-3.44101697675331,1610
"TT_1611",0.0320306318100218,-3.44106258998516,1611
"TT_1612",0.0320291742555334,-3.4411080960389,1612
"TT_1613",0.0320277201864503,-3.44115349533888,1613
"TT_1614",0.032026269588839,-3.44119878830554,1614
"TT_1615",0.0320248224488614,-3.44124397535643,1615
"TT_1616",0.0320233787527337,-3.44128905690754,1616
"TT_1617",0.0320219384868288,-3.44133403337006,1617
"TT_1618",0.032020501637533,-3.44137890515487,1618
"TT_1619",0.0320190681913895,-3.44142367266807,1619
"TT_1620",0.0320176381349955,-3.44146833631416,1620
"TT_1621",0.0320162114550167,-3.44151289649563,1621
"TT_1622",0.032014788138282,-3.44155735360997,1622
"TT_1623",0.0320133681716201,-3.44160170805476,1623
"TT_1624",0.0320119515419622,-3.44164596022451,1624
"TT_1625",0.0320105382364024,-3.44169011050873,1625
"TT_1626",0.0320091282419944,-3.44173415929829,1626
"TT_1627",0.0320077215459686,-3.44177810697865,1627
"TT_1628",0.03200631813561,-3.44182195393365,1628
"TT_1629",0.0320049179982578,-3.44186570054556,1629
"TT_1630",0.0320035211213673,-3.44190934719309,1630
"TT_1631",0.0320021274924617,-3.44195289425296,1631
"TT_1632",0.0320007370991048,-3.44199634210067,1632
"TT_1633",0.0319993499290309,-3.44203969110654,1633
"TT_1634",0.0319979659699334,-3.44208294164223,1634
"TT_1635",0.0319965852096689,-3.44212609407441,1635
"TT_1636",0.0319952076361554,-3.44216914876791,1636
"TT_1637",0.0319938332373313,-3.44221210608702,1637
"TT_1638",0.0319924620012711,-3.44225496639188,1638
"TT_1639",0.0319910939160902,-3.44229773004143,1639
"TT_1640",0.0319897289699924,-3.44234039739194,1640
"TT_1641",0.0319883671512497,-3.44238296879764,1641
"TT_1642",0.0319870084481815,-3.44242544461136,1642
"TT_1643",0.0319856528492096,-3.44246782518283,1643
"TT_1644",0.0319843003427897,-3.4425101108608,1644
"TT_1645",0.031982950917534,-3.44255230198921,1645
"TT_1646",0.0319816045619526,-3.44259439891528,1646
"TT_1647",0.0319802612648213,-3.44263640197801,1647
"TT_1648",0.0319789210148475,-3.44267831151864,1648
"TT_1649",0.0319775838008477,-3.44272012787505,1649
"TT_1650",0.0319762496117064,-3.44276185138309,1650
"TT_1651",0.0319749184363763,-3.44280348237658,1651
"TT_1652",0.0319735902638575,-3.44284502118791,1652
"TT_1653",0.031972265083232,-3.44288646814702,1653
"TT_1654",0.0319709428836294,-3.44292782358241,1654
"TT_1655",0.0319696236542609,-3.44296908782012,1655
"TT_1656",0.0319683073843786,-3.44301026118501,1656
"TT_1657",0.0319669940633027,-3.44305134399987,1657
"TT_1658",0.0319656836804281,-3.44309233658523,1658
"TT_1659",0.0319643762252181,-3.44313323925956,1659
"TT_1660",0.0319630716871221,-3.44317405234185,1660
"TT_1661",0.0319617700557597,-3.44321477614584,1661
"TT_1662",0.0319604713207302,-3.44325541098597,1662
"TT_1663",0.0319591754717214,-3.44329595717401,1663
"TT_1664",0.0319578824984481,-3.44333641502093,1664
"TT_1665",0.0319565923907478,-3.44337678483395,1665
"TT_1666",0.0319553051384445,-3.4434170669208,1666
"TT_1667",0.0319540207314573,-3.44345726158629,1667
"TT_1668",0.0319527391597665,-3.44349736913338,1668
"TT_1669",0.0319514604133527,-3.44353738986512,1669
"TT_1670",0.0319501844823255,-3.44357732408057,1670
"TT_1671",0.0319489113568151,-3.44361717207822,1671
"TT_1672",0.0319476410269653,-3.44365693415622,1672
"TT_1673",0.0966491002394806,-2.33666838284365,1673
"TT_1674",0.0521360714853478,-2.95389821882081,1674
"TT_1675",0.0383638151779657,-3.26064057671834,1675
"TT_1676",0.0352531094247845,-3.345201542982,1676
"TT_1677",0.0339040808630407,-3.38421989240003,1677
"TT_1678",0.033162229020184,-3.40634373082391,1678
"TT_1679",0.0326978741947646,-3.42044521252654,1679
"TT_1680",0.0323822051787157,-3.43014622994113,1680
"TT_1681",0.0321549138938991,-3.43718999724374,1681
"TT_1682",0.0319841617453432,-3.44251444416637,1682
"TT_1683",0.0319338491595761,-3.44408872958126,1683
"TT_1684",0.031932611631365,-3.44412748319923,1684
"TT_1685",0.0319313767759384,-3.44416615461508,1685
"TT_1686",0.0319301445842094,-3.4442047441038,1686
"TT_1687",0.0319289150470841,-3.44424325194067,1687
"TT_1688",0.0319276881555571,-3.44428167839825,1688
"TT_1689",0.0319264639006707,-3.44432002374768,1689
"TT_1690",0.0319252422735148,-3.44435828825866,1690
"TT_1691",0.0319240232651998,-3.44439647220032,1691
"TT_1692",0.0319228068668972,-3.44443457583993,1692
"TT_1693",0.03192159306984,-3.4444725994429,1693
"TT_1694",0.0319203818652882,-3.44451054327384,1694
"TT_1695",0.0319191732445359,-3.44454840759637,1695
"TT_1696",0.0319179671989454,-3.44458619267202,1696
"TT_1697",0.0319167637199128,-3.44462389876134,1697
"TT_1698",0.0319155627988753,-3.44466152612362,1698
"TT_1699",0.0319143644273244,-3.44469907501653,1699
"TT_1700",0.0319131685967652,-3.44473654569737,1700
"TT_1701",0.0319119752987913,-3.44477393842072,1701
"TT_1702",0.0319107845249964,-3.4448112534412,1702
"TT_1703",0.0319095962670489,-3.44484849101117,1703
"TT_1704",0.0319084105166106,-3.44488565138324,1704
"TT_1705",0.0319072272654657,-3.44492273480624,1705
"TT_1706",4.42190580524083,1.48657078081553,1706
"TT_1707",0.840105764639353,-0.174227484785868,1707
"TT_1708",0.390810212575625,-0.93953322666871,1708
"TT_1709",0.254642300395686,-1.36789546213579,1709
"TT_1710",0.190148558092684,-1.65994962763591,1710
"TT_1711",0.501646673583462,-0.689859244583438,1711
"TT_1712",0.206025301152154,-1.57975629660749,1712
"TT_1713",0.112648318462958,-2.18348453930843,1713
"TT_1714",0.100580071491099,-2.29680113745016,1714
"TT_1715",0.091419761848616,-2.39229361110692,1715
"TT_1716",0.0842518530995189,-2.47394471474504,1716
"TT_1717",0.0785047553482308,-2.54459607834406,1717
"TT_1718",0.0738040809295366,-2.60634125175635,1718
"TT_1719",0.0698948652400445,-2.66076309109518,1719
"TT_1720",0.0665977711962176,-2.70908416751803,1720
"TT_1721",0.0637831729297359,-2.75226587060162,1721
"TT_1722",0.0613551682641631,-2.79107586908875,1722
"TT_1723",0.0592413610950639,-2.8261353139001,1723
"TT_1724",0.0573861293252803,-2.85795265424389,1724
"TT_1725",0.0557460700933553,-2.88694836272557,1725
"TT_1726",0.0542868454235598,-2.91347333878431,1726
"TT_1727",0.052980952123153,-2.93782282393026,1727
"TT_1728",0.0518061157792594,-2.96024707144918,1728
"TT_1729",0.0507441148900045,-2.98095963054297,1729
"TT_1730",0.0497799069568031,-3.00014385113236,1730
"TT_1731",0.0489009701176229,-3.0179580438919,1731
"TT_1732",0.0480968009821805,-3.03453961172913,1732
"TT_1733",0.0473585272428378,-3.05000838595837,1733
"TT_1734",0.0466786056977125,-3.06446934138193,1734
"TT_1735",0.0460505845808979,-3.07801482187936,1735
"TT_1736",0.0454689148345468,-3.0907263769557,1736
"TT_1737",0.0449287990026931,-3.10267628666701,1737
"TT_1738",0.0444260693139253,-3.11392883513712,1738
"TT_1739",0.0439570886081326,-3.12454137984435,1739
"TT_1740",0.0435186692843878,-3.134565254007,1740
"TT_1741",0.0431080065757701,-3.14404653170581,1741
"TT_1742",0.0427226232922717,-3.15302667956121,1742
"TT_1743",0.0423603238073952,-3.16154311409979,1743
"TT_1744",0.0420191555402146,-3.16962968038277,1744
"TT_1745",0.041697376552879,-3.17731706455743,1745
"TT_1746",0.0413934281644427,-3.1846331507407,1746
"TT_1747",0.0411059117023864,-3.19160333078247,1747
"TT_1748",0.0408335686829052,-3.19825077401909,1748
"TT_1749",0.0405752638476212,-3.20459666288861,1749
"TT_1750",0.502930029199341,-0.687304225518229,1750
"TT_1751",0.130027531037847,-2.04000907373398,1751
"TT_1752",0.0726541515857505,-2.62204474557791,1752
"TT_1753",0.056398924208255,-2.87530519498176,1753
"TT_1754",0.0488726103126379,-3.01853815573102,1754
"TT_1755",0.0445948100996103,-3.1101377922067,1755
"TT_1756",0.0418625792298626,-3.17336294824222,1756
"TT_1757",0.039979644334543,-3.21938484603392,1757
"TT_1758",0.0387401298533917,-3.25087926908862,1758
"TT_1759",0.0385785832436592,-3.25505799473822,1759
"TT_1760",0.0384236612688078,-3.25908183027351,1760
"TT_1761",0.0382749758685581,-3.26295896791388,1761
"TT_1762",0.0381321682077752,-3.26669704316324,1762
"TT_1763",0.0379949060040456,-3.27030318076671,1763
"TT_1764",0.037862881141029,-3.27378403622771,1764
"TT_1765",0.0377358075331981,-3.27714583336303,1765
"TT_1766",0.0376134192114592,-3.28039439833599,1766
"TT_1767",0.0374954686035548,-3.28353519054572,1767
"TT_1768",0.0373817249867328,-3.28657333070185,1768
"TT_1769",0.0372719730930095,-3.28951362637686,1769
"TT_1770",0.037166011849766,-3.29236059529723,1770
"TT_1771",0.0370636532404558,-3.2951184866083,1771
"TT_1772",0.0369647212729561,-3.29779130029756,1772
"TT_1773",0.0368690510432266,-3.30038280497817,1773
"TT_1774",0.0367764878846115,-3.30289655418021,1774
"TT_1775",0.036686886593814,-3.30533590129335,1775
"TT_1776",0.0366001107254678,-3.30770401329339,1776
"TT_1777",0.0365160319485021,-3.31000388336178,1777
"TT_1778",0.0364345294580359,-3.31223834250248,1778
"TT_1779",0.0363554894373964,-3.31441007024494,1779
"TT_1780",0.0362788045651323,-3.3165216045225,1780
"TT_1781",0.0362043735632058,-3.31857535078501,1781
"TT_1782",0.0361321007817523,-3.32057359043262,1782
"TT_1783",0.084807227594374,-2.46737450875051,1783
"TT_1784",0.0425716146188756,-3.15656757129955,1784
"TT_1785",0.0392150060520291,-3.23869579798808,1785
"TT_1786",0.0379882738566566,-3.27047774959676,1786
"TT_1787",0.0373423955350198,-3.28762598826597,1787
"TT_1788",0.0369352463630321,-3.29858899784547,1788
"TT_1789",0.0366486356688603,-3.30637907729435,1789
"TT_1790",0.0364312078077704,-3.312329514304,1790
"TT_1791",0.0362571813433932,-3.31711781127722,1791
"TT_1792",0.0361122429493613,-3.32112333126672,1792
"TT_1793",0.0359878294138114,-3.32457446952377,1793
"TT_1794",0.0358785116322834,-3.32761672447235,1794
"TT_1795",0.0357806835585774,-3.33034709659614,1795
"TT_1796",0.035691856491793,-3.33283272569105,1796
"TT_1797",0.0356102566498623,-3.33512157447714,1797
"TT_1798",0.0355345844940723,-3.33724884563579,1798
"TT_1799",0.0354638649071497,-3.33924099084199,1799
"TT_1800",0.0353973506830184,-3.34111830110578,1800
"TT_1801",0.0353344584925272,-3.34289662991707,1801
"TT_1802",0.0352747252845472,-3.34458856909648,1802
"TT_1803",0.0352177779164172,-3.34620426943148,1803
"TT_1804",0.0351633115658159,-3.34775202499694,1804
"TT_1805",0.0351110741040267,-3.34923869673124,1805
"TT_1806",0.0350608545971477,-3.35067002451094,1806
"TT_1807",0.0350124747179353,-3.35205086048299,1807
"TT_1808",0.0349657822443075,-3.35338534586699,1808
"TT_1809",0.0349206460756643,-3.35467704658784,1809
"TT_1810",0.0348769523685416,-3.35592905851387,1810
"TT_1811",0.0348346015086289,-3.35714408996181,1811
"TT_1812",0.0347935057144144,-3.35832452701879,1812
"TT_1813",0.034753587123241,-3.35947248573075,1813
"TT_1814",0.0347147762496793,-3.36058985414754,1814
"TT_1815",0.0346770107335427,-3.36167832647278,1815
"TT_1816",0.0346402343156306,-3.36273943100274,1816
"TT_1817",0.0346043959935781,-3.36377455315134,1817
"TT_1818",0.0345694493215749,-3.36478495454849,1818
"TT_1819",0.034535351825676,-3.36577178898257,1819
"TT_1820",0.0345020645125841,-3.36673611579075,1820
"TT_1821",0.0344695514547757,-3.3676789111642,1821
"TT_1822",0.0344377794378286,-3.36860107775482,1822
"TT_1823",0.0344067176595347,-3.36950345286717,1823
"TT_1824",0.0343763374713516,-3.37038681549481,1824
"TT_1825",0.0343466121556434,-3.37125189237883,1825
"TT_1826",0.0343175167326407,-3.37209936325525,1826
"TT_1827",0.0342890277925174,-3.37292986541676,1827
"TT_1828",0.0342611233484184,-3.37374399770315,1828
"TT_1829",0.0342337827078797,-3.37454232398943,1829
"TT_1830",0.0342069863593321,-3.37532537626316,1830
"TT_1831",0.0341807158717829,-3.37609365734249,1831
"TT_1832",0.0341549538060008,-3.37684764328055,1832
"TT_1833",0.0341296836351085,-3.37758778551438,1833
"TT_1834",0.0341048896741046,-3.37831451276986,1834
"TT_1835",0.0340805570162889,-3.37902823277992,1835
"TT_1836",0.0725699305000743,-2.62320462338754,1836
"TT_1837",0.0387954495025698,-3.24945232009245,1837
"TT_1838",0.0364661003237592,-3.31137220821004,1838
"TT_1839",0.0355944295241338,-3.33556612740868,1839
"TT_1840",0.0351388661943802,-3.34844746212847,1840
"TT_1841",0.0348573616439916,-3.35649092609206,1841
"TT_1842",0.0346643960949583,-3.36204216791473,1842
"TT_1843",0.0345223247724224,-3.3661490693676,1843
"TT_1844",0.0344120934006437,-3.36934722403854,1844
"TT_1845",0.0343230673874744,-3.37193763226427,1845
"TT_1846",0.0342488641029293,-3.37410187970184,1846
"TT_1847",0.0341854308687653,-3.37595572366582,1847
"TT_1848",0.0341300757947174,-3.37757629530075,1848
"TT_1849",0.0340809435578124,-3.37901689084876,1849
"TT_1850",0.0340367152953494,-3.38031547536922,1850
"TT_1851",0.0339964285459161,-3.38149980265053,1851
"TT_1852",0.0339593648653121,-3.38259062014874,1852
"TT_1853",0.0339249772762169,-3.38360374308554,1853
"TT_1854",0.0599259512496519,-2.81464562478431,1854
"TT_1855",0.0352001740978963,-3.34670425042735,1855
"TT_1856",0.0338340626458222,-3.38628721336658,1856
"TT_1857",0.0338069377620756,-3.38708923832295,1857
"TT_1858",0.033781075693833,-3.3878545240055,1858
"TT_1859",0.0337563316091209,-3.38858727602567,1859
"TT_1860",0.0337325848207201,-3.38929100015215,1860
"TT_1861",0.0337097338765707,-3.38996864426241,1861
"TT_1862",0.0336876927998021,-3.39062270714408,1862
"TT_1863",0.0336663881773768,-3.3912553228023,1863
"TT_1864",0.0336457568821613,-3.39186832646883,1864
"TT_1865",0.0336257442741109,-3.39246330675905,1865
"TT_1866",0.0336063027671842,-3.39304164724768,1866
"TT_1867",0.0593099563023365,-2.82497808989899,1867
"TT_1868",0.182902344590412,-1.69880290469311,1868
"TT_1869",0.111727304689078,-2.19169415614466,1869
"TT_1870",0.0536688081821771,-2.92492329944621,1870
"TT_1871",0.0435950257077607,-3.13281222440737,1871
"TT_1872",0.0394714262569534,-3.2321782547448,1872
"TT_1873",0.0372655358771342,-3.28968635057921,1873
"TT_1874",0.0359073547333763,-3.32681313724536,1874
"TT_1875",0.0349942016208585,-3.35257289919265,1875
"TT_1876",0.0343419123340631,-3.37138873682621,1876
"TT_1877",0.0338548250186203,-3.38567374861141,1877
"TT_1878",0.0334785412406885,-3.39685060537676,1878
"TT_1879",0.0333916094506293,-3.39945062461203,1879
"TT_1880",0.0333773143248859,-3.3998788215981,1880
"TT_1881",0.0333632677728679,-3.40029975146667,1881
"TT_1882",0.0333494602130649,-3.40071369226679,1882
"TT_1883",0.0333358827325419,-3.4011209026105,1883
"TT_1884",0.0333225270203963,-3.401521623611,1884
"TT_1885",0.0333093853096558,-3.40191608057468,1885
"TT_1886",0.0332964503258046,-3.40230448450027,1886
"TT_1887",0.0332837152416553,-3.4026870333929,1887
"TT_1888",0.0332711736371201,-3.40306391343567,1888
"TT_1889",0.0332588194638026,-3.40343530002039,1889
"TT_1890",0.0332466470131416,-3.40380135867517,1890
"TT_1891",0.0332346508883127,-3.40416224588218,1891
"TT_1892",0.0332228259788803,-3.40451810981547,1892
"TT_1893",0.0332111674381168,-3.40486909100096,1893
"TT_1894",0.0331996706626917,-3.40521532290734,1894
"TT_1895",0.0331883312742386,-3.40555693248234,1895
"TT_1896",0.0331771451029506,-3.40589404062966,1896
"TT_1897",0.0331661081723201,-3.406226762653,1897
"TT_1898",0.0331552166858923,-3.40655520864075,1898
"TT_1899",0.0331444670145774,-3.40687948383511,1899
"TT_1900",0.033133855685733,-3.40719968894902,1900
"TT_1901",0.0331233793726809,-3.40751592047091,1901
"TT_1902",0.0331130348854779,-3.4078282709326,1902
"TT_1903",0.0331028191623114,-3.40813682915916,1903
"TT_1904",0.0330927292616718,-3.40844168049609,1904
"TT_1905",0.0330827623550558,-3.40874290702113,1905
"TT_1906",0.0330729157204863,-3.4090405877321,1906
"TT_1907",0.03306318673625,-3.40933479872867,1907
"TT_1908",0.0330535728753429,-3.40962561337328,1908
"TT_1909",0.0330440717002298,-3.40991310244312,1909
"TT_1910",0.0330346808579835,-3.41019733427093,1910
"TT_1911",0.0330253980759423,-3.4104783748707,1911
"TT_1912",0.0330162211573947,-3.41075628806281,1912
"TT_1913",0.033007147977781,-3.41103113558391,1913
"TT_1914",0.0329981764811812,-3.41130297718847,1914
"TT_1915",0.0329893046768025,-3.4115718707506,1915
"TT_1916",0.0329805306360524,-3.41183787234845,1916
"TT_1917",0.0329718524894213,-3.41210103635466,1917
"TT_1918",0.0329632684239368,-3.41236141550963,1918
"TT_1919",0.0329547766804272,-3.41261906100088,1919
"TT_1920",0.0329463755512617,-3.41287402252815,1920
"TT_1921",0.0329380633780636,-3.4131263483695,1921
"TT_1922",0.0329298385494772,-3.41337608544593,1922
"TT_1923",0.0329216994994256,-3.41362327937136,1923
"TT_1924",0.0329136447050005,-3.41386797451385,1924
"TT_1925",0.0329056726847742,-3.41411021404417,1925
"TT_1926",0.0328977819971792,-3.41435003998252,1926
"TT_1927",0.0328899712388753,-3.41458749324567,1927
"TT_1928",0.0328822390432787,-3.41482261368936,1928
"TT_1929",0.0328745840791873,-3.4150554401479,1929
"TT_1930",0.0328670050493646,-3.41528601047504,1930
"TT_1931",0.0328595006893288,-3.41551436157888,1931
"TT_1932",0.0328520697662084,-3.41574052945466,1932
"TT_1933",0.0328447110774631,-3.41596454922189,1933
"TT_1934",0.0328374234499442,-3.41618645515114,1934
"TT_1935",0.0328302057387511,-3.41640628069719,1935
"TT_1936",0.0328230568263193,-3.41662405852516,1936
"TT_1937",0.0328159756214947,-3.41683982053712,1937
"TT_1938",0.0328089610585668,-3.4170535979001,1938
"TT_1939",0.0328020120965338,-3.41726542106701,1939
"TT_1940",0.0327951277181631,-3.41747531980392,1940
"TT_1941",0.0327883069293516,-3.41768332320822,1941
"TT_1942",0.0327815487582679,-3.41788945973351,1942
"TT_1943",0.0327748522547672,-3.41809375720624,1943
"TT_1944",0.0327682164895196,-3.41829624285109,1944
"TT_1945",0.032761640553643,-3.4184969433011,1945
"TT_1946",0.0327551235578587,-3.41869588462228,1946
"TT_1947",0.032748664631906,-3.41889309233047,1947
"TT_1948",0.0327422629241887,-3.41908859140116,1948
"TT_1949",0.0327359176009306,-3.41928240629421,1949
"TT_1950",0.0327296278458488,-3.419474560963,1950
"TT_1951",0.0327233928596095,-3.41966507887007,1951
"TT_1952",0.0327172118593241,-3.4198539830017,1952
"TT_1953",0.0327110840780452,-3.42004129588243,1953
"TT_1954",0.0327050087644404,-3.42022703958427,1954
"TT_1955",0.032698985182193,-3.4204112357442,1955
"TT_1956",0.0326930126097434,-3.42059390557133,1956
"TT_1957",0.0326870903397989,-3.42077506986118,1957
"TT_1958",0.0326812176789257,-3.42095474900746,1958
"TT_1959",0.0326753939473168,-3.42113296300844,1959
"TT_1960",0.0326696184782345,-3.42130973148343,1960
"TT_1961",0.0326638906178739,-3.42148507367626,1961
"TT_1962",0.0326582097248184,-3.42165900847138,1962
"TT_1963",0.03265257516989,-3.4218315543978,1963
"TT_1964",0.0876630569283156,-2.43425471204286,1964
"TT_1965",0.113047182692787,-2.17995000146398,1965
"TT_1966",0.0410785323090057,-3.1922696221889,1966
"TT_1967",0.0362250417121412,-3.31800463930218,1967
"TT_1968",0.0348609326402527,-3.35638848536826,1968
"TT_1969",0.0343139644393577,-3.37220288115187,1969
"TT_1970",0.0339655545674951,-3.38240836885564,1970
"TT_1971",0.0337251569827595,-3.38951122211014,1971
"TT_1972",0.0335496427759775,-3.39472906313298,1972
"TT_1973",0.0334159667776073,-3.39872144599391,1973
"TT_1974",0.0333107472977104,-3.40187519239264,1974
"TT_1975",0.0332257067829614,-3.40443140198422,1975
"TT_1976",0.0331554634715445,-3.40654776532538,1976
"TT_1977",0.0330963744137669,-3.40833153692573,1977
"TT_1978",0.0330458901139241,-3.40985807400476,1978
"TT_1979",0.0330021756051431,-3.4111817922602,1979
"TT_1980",0.032963878227967,-3.41234291617935,1980
"TT_1981",0.0635799626890203,-2.75545691033482,1981
"TT_1982",0.0430860232254583,-3.14455662157721,1982
"TT_1983",0.0595890959753617,-2.82028267508238,1983
"TT_1984",0.0426078256934888,-3.15571734085282,1984
"TT_1985",0.0345833525333402,-3.36438285335867,1985
"TT_1986",0.0338640836563943,-3.38540030540293,1986
"TT_1987",0.0336255220601479,-3.39246991522831,1987
"TT_1988",0.0334587159981608,-3.39744295839286,1988
"TT_1989",0.0333349048309138,-3.40115023784603,1989
"TT_1990",0.0332388683391982,-3.40403535472492,1990
"TT_1991",0.0331618156344467,-3.40635619646106,1991
"TT_1992",0.0330983211060788,-3.40827271975625,1992
"TT_1993",0.0330448568154599,-3.40988934308591,1993
"TT_1994",0.0329990299348845,-3.41127711386032,1994
"TT_1995",0.0552119625656742,-2.89657563603172,1995
"TT_1996",0.0386443555459492,-3.25335455482192,1996
"TT_1997",0.0337158569203944,-3.38978702052673,1997
"TT_1998",0.0328646146362014,-3.41535874299482,1998
"TT_1999",0.0328391164111281,-3.41613490063296,1999
"TT_2000",0.0328158360615771,-3.41684407335032,2000
"TT_2001",0.0327944444615346,-3.41749615411053,2001
"TT_2002",0.0327746761550018,-3.41809913023544,2002
"TT_2003",0.29152185338258,-1.2326403072792,2003
"TT_2004",0.0868905575457251,-2.44310591146701,2004
"TT_2005",0.055561742382075,-2.8902604012192,2005
"TT_2006",0.0466592855887146,-3.06488332350661,2006
"TT_2007",0.0425277682716394,-3.15759804530834,2007
"TT_2008",0.040173432474116,-3.21454938556554,2008
"TT_2009",0.0386652691120549,-3.25281352085083,2009
"TT_2010",0.0376224289248117,-3.28015489247226,2010
"TT_2011",0.0368612724704591,-3.30059380562012,2011
"TT_2012",0.0362828163976943,-3.31641102726381,2012
"TT_2013",0.0358292028820194,-3.32899199513521,2013
"TT_2014",0.0354644544994516,-3.33922436582375,2014
"TT_2015",0.0351650789164153,-3.34770176504963,2015
"TT_2016",0.0655045957797175,-2.72563497422651,2016
"TT_2017",0.0385065528311804,-3.25692684876407,2017
"TT_2018",0.0345217233556667,-3.36616649061598,2018
"TT_2019",0.034364229492708,-3.37073909594007,2019
"TT_2020",0.0342263698007971,-3.37475888521052,2020
"TT_2021",0.0341046823858464,-3.37832059075135,2021
"TT_2022",0.0339964667964168,-3.38149867751825,2022
"TT_2023",0.0338995869192614,-3.3843524499425,2023
"TT_2024",0.0338123318154262,-3.38692969642326,2024
"TT_2025",0.0337333156178391,-3.38926933595989,2025
"TT_2026",0.0336614043114214,-3.39140337060783,2026
"TT_2027",0.0335956613619116,-3.39335834648406,2027
"TT_2028",0.0335353067841869,-3.39515646129316,2028
"TT_2029",0.0334796859402389,-3.39681641392341,2029
"TT_2030",0.0334282454807423,-3.39835406330337,2030
"TT_2031",0.0333805145983507,-3.39978294449967,2031
"TT_2032",0.0333360902778513,-3.40111467674676,2032
"TT_2033",0.0332946255861197,-3.40235928883134,2033
"TT_2034",0.0332558202981343,-3.40352548063871,2034
"TT_2035",0.0332194133340983,-3.40462083497405,2035
"TT_2036",0.0331851766139651,-3.4056519902961,2036
"TT_2037",0.0331529100296227,-3.406624782504,2037
"TT_2038",0.0331224373053778,-3.40754436203448,2038
"TT_2039",0.0330936025692981,-3.40841529113133,2039
"TT_2040",0.0330662674979858,-3.40924162506578,2040
"TT_2041",0.0330403089253827,-3.41002698033122,2041
"TT_2042",0.0330156168309988,-3.41077459215412,2042
"TT_2043",0.0329920926390612,-3.41148736322654,2043
"TT_2044",0.0329696477738703,-3.41216790518667,2044
"TT_2045",0.032948202428058,-3.41281857405719,2045
"TT_2046",0.0329276845077141,-3.4134415006533,2046
"TT_2047",0.092841850668017,-2.37685776382351,2047
"TT_2048",0.0398192960185788,-3.22340365959381,2048
"TT_2049",0.0747662766207454,-2.59338834298015,2049
"TT_2050",0.0570148515404062,-2.86444349174525,2050
"TT_2051",0.0394154730986427,-3.23359682153221,2051
"TT_2052",0.0364727009887795,-3.31119121633961,2052
"TT_2053",0.0352681259725379,-3.34477566989865,2053
"TT_2054",0.0442688067706962,-3.11747498605297,2054
"TT_2055",0.0499162000498128,-2.99740967861532,2055
"TT_2056",0.0351180412480463,-3.34904028489001,2056
"TT_2057",0.0337395968910048,-3.38908314944592,2057
"TT_2058",0.0335872055409836,-3.39361007200166,2058
"TT_2059",0.03346695618731,-3.3971967094148,2059
"TT_2060",0.0333693269510668,-3.40011815570404,2060
"TT_2061",0.0332882055564815,-3.40255213222799,2061
"TT_2062",0.0332194956669181,-3.40461835652216,2062
"TT_2063",0.0331603528478104,-3.40640030800536,2063
"TT_2064",0.033108742304817,-3.40795791350183,2064
"TT_2065",0.0330631710591582,-3.40933527288428,2065
"TT_2066",0.0330225194538565,-3.41056554255729,2066
"TT_2067",0.0329859316311079,-3.41167412262225,2067
"TT_2068",0.0329527422960309,-3.41268079551702,2068
"TT_2069",0.032922426515269,-3.41360119643436,2069
"TT_2070",0.0328945645426644,-3.4144478463289,2070
"TT_2071",0.0328688166888145,-3.41523089168585,2071
"TT_2072",0.0328449050495615,-3.4159586435062,2072
"TT_2073",0.0328226000105422,-3.41663797614893,2073
"TT_2074",0.0328017101356198,-3.4172746266701,2074
"TT_2075",0.0327820744917752,-3.41787342237983,2075
"TT_2076",0.0327635567531288,-3.41843845589274,2076
"TT_2077",0.0327460406222086,-3.41897322124131,2077
"TT_2078",0.0327294262377403,-3.41948072078646,2078
"TT_2079",0.0327136273302025,-3.41996354996338,2079
"TT_2080",0.0326985689498727,-3.42042396503739,2080
"TT_2081",0.0326841856370967,-3.42086393772129,2081
"TT_2082",0.0326704199380429,-3.42128519951718,2082
"TT_2083",0.0326572211918291,-3.42168927797969,2083
"TT_2084",0.0326445445330023,-3.4220775265621,2084
"TT_2085",0.032632350065904,-3.42245114933675,2085
"TT_2086",0.0326206021773613,-3.42281122158684,2086
"TT_2087",0.0326092689614876,-3.42315870704986,2087
"TT_2088",0.0325983217353933,-3.42349447244405,2088
"TT_2089",0.0325877346299215,-3.42381929975085,2089
"TT_2090",0.0325774842418349,-3.42413389665848,2090
"TT_2091",0.0325675493367682,-3.42443890548564,2091
"TT_2092",0.0325579105952121,-3.42473491081556,2092
"TT_2093",0.0325485503932677,-3.4250224460883,2093
"TT_2094",0.0325394526137303,-3.42530199928325,2094
"TT_2095",0.0325306024821962,-3.4255740178508,2095
"TT_2096",0.0325219864242836,-3.42583891301048,2096
"TT_2097",0.0325135919413679,-3.42609706349282,2097
"TT_2098",0.032505407501401,-3.42634881882835,2098
"TT_2099",0.0324974224431534,-3.42659450223304,2099
"TT_2100",0.09408150646012,-2.36359378241623,2100
"TT_2101",0.0390889821981606,-3.24191463691301,2101
"TT_2102",0.0350622706817275,-3.3506296359922,2102
"TT_2103",0.0336111068381092,-3.3928987059781,2103
"TT_2104",0.0328769156786775,-3.41498451858718,2104
"TT_2105",0.0324531924677096,-3.42795645953988,2105
"TT_2106",0.0324463622267027,-3.42816694606985,2106
"TT_2107",0.032439669074575,-3.42837325094063,2107
"TT_2108",0.0324331073373573,-3.42857554649827,2108
"TT_2109",0.0324266716865927,-3.42877399462383,2109
"TT_2110",0.032420357112123,-3.42896874755566,2110
"TT_2111",0.032414158897339,-3.42915994863757,2111
"TT_2112",0.0324080725968412,-3.42934773299412,2112
"TT_2113",0.0324020940161823,-3.42953222814321,2113
"TT_2114",0.0323962191934346,-3.4297135545535,2114
"TT_2115",0.0323904443824319,-3.42989182615137,2115
"TT_2116",0.0323847660373995,-3.43006715078591,2116
"TT_2117",0.0323791807990549,-3.43023963064951,2117
"TT_2118",0.032373685481743,-3.43040936266728,2118
"TT_2119",0.0323682770617965,-3.4305764388493,2119
"TT_2120",0.0323629526667266,-3.43074094661793,2120
"TT_2121",0.0323577095653943,-3.43090296910544,2121
"TT_2122",0.0323525451588615,-3.43106258543103,2122
"TT_2123",0.0323474569721149,-3.43121987095157,2123
"TT_2124",0.0323424426461828,-3.43137489750044,2124
"TT_2125",0.0323374999312471,-3.43152773359609,2125
"TT_2126",0.0323326266797958,-3.43167844464974,2126
"TT_2127",0.0323278208406462,-3.43182709314639,2127
"TT_2128",0.0323230804533366,-3.43197373881484,2128
"TT_2129",0.032318403642735,-3.43211843879119,2129
"TT_2130",0.0323137886142337,-3.43226124776449,2130
"TT_2131",0.0323092336492974,-3.43240221811172,2131
"TT_2132",0.0323047371010391,-3.43254140003208,2132
"TT_2133",0.0323002973905035,-3.43267884165958,2133
"TT_2134",0.0322959130028551,-3.43281458917877,2134
"TT_2135",0.0322915824840431,-3.4329486869259,2135
"TT_2136",0.0322873044374793,-3.43308117748973,2136
"TT_2137",0.0322830775212205,-3.43321210179703,2137
"TT_2138",0.032278900444987,-3.43334149920308,2138
"TT_2139",0.107571634232557,-2.22959828838294,2139
"TT_2140",0.0443380394097069,-3.11591229296358,2140
"TT_2141",0.0370301957526149,-3.29602159774558,2141
"TT_2142",0.0347548170979079,-3.35943709505588,2142
"TT_2143",0.0336666714403528,-3.39124690901634,2143
"TT_2144",0.0332863542468679,-3.40260774835582,2144
"TT_2145",0.0330726783322757,-3.40904776548034,2145
"TT_2146",0.0329253275958653,-3.41351308164177,2146
"TT_2147",0.0328177348892325,-3.41678621187399,2147
"TT_2148",0.0327357414764429,-3.41928778646909,2148
"TT_2149",0.0326711415982566,-3.4212631106599,2149
"TT_2150",0.0326188668872578,-3.42286441914129,2150
"TT_2151",0.0325756259012251,-3.42419094199695,2151
"TT_2152",0.0325391927060204,-3.42530998677926,2152
"TT_2153",0.0325080106574635,-3.42626873824998,2153
"TT_2154",0.0324809600543327,-3.42710120580245,2154
"TT_2155",0.0324572158980051,-3.42783249081431,2155
"TT_2156",0.0324361575791079,-3.42848150375686,2156
"TT_2157",0.0324173097086503,-3.42906274857773,2157
"TT_2158",0.0324003022831358,-3.42958752650096,2158
"TT_2159",0.0323848432172684,-3.43006476757348,2159
"TT_2160",0.0323706989998981,-3.4305016172117,2160
"TT_2161",0.0323576808115372,-3.43090385773044,2161
"TT_2162",0.0323456343915272,-3.43127621639897,2162
"TT_2163",0.0323344325284449,-3.43162259399961,2163
"TT_2164",0.0323239694171579,-3.43194623674559,2164
"TT_2165",0.0323141563646449,-3.43224986722589,2165
"TT_2166",0.032304918484255,-3.43253578529186,2166
"TT_2167",0.0322961921239292,-3.43280594660323,2167
"TT_2168",0.0322879228457025,-3.4330620243795,2168
"TT_2169",0.0322800638239055,-3.43330545838577,2169
"TT_2170",0.0322725745644407,-3.43353749412235,2170
"TT_2171",0.0322654198732834,-3.43375921440507,2171
"TT_2172",0.0322585690189346,-3.43397156502047,2172
"TT_2173",0.0322519950483526,-3.43417537568931,2173
"TT_2174",0.0322456742241417,-3.43437137732169,2174
"TT_2175",0.0322395855592269,-3.43456021628902,2175
"TT_2176",0.0322337104296159,-3.43474246630547,2176
"TT_2177",0.0322280322503695,-3.43491863837359,2177
"TT_2178",0.032222536203534,-3.4350891891377,2178
"TT_2179",0.0322172090081409,-3.43525452794802,2179
"TT_2180",0.0322120387251373,-3.43541502285357,2180
"TT_2181",0.162246557835378,-1.81863813881326,2181
"TT_2182",0.0503869676701791,-2.9880227153145,2182
"TT_2183",0.0404374628728762,-3.20799862485742,2183
"TT_2184",0.0370627494111417,-3.29514287277252,2184
"TT_2185",0.0353951955106133,-3.34117918809238,2185
"TT_2186",0.0344129878859014,-3.36932123103596,2186
"TT_2187",0.0337708557367347,-3.38815710475959,2187
"TT_2188",0.0333207645577076,-3.40157451603716,2188
"TT_2189",0.0329891024089531,-3.41157800208532,2189
"TT_2190",0.0327353134396582,-3.41930086207281,2190
"TT_2191",0.0325352996184507,-3.42542963696584,2191
"TT_2192",0.0323738836251635,-3.43040324217741,2192
"TT_2193",0.0322410533264497,-3.43451469046147,2193
"TT_2194",0.032151560867654,-3.43729427993877,2194
"TT_2195",0.0321478661037513,-3.43740920363501,2195
"TT_2196",0.0321442337240632,-3.43752219977923,2196
"TT_2197",0.0321406609574809,-3.4376333539346,2197
"TT_2198",0.0321371452199871,-3.43774274589137,2198
"TT_2199",0.0321336840985645,-3.4378504501629,2199
"TT_2200",0.0321302753369149,-3.43795653642595,2200
"TT_2201",0.0321269168223904,-3.43806106992375,2201
"TT_2202",0.0321236065743814,-3.43816411182401,2202
"TT_2203",0.0564285260919275,-2.87478046657085,2203
"TT_2204",0.0376449542730802,-3.27955635036853,2204
"TT_2205",0.0335304341788301,-3.39530176962183,2205
"TT_2206",0.0324924108597848,-3.42674872892124,2206
"TT_2207",0.0321077180047544,-3.43865884146115,2207
"TT_2208",0.0321046619453844,-3.43875402744787,2208
"TT_2209",0.0321016432125899,-3.43884805973299,2209
"TT_2210",0.0320986605742483,-3.43894097637568,2210
"TT_2211",0.0320957128635956,-3.43903281341674,2211
"TT_2212",0.0320927989749112,-3.43912360501178,2212
"TT_2213",0.0320899178592565,-3.43921338356273,2213
"TT_2214",0.0320870685205681,-3.4393021798385,2214
"TT_2215",0.0320842500123358,-3.43939002307746,2215
"TT_2216",0.0320814614341859,-3.43947694109297,2216
"TT_2217",0.0320787019291175,-3.43956296035868,2217
"TT_2218",0.0320759706805619,-3.43964810609932,2218
"TT_2219",0.0320732669099051,-3.43973240236721,2219
"TT_2220",0.0320705898742142,-3.43981587211245,2220
"TT_2221",0.0320679388640728,-3.43989853724978,2221
"TT_2222",0.0320653132014167,-3.43998041872539,2222
"TT_2223",0.0320627122378591,-3.44006153656868,2223
"TT_2224",0.0320601353528532,-3.44014190994897,2224
"TT_2225",0.0320575819521804,-3.44022155722219,2225
"TT_2226",0.0320550514663176,-3.44030049598134,2226
"TT_2227",0.0320525433491702,-3.44037874309562,2227
"TT_2228",0.0320500570767386,-3.44045631475156,2228
"TT_2229",0.0320475921459201,-3.44053322649013,2229
"TT_2230",0.070031425045269,-2.65881120845322,2230
"TT_2231",0.0442607048575421,-3.117658019101,2231
"TT_2232",0.0354922638259838,-3.33844052664369,2232
"TT_2233",0.0335687087427805,-3.39416093334778,2233
"TT_2234",0.0327404261083629,-3.41914469220744,2234
"TT_2235",0.0322864259643935,-3.43310838586318,2235
"TT_2236",0.0320308968316457,-3.44105431601388,2236
"TT_2237",0.0320285866880581,-3.44112644096593,2237
"TT_2238",0.0320262941341996,-3.44119802189248,2238
"TT_2239",0.0320240188244763,-3.44126906946802,2239
"TT_2240",0.0320217604250973,-3.44133959400239,2240
"TT_2241",0.0320195186134076,-3.44140960546138,2241
"TT_2242",0.0320172930776021,-3.44147911347553,2242
"TT_2243",0.0320150835159635,-3.44154812736372,2243
"TT_2244",0.0320128896366578,-3.44161665613946,2244
"TT_2245",0.0320107111570404,-3.44168470853236,2245
"TT_2246",0.0320085478034377,-3.44175229299487,2246
"TT_2247",0.0320063993106985,-3.44181941771611,2247
"TT_2248",0.0602173743754861,-2.809794357419,2248
"TT_2249",0.0367641929861438,-3.30323092417615,2249
"TT_2250",0.0341880600505135,-3.37587881720063,2250
"TT_2251",0.0333709992870649,-3.40006804099551,2251
"TT_2252",0.0329768692798709,-3.41194889419558,2252
"TT_2253",0.0327474211050355,-3.41893106488583,2253
"TT_2254",0.0325982928532148,-3.42349535844645,2254
"TT_2255",0.0324940114278059,-3.42669947038492,2255
"TT_2256",0.0324171634760046,-3.4290672595312,2256
"TT_2257",0.0323582438511453,-3.43088645738853,2257
"TT_2258",0.032311644319876,-3.43232760846061,2258
"TT_2259",0.0322738523690071,-3.43349790077451,2259
"TT_2260",0.032242561404551,-3.43446791646756,2260
"TT_2261",0.0322161972528386,-3.43528593262957,2261
"TT_2262",0.0321936506822395,-3.43598602965643,2262
"TT_2263",0.0321741186963146,-3.43659291682102,2263
"TT_2264",0.0321570064065011,-3.43712492337896,2264
"TT_2265",0.0321418641976158,-3.43759591793992,2265
"TT_2266",0.0321283462580332,-3.43801657751723,2266
"TT_2267",0.0321161824809398,-3.43839524874348,2267
"TT_2268",0.0321051589795025,-3.43873854588723,2268
"TT_2269",0.0320951042952275,-3.439051774645,2269
"TT_2270",0.032085879455704,-3.43933923797286,2270
"TT_2271",0.0320773706881768,-3.43960446043456,2271
"TT_2272",0.0320694839999468,-3.43985035521173,2272
"TT_2273",0.0320621410919605,-3.44007935012673,2273
"TT_2274",0.0320552762399705,-3.44029348389262,2274
"TT_2275",0.0320488338868956,-3.4404944804616,2275
"TT_2276",0.0320427667648159,-3.44068380705155,2276
"TT_2277",0.0320370344161593,-3.44086271986234,2277
"TT_2278",0.0320316020187963,-3.44103230041464,2278
"TT_2279",0.0320264394448396,-3.44119348467347,2279
"TT_2280",0.0320215205008435,-3.44134708656837,2280
"TT_2281",0.0320168223103883,-3.44149381711314,2281
"TT_2282",0.0320123248082958,-3.44163430007449,2282
"TT_2283",0.0320080103246531,-3.44176908486249,2283
"TT_2284",1.33808562236983,0.291239952461151,2284
"TT_2285",0.945982251174857,-0.0555314720778762,2285
"TT_2286",0.261204156999779,-1.34245296669969,2286
"TT_2287",0.157730156709723,-1.84686957495175,2287
"TT_2288",0.116357382438747,-2.15108894097816,2288
"TT_2289",0.0944622093592603,-2.35955542542436,2289
"TT_2290",0.0810653620822786,-2.51249951042277,2290
"TT_2291",0.0720949891828978,-2.6297707352631,2291
"TT_2292",0.0657055660445909,-2.72257163798428,2292
"TT_2293",0.0609443699222146,-2.79779379939337,2293
"TT_2294",0.0572720828056015,-2.85994198505885,2294
"TT_2295",0.0543615818655911,-2.91209759031407,2295
"TT_2296",0.052003483308386,-2.95644457594449,2296
"TT_2297",0.0500578520968272,-2.99457590047459,2297
"TT_2298",0.048427791989414,-3.02768141540039,2298
"TT_2299",0.0470441890278984,-3.05666792689287,2299
"TT_2300",0.0458564885554953,-3.08223857326945,2300
"TT_2301",0.0448269017648841,-3.10494683395736,2301
"TT_2302",0.0439266451172825,-3.12523419274105,2302
"TT_2303",0.0431334289433959,-3.14345696896931,2303
"TT_2304",0.04242973804727,-3.15990579354916,2304
"TT_2305",0.0418016284250969,-3.17481998267205,2305
"TT_2306",0.0412378685789901,-3.18839830451066,2306
"TT_2307",0.168033901638777,-1.78358952446794,2307
"TT_2308",0.0619679772645609,-2.7811375230998,2308
"TT_2309",0.0497814014682589,-3.00011382919956,2309
"TT_2310",0.0456908784251481,-3.08585659782797,2310
"TT_2311",0.0435593086200315,-3.13363185294344,2311
"TT_2312",0.0422046517638492,-3.16522483264437,2312
"TT_2313",0.0412397193292906,-3.18835342564484,2313
"TT_2314",0.0405005343004096,-3.20644011235396,2314
"TT_2315",0.0399056629090749,-3.22123703761134,2315
"TT_2316",0.0394099300613183,-3.23373746241983,2316
"TT_2317",0.038986123908518,-3.24454949338083,2317
"TT_2318",0.038616768593012,-3.2540686773361,2318
"TT_2319",0.038290048994213,-3.26256523393739,2319
"TT_2320",0.0379976333140481,-3.27023140240457,2320
"TT_2321",0.0377334361992918,-3.27720867575524,2321
"TT_2322",0.0374928795402105,-3.28360424296278,2322
"TT_2323",0.0372724313256997,-3.28950133215588,2323
"TT_2324",0.0608660139547059,-2.7990803231826,2324
"TT_2325",0.0636125031288472,-2.75494523788114,2325
"TT_2326",0.0422702933409658,-3.16367072473114,2326
"TT_2327",0.0395303739728955,-3.23068594123523,2327
"TT_2328",0.205257240312112,-1.5834912556951,2328
"TT_2329",0.0891797899052586,-2.41710083563601,2329
"TT_2330",0.0476836605958838,-3.0431664849295,2330
"TT_2331",0.0408523395044393,-3.19779118870551,2331
"TT_2332",0.037906714557323,-3.27262701748477,2332
"TT_2333",0.0364257935724779,-3.31247814065973,2333
"TT_2334",0.0362323711702847,-3.31780232851362,2334
"TT_2335",0.0360622902613754,-3.32250755070646,2335
"TT_2336",0.0359101776747183,-3.3267345229781,2336
"TT_2337",0.0357723570590387,-3.33057983302507,2337
"TT_2338",0.0356462112953748,-3.33411241279397,2338
"TT_2339",0.0533447608274692,-2.93097950985295,2339
"TT_2340",0.0480695489242052,-3.03510638084808,2340
"TT_2341",0.0353207527419902,-3.3432845914126,2341
"TT_2342",0.0352260570982105,-3.34596921176236,2342
"TT_2343",0.0351368919261382,-3.34850364845204,2343
"TT_2344",0.0350526603003904,-3.35090376822802,2344
"TT_2345",0.0349728646389166,-3.35318281422108,2345
"TT_2346",0.0348970848523068,-3.35535198184966,2346
"TT_2347",0.0348249622537327,-3.35742084320106,2347
"TT_2348",0.034756187503893,-3.35939766515573,2348
"TT_2349",0.0346904914355009,-3.3612896516119,2349
"TT_2350",0.0346276379675333,-3.36310313058873,2350
"TT_2351",0.0345674185604826,-3.36484370066052,2351
"TT_2352",0.0345096478239399,-3.36651634696805,2352
"TT_2353",0.0344541599976674,-3.36812553416345,2353
"TT_2354",0.0344008061026873,-3.36967528165968,2354
"TT_2355",0.03434945161286,-3.37116922513234,2355
"TT_2356",0.0342999745340642,-3.37261066725763,2356
"TT_2357",0.0342522638068638,-3.37400261990742,2357
"TT_2358",0.0342062179678044,-3.37534783951526,2358
"TT_2359",0.0341617440191204,-3.3766488569411,2359
"TT_2360",0.0341187564679575,-3.37790800286229,2360
"TT_2361",0.0340771765051349,-3.37912742948092,2361
"TT_2362",0.0340369312980568,-3.38030912922153,2362
"TT_2363",0.0339979533795588,-3.38145495089661,2363
"TT_2364",0.0339601801163664,-3.38256661377313,2364
"TT_2365",0.0339235532446953,-3.38364571986856,2365
"TT_2366",0.0338880184630159,-3.38469376473869,2366
"TT_2367",0.03385352507275,-3.38571214700301,2367
"TT_2368",0.0338200256609253,-3.38670217676198,2368
"TT_2369",0.0337874758180072,-3.38766508308809,2369
"TT_2370",0.0337558338866466,-3.38860202070082,2370
"TT_2371",0.0337250607370975,-3.3895140759382,2371
"TT_2372",0.0336951195656538,-3.39040227212152,2372
"TT_2373",0.0336659757136852,-3.39126757437548,2373
"TT_2374",0.0336375965041919,-3.39211089398661,2374
"TT_2375",0.0336099510941116,-3.39293309234551,2375
"TT_2376",0.0335830103404709,-3.39373498452318,2376
"TT_2377",0.0335567466789385,-3.39451734251903,2377
"TT_2378",0.033531134012902,-3.39528089823183,2378
"TT_2379",0.033506147612714,-3.39602634615989,2379
"TT_2380",0.0334817640231607,-3.39675434588505,2380
"TT_2381",0.0334579609791122,-3.39746552433853,2381
"TT_2382",0.0334347173278845,-3.39816047788955,2382
"TT_2383",0.0334120129579587,-3.39883977426505,2383
"TT_2384",0.0333898287333502,-3.39950395431945,2384
"TT_2385",0.0333681464331098,-3.40015353366779,2385
"TT_2386",0.0333469486955629,-3.4007890041927,2386
"TT_2387",0.0333262189665095,-3.40141083544651,2387
"TT_2388",0.0333059414516452,-3.40201947593972,2388
"TT_2389",0.0573577679199757,-2.85844699697694,2389
"TT_2390",0.0369717907963451,-3.29760006803051,2390
"TT_2391",0.0334147560236925,-3.39875767944655,2391
"TT_2392",0.0332290618408255,-3.40433042930952,2392
"TT_2393",0.0332108321393464,-3.40487918701651,2393
"TT_2394",0.033192973565912,-3.40541706503947,2394
"TT_2395",0.0331754745636431,-3.40594439400881,2395
"TT_2396",0.0590041394482537,-2.83014767739763,2396
"TT_2397",0.0366280707163375,-3.30694037307516,2397
"TT_2398",0.0336379738327954,-3.39209967658328,2398
"TT_2399",0.0331088594306468,-3.40795437589772,2399
"TT_2400",0.0330930009025429,-3.40843347205386,2400
"TT_2401",0.0330774418687662,-3.4089037434745,2401
"TT_2402",0.0330621736597651,-3.40936543981641,2402
"TT_2403",0.033047187940119,-3.40981880132347,2403
"TT_2404",0.0330324766923795,-3.41026405927277,2404
"TT_2405",0.0330180322017821,-3.41070143639733,2405
"TT_2406",0.0330038470420335,-3.41113114727891,2406
"TT_2407",0.0329899140616984,-3.41155339872539,2407
"TT_2408",0.0329762263715794,-3.41196839012023,2408
"TT_2409",0.0329627773325331,-3.41237631376109,2409
"TT_2410",0.0329495605442524,-3.41277735517105,2410
"TT_2411",0.060257260726712,-2.8091322038852,2411
"TT_2412",0.0348837908756728,-3.35573300248479,2412
"TT_2413",0.0329112430412632,-3.4139409458115,2413
"TT_2414",0.0328988956647614,-3.4143161881948,2414
"TT_2415",0.0328867517630188,-3.41468538428408,2415
"TT_2416",0.0328748061620789,-3.41504868471212,2416
"TT_2417",0.0328630538625925,-3.41540623512849,2417
"TT_2418",0.0328514900326164,-3.41575817640085,2418
"TT_2419",0.0328401100003712,-3.41610464481853,2419
"TT_2420",0.032828909247856,-3.41644577227108,2420
"TT_2421",0.0328178834044504,-3.41678168642815,2421
"TT_2422",0.032807028240911,-3.41711251090825,2422
"TT_2423",0.0327963396636942,-3.41743836543837,2423
"TT_2424",0.0327858137095111,-3.41775936600734,2424
"TT_2425",0.032775446540222,-3.41807562500956,2425
"TT_2426",0.0327652344379225,-3.41838725138359,2426
"TT_2427",0.0327551738001102,-3.41869435074887,2427
"TT_2428",0.0327452611354239,-3.41899702552566,2428
"TT_2429",0.0327354930592734,-3.41929537505883,2429
"TT_2430",0.032725866289783,-3.41958949573263,2430
"TT_2431",0.032716377643925,-3.41987948108015,2431
"TT_2432",0.0327070240338713,-3.42016542188657,2432
"TT_2433",0.0326978024633179,-3.42044740629379,2433
"TT_2434",0.0326887100242854,-3.42072551989077,2434
"TT_2435",0.0326797438937432,-3.42099984580981,2435
"TT_2436",0.0326709013305735,-3.42127046481267,2436
"TT_2437",0.0326621796727122,-3.4215374553718,2437
"TT_2438",0.0326535763340864,-3.42180089375792,2438
"TT_2439",0.0326450888021771,-3.42206085410901,2439
"TT_2440",0.0326367146352287,-3.42231740851018,2440
"TT_2441",0.0326284514599482,-3.42257062705904,2441
"TT_2442",0.0326202969688913,-3.42282057794073,2442
"TT_2443",0.032612248918434,-3.42306732748541,2443
"TT_2444",0.0326043051264042,-3.42331094023635,2444
"TT_2445",0.0325964634701209,-3.42355147900576,2445
"TT_2446",0.0325887218842298,-3.42378900493701,2446
"TT_2447",0.0325810783589744,-3.42402357755383,2447
"TT_2448",0.0325735309381403,-3.42425525481962,2448
"TT_2449",0.0325660777174762,-3.42448409318235,2449
"TT_2450",0.0325587168427604,-3.42471014763048,2450
"TT_2451",0.0325514465083855,-3.42493347173323,2451
"TT_2452",0.0325442649556699,-3.42515411768926,2452
"TT_2453",0.0325371704713332,-3.42537213637057,2453
"TT_2454",0.0325301613860396,-3.42558757736441,2454
"TT_2455",0.0325232360731047,-3.42580048901027,2455
"TT_2456",0.032516392946957,-3.42601091844463,2456
"TT_2457",0.0325096304621032,-3.42621891163024,2457
"TT_2458",0.0325029471115221,-3.42642451340313,2458
"TT_2459",0.0324963414258611,-3.42662776749506,2459
"TT_2460",0.0324898119719389,-3.42682871657737,2460
"TT_2461",0.0324833573519286,-3.42702740228406,2461
"TT_2462",0.0324769762019827,-3.42722386525207,2462
"TT_2463",0.0324706671914573,-3.42741814514325,2463
"TT_2464",0.0324644290217819,-3.42761028067729,2464
"TT_2465",0.0324582604255068,-3.42780030965934,2465
"TT_2466",0.032452160165445,-3.42798826900467,2466
"TT_2467",0.032446127033638,-3.42817419476896,2467
"TT_2468",0.032440159850675,-3.42835812216769,2468
"TT_2469",0.0324342574647532,-3.42854008560358,2469
"TT_2470",0.0324284187508343,-3.42872011869118,2470
"TT_2471",0.0324226426100589,-3.42889825427353,2471
"TT_2472",0.0324169279686708,-3.42907452445397,2472
"TT_2473",0.0324112737776772,-3.42924896060539,2473
"TT_2474",0.0324056790118679,-3.4294215933992,2474
"TT_2475",0.0324001426692302,-3.42959245282224,2475
"TT_2476",0.0323946637703502,-3.42976156819411,2476
"TT_2477",0.495224968736741,-0.702743137362798,2477
"TT_2478",0.096664421080705,-2.33650987513916,2478
"TT_2479",0.0631628560492014,-2.76203887134534,2479
"TT_2480",0.0516040061224965,-2.96415597147542,2480
"TT_2481",0.0458589037578646,-3.08218590594047,2481
"TT_2482",0.0424669933232613,-3.15902813247125,2482
"TT_2483",0.0402480553773631,-3.21269358989059,2483
"TT_2484",0.0386933446818241,-3.25208766578118,2484
"TT_2485",0.0375489839621061,-3.28210895940422,2485
"TT_2486",0.0366747516404468,-3.30566672687931,2486
"TT_2487",0.0359871758701414,-3.32459262981893,2487
"TT_2488",0.0354336124266152,-3.34009440575909,2488
"TT_2489",0.0349792971365247,-3.35299890288902,2489
"TT_2490",0.0346003953915969,-3.36389016948095,2490
"TT_2491",0.0342800477286818,-3.37319179293492,2491
"TT_2492",0.034006009519295,-3.38121801941702,2492
"TT_2493",0.0337691842659564,-3.38820660045958,2493
"TT_2494",0.0335626803575494,-3.39434053294576,2494
"TT_2495",0.0333811862188314,-3.39976282456646,2495
"TT_2496",0.0332205455387079,-3.4045867529358,2496
"TT_2497",0.03307746186393,-3.40890313897922,2497
"TT_2498",0.0329492889681512,-3.41278559738174,2498
"TT_2499",0.0328338793810752,-3.4162943887148,2499
"TT_2500",0.0327294731512373,-3.41947928741384,2500
"TT_2501",0.0785818062407846,-2.54361507910449,2501
"TT_2502",0.0382370452975821,-3.26395046110685,2502
"TT_2503",0.0344395249345846,-3.36855039351935,2503
"TT_2504",0.0331753980425519,-3.40594670056751,2504
"TT_2505",0.0325555843263395,-3.42480636355746,2505
"TT_2506",0.0322671513191004,-3.43370555326046,2506
"TT_2507",0.0322488369018501,-3.43427330144963,2507
"TT_2508",0.0322447867259565,-3.43439890071576,2508
"TT_2509",0.0322407710841566,-3.43452344462734,2509
"TT_2510",0.0322367894931688,-3.43464694777967,2510
"TT_2511",0.0322328414786152,-3.4347694245024,2511
"TT_2512",0.032228926575116,-3.4348908888563,2512
"TT_2513",0.0322250443259635,-3.43501135464306,2513
"TT_2514",0.0322211942829039,-3.43513083541175,2514
"TT_2515",0.0322173760059334,-3.43524934446488,2515
"TT_2516",0.0322135890632842,-3.43536689485853,2516
"TT_2517",0.0322098330308938,-3.43548349941857,2517
"TT_2518",0.0322061074925548,-3.43559917073573,2518
"TT_2519",0.0682240761070025,-2.68495775433355,2519
"TT_2520",0.0363714610559421,-3.31397084878181,2520
"TT_2521",0.0335543691694969,-3.39458819544444,2521
"TT_2522",0.0325979356699748,-3.42350631562137,2522
"TT_2523",0.0321879231627624,-3.43616395384033,2523
"TT_2524",0.0321843722590565,-3.43627427781391,2524
"TT_2525",0.0321808491379889,-3.43638375063151,2525
"TT_2526",0.0321773534392223,-3.43649238321073,2526
"TT_2527",0.0321738848087088,-3.43660018628061,2527
"TT_2528",0.0321704428985538,-3.43670717038569,2528
"TT_2529",0.0321670273669889,-3.43681334588666,2529
"TT_2530",0.0321636378780177,-3.43691872297118,2530
"TT_2531",0.0321602741016066,-3.43702331164778,2531
"TT_2532",0.0321569357131812,-3.43712712176138,2532
"TT_2533",0.0321536223938573,-3.43723016298585,2533
"TT_2534",0.0321503338300466,-3.43733244483619,2534
"TT_2535",0.0321470697135789,-3.43743397666456,2535
"TT_2536",0.032143829741389,-3.43753476766982,2536
"TT_2537",0.0321406136155306,-3.43763482689701,2537
"TT_2538",0.0321374210430533,-3.43773416324096,2538
"TT_2539",0.032134251735799,-3.43783278545258,2539
"TT_2540",0.0321311054105512,-3.43793070213398,2540
"TT_2541",0.0321279817885176,-3.43802792175449,2541
"TT_2542",0.0321248805956845,-3.43812445263951,2542
"TT_2543",0.0321218015625307,-3.43822030297926,2543
"TT_2544",0.0321187444237005,-3.43831548083883,2544
"TT_2545",0.0321157089184262,-3.43840999414497,2545
"TT_2546",0.0321126947899833,-3.43850385070285,2546
"TT_2547",0.0652424105066513,-2.72964555361865,2547
"TT_2548",0.0404037452935606,-3.20883279302575,2548
"TT_2549",0.0353515830965832,-3.34241210414632,2549
"TT_2550",0.0340437069205694,-3.38011008224688,2550
"TT_2551",0.0334535716888663,-3.39759672116148,2551
"TT_2552",0.0331217627565824,-3.40756472755463,2552
"TT_2553",0.0329106997440423,-3.41395745389978,2553
"TT_2554",0.0327652526117959,-3.41838669671433,2554
"TT_2555",0.0326591918635178,-3.42162893566764,2555
"TT_2556",0.0325785135271573,-3.42410230216656,2556
"TT_2557",0.0325150907849925,-3.4260509655692,2557
"TT_2558",0.032463898971877,-3.42762660790829,2558
"TT_2559",0.0324216724766966,-3.42892817619841,2559
"TT_2560",0.0323862014847366,-3.43002282699726,2560
"TT_2561",0.0323559398875429,-3.43095766167391,2561
"TT_2562",0.0323297751548783,-3.4317666419588,2562
"TT_2563",0.0323068873486753,-3.4324748408748,2563
"TT_2564",0.0322866595498439,-3.43310115110125,2564
"TT_2565",0.0322686191424078,-3.4336600645866,2565
"TT_2566",0.0322523982649099,-3.43416287370187,2566
"TT_2567",0.0322377065295292,-3.43461850129565,2567
"TT_2568",0.0322243118019506,-3.43503408641439,2568
"TT_2569",0.0322120264034754,-3.43541540537094,2569
"TT_2570",0.0322006970372855,-3.4357671795454,2570
"TT_2571",0.0321901973204245,-3.43609330382303,2571
"TT_2572",0.032180422171103,-3.43639701845166,2572
"TT_2573",0.0321712835363821,-3.43668103997624,2573
"TT_2574",0.0321627071029734,-3.4369476621265,2574
"TT_2575",0.0321546297379437,-3.4371988343755,2575
"TT_2576",0.0321469974773388,-3.43743622372228,2576
"TT_2577",0.0321397639319126,-3.43766126369313,2577
"TT_2578",0.0321328890121901,-3.43787519355082,2578
"TT_2579",0.0321263379011741,-3.4380790899048,2579
"TT_2580",0.032120080220828,-3.43827389237158,2580
"TT_2581",0.0321140893505944,-3.43846042456436,2581
"TT_2582",0.0321083418671831,-3.43863941135504,2582
"TT_2583",0.0321028170811933,-3.43881149315808,2583
"TT_2584",0.0320974966513455,-3.43897723782662,2584
"TT_2585",0.0320923642621128,-3.43913715059697,2585
"TT_2586",0.0320874053526884,-3.43929168245223,2586
"TT_2587",0.0320826068878827,-3.4394412371943,2587
"TT_2588",0.032077957164212,-3.43958617743127,2588
"TT_2589",0.032073445644167,-3.43972682969622,2589
"TT_2590",0.0320690628150128,-3.43986348880939,2590
"TT_2591",0.0320648000670565,-3.43999642163991,2591
"TT_2592",0.0320606495891495,-3.4401258703357,2592
"TT_2593",0.0320566042779805,-3.4402520551278,2593
"TT_2594",0.0320526576596473,-3.44037517675543,2594
"TT_2595",0.0320488038212357,-3.44049541858229,2595
"TT_2596",0.0320450373511234,-3.44061294844312,2596
"TT_2597",0.0320413532868132,-3.44072792025781,2597
"TT_2598",0.0320377470688918,-3.44084047545616,2598
"TT_2599",0.0320342145007204,-3.44095074422548,2599
"TT_2600",0.0320307517128889,-3.4410588466109,2600
"TT_2601",0.0320273551313882,-3.44116489350086,2601
"TT_2602",0.032024021449947,-3.4412689874836,2602
"TT_2603",0.0320207476049694,-3.44137122362338,2603
"TT_2604",0.0320175307534673,-3.44147169014394,2604
"TT_2605",0.0320143682531436,-3.44157046904556,2605
"TT_2606",0.0320112576449807,-3.44166763664437,2606
"TT_2607",0.0320081966370538,-3.44176326407399,2607
"TT_2608",0.0320051830905498,-3.44185741771871,2608
"TT_2609",0.0320022150067256,-3.44195015961776,2609
"TT_2610",0.031999290515636,-3.44204154781458,2610
"TT_2611",0.0319964078654334,-3.44213163668859,2611
"TT_2612",0.0319935654131107,-3.44222047724216,2612
"TT_2613",0.0319907616158837,-3.44230811736777,2613
"TT_2614",0.0319879950235134,-3.44239460208605,2614
"TT_2615",0.0319852642711858,-3.44247997376664,2615
"TT_2616",0.0319825680731816,-3.44256427232443,2616
"TT_2617",0.0319799052168728,-3.44264753540584,2617
"TT_2618",0.0319772745577809,-3.44272979854197,2618
"TT_2619",0.0319746750141586,-3.44281109531685,2619
"TT_2620",0.031972105563015,-3.44289145749058,2620
"TT_2621",0.0319695652358812,-3.44297091513075,2621
"TT_2622",0.0319670531148491,-3.44304949673541,2622
"TT_2623",0.0319645683295222,-3.44312722932758,2623
"TT_2624",0.0319621100535981,-3.44320413856133,2624
"TT_2625",0.0319596775019962,-3.44328024881094,2625
"TT_2626",0.0319572699282442,-3.44335558325196,2626
"TT_2627",0.0319548866219728,-3.44343016393899,2627
"TT_2628",0.0319525269065743,-3.44350401187835,2628
"TT_2629",0.0319501901372424,-3.4435771470889,2629
"TT_2630",0.0319478756989165,-3.44364958866586,2630
"TT_2631",0.0319455830043618,-3.44372135484043,2631
"TT_2632",0.0319433114927541,-3.44379246302368,2632
"TT_2633",0.0319410606279778,-3.44386292985939,2633
"TT_2634",0.0319388298971147,-3.443932771271,2634
"TT_2635",0.0319366188091644,-3.44400200250134,2635
"TT_2636",0.031934426893969,-3.44407063814593,2636
"TT_2637",0.0319322537006609,-3.44413869220131,2637
"TT_2638",0.0319300987970095,-3.44420617808518,2638
"TT_2639",0.0319279617680055,-3.4442731086805,2639
"TT_2640",0.0319258422152752,-3.44433949635355,2640
"TT_2641",0.0319237397559779,-3.44440535298826,2641
"TT_2642",0.0319216540219758,-3.44447069001195,2642
"TT_2643",0.0319195846591937,-3.44453551841521,2643
"TT_2644",0.0319175313268297,-3.44459984877641,2644
"TT_2645",0.0319154936966337,-3.44466369128414,2645
"TT_2646",0.0319134714522808,-3.44472705575664,2646
"TT_2647",0.0319114642888818,-3.44478995165701,2647
"TT_2648",0.0319094719123021,-3.44485238811435,2648
"TT_2649",0.0319074940386717,-3.44491437393902,2649
"TT_2650",0.0319055303939087,-3.44497591763738,2650
"TT_2651",0.0319035807131885,-3.44503702742835,2651
"TT_2652",0.0319016447406715,-3.44509771125177,2652
"TT_2653",0.0318997222288631,-3.4451579767884,2653
"TT_2654",0.0318978129383551,-3.44521783146785,2654
"TT_2655",0.0318959166374858,-3.44527728247918,2655
"TT_2656",0.0318940331019034,-3.44533633678446,2656
"TT_2657",0.0318921621142948,-3.4453950011272,2657
"TT_2658",0.0318903034640854,-3.44545328204165,2658
"TT_2659",0.0318884569470445,-3.44551118586511,2659
"TT_2660",0.0318866223651765,-3.44556871874122,2660
"TT_2661",0.215916455107305,-1.53286372802801,2661
"TT_2662",0.143762013982176,-1.93959602726873,2662
"TT_2663",0.0609320882604638,-2.79799534220115,2663
"TT_2664",0.0475308536209694,-3.04637622889264,2664
"TT_2665",0.0421128010776083,-3.16740352091062,2665
"TT_2666",0.0392309498253599,-3.23828930734437,2666
"TT_2667",0.0374624658986157,-3.2844157566203,2667
"TT_2668",0.0362760318980819,-3.3165980340808,2668
"TT_2669",0.0354298158873836,-3.3402015566358,2669
"TT_2670",0.0347986147125438,-3.35817770010484,2670
"TT_2671",0.0343114032053276,-3.37227752509533,2671
"TT_2672",0.0339250312890831,-3.38360215095999,2672
"TT_2673",0.0336118441804584,-3.39287676875762,2673
"TT_2674",0.033353340461034,-3.40059734788741,2674
"TT_2675",0.0331366980408242,-3.40711390861573,2675
"TT_2676",0.0329527645967467,-3.41268011876884,2676
"TT_2677",0.0551422658391867,-2.89783878175367,2677
"TT_2678",0.0417776907012277,-3.17539279720976,2678
"TT_2679",0.0354265873806229,-3.34029268479399,2679
"TT_2680",0.0340787671518305,-3.3790807527977,2680
"TT_2681",0.0334621151926596,-3.39734136986082,2681
"TT_2682",0.0330950200868419,-3.40837245846652,2682
"TT_2683",0.0328440639589828,-3.41598425178081,2683
"TT_2684",0.0326574819874912,-3.42168129216181,2684
"TT_2685",0.0325108968379808,-3.42617995852019,2685
"TT_2686",0.0323912426681311,-3.42986718073889,2686
"TT_2687",0.0322908287525115,-3.43297202862272,2687
"TT_2688",0.0322047940004679,-3.43563995551149,2688
"TT_2689",0.0321298889460416,-3.43796856225494,2689
"TT_2690",0.0320638414220266,-3.44002631920229,2690
"TT_2691",0.0320050030430693,-3.44186304330712,2691
"TT_2692",0.0319521409023968,-3.44351609250378,2692
"TT_2693",0.0319043089660324,-3.44501420100837,2693
"TT_2694",0.0318607654515457,-3.4463799493166,2694
"TT_2695",0.0318287300576766,-3.44738593613796,2695
"TT_2696",0.0318272294198118,-3.44743308452367,2696
"TT_2697",0.0318257361040012,-3.44748000506535,2697
"TT_2698",0.0318242500315719,-3.44752670020292,2698
"TT_2699",0.0318227711252671,-3.44757317233243,2699
"TT_2700",0.0318212993093408,-3.44761942380304,2700
"TT_2701",0.0318198345095174,-3.44766545691828,2701
"TT_2702",0.0318183766527875,-3.44771127394247,2702
"TT_2703",0.0318169256675981,-3.44775687709471,2703
"TT_2704",0.0318154814836761,-3.4478022685544,2704
"TT_2705",0.0318140440320007,-3.44784745046214,2705
"TT_2706",0.0318126132448308,-3.44789242491881,2706
"TT_2707",0.0318111890555144,-3.44793719399155,2707
"TT_2708",0.0318097713987744,-3.4479817597048,2708
"TT_2709",0.0318083602102733,-3.44802612405395,2709
"TT_2710",0.0318069554269257,-3.44807028899548,2710
"TT_2711",0.0318055569866401,-3.44811425645511,2711
"TT_2712",0.283639641176833,-1.2600507156126,2712
"TT_2713",0.0902110310781607,-2.40560356362433,2713
"TT_2714",0.0551272459045258,-2.89811120401285,2714
"TT_2715",0.0457037458002589,-3.0855750194462,2715
"TT_2716",0.0414088852260901,-3.18425980219055,2716
"TT_2717",0.038984829459059,-3.24458269675729,2717
"TT_2718",0.0374415342944051,-3.2849746481268,2718
"TT_2719",0.0363791006385365,-3.31376082751339,2719
"TT_2720",0.130653092666759,-2.03520961590831,2720
"TT_2721",0.0472254534857008,-3.05282226297893,2721
"TT_2722",0.0384642794951935,-3.25802527368582,2722
"TT_2723",0.0356501822766712,-3.3340010191848,2723
"TT_2724",0.0342892593775065,-3.37292311153011,2724
"TT_2725",0.0336425697986058,-3.39196305563554,2725
"TT_2726",0.0334302961032128,-3.39829272117946,2726
"TT_2727",0.0332485261385136,-3.40374483952397,2727
"TT_2728",0.0330911840329873,-3.40848837548911,2728
"TT_2729",0.0329536928945533,-3.4126519486064,2729
"TT_2730",0.032832542363107,-3.41633511022613,2730
"TT_2731",0.0327249970386288,-3.41961605767881,2731
"TT_2732",0.0326288951694134,-3.42255702830003,2732
"TT_2733",0.0325425067068136,-3.42520814552969,2733
"TT_2734",0.0324644313258372,-3.42761020970561,2734
"TT_2735",0.0323935239159896,-3.42979675529847,2735
"TT_2736",0.0323288393097522,-3.43179558922696,2736
"TT_2737",0.0322695907128831,-3.43362995620654,2737
"TT_2738",0.0322151180447562,-3.43531943211899,2738
"TT_2739",0.0321648635473387,-3.43688061639963,2739
"TT_2740",0.0321183527945049,-3.43832767407958,2740
"TT_2741",0.0320751797611796,-3.43967276409459,2741
"TT_2742",0.0320349949781137,-3.44092638065365,2742
"TT_2743",0.0319974960556825,-3.44209762750389,2743
"TT_2744",0.0319624200436155,-3.4431944399365,2744
"TT_2745",0.0319295372261065,-3.44422376574893,2745
"TT_2746",0.0318986460482454,-3.44519171372077,2746
"TT_2747",0.031869568941058,-3.44610367618381,2747
"TT_2748",0.031842148865335,-3.4469644307941,2748
"TT_2749",0.0318162464344093,-3.44777822549418,2749
"TT_2750",0.0317917375061116,-3.44854884980869,2750
"TT_2751",0.0317685111573141,-3.44927969496174,2751
"TT_2752",0.0317530354650082,-3.44976695301621,2752
"TT_2753",0.0317518584686618,-3.44980402091047,2753
"TT_2754",0.0317506858792567,-3.44984095138049,2754
"TT_2755",0.0317495176639299,-3.44987774544608,2755
"TT_2756",0.0317483537903763,-3.44991440410966,2756
"TT_2757",0.0317471942265768,-3.44995092836485,2757
"TT_2758",0.0317460389409071,-3.44998731919304,2758
"TT_2759",0.0317448879021514,-3.45002357756295,2759
"TT_2760",0.031743741079434,-3.45005970443278,2760
"TT_2761",0.0317425984423015,-3.45009570074762,2761
"TT_2762",0.0317414599606134,-3.45013156744288,2762
"TT_2763",0.0317403256045968,-3.45016730544258,2763
"TT_2764",0.0317391953448057,-3.45020291566063,2764
"TT_2765",0.0317380691521886,-3.45023839899867,2765
"TT_2766",0.0317369469979937,-3.45027375634911,2766
"TT_2767",0.0317358288537823,-3.45030898859463,2767
"TT_2768",0.0317347146914833,-3.45034409660654,2768
"TT_2769",0.0317336044833113,-3.45037908124727,2769
"TT_2770",0.0317324982017807,-3.45041394337001,2770
"TT_2771",0.0317313958198139,-3.45044868381523,2771
"TT_2772",0.031730297310497,-3.45048330341842,2772
"TT_2773",0.0317292026472699,-3.45051780300407,2773
"TT_2774",0.0317281118039402,-3.45055218338526,2774
"TT_2775",0.0317270247545195,-3.45058644536875,2775
"TT_2776",0.0317259414732646,-3.45062058975378,2776
"TT_2777",0.0317248619348543,-3.4506546173264,2777
"TT_2778",0.0317237861140899,-3.45068852886897,2778
"TT_2779",0.031722713986181,-3.4507223251511,2779
"TT_2780",0.0317216455264736,-3.45075600693829,2780
"TT_2781",0.0317205807106946,-3.45078957498412,2781
"TT_2782",0.0317195195147072,-3.45082303003806,2782
"TT_2783",0.0317184619147558,-3.45085637283768,2783
"TT_2784",0.0317174078872343,-3.45088960411597,2784
"TT_2785",0.0317163574088501,-3.45092272459619,2785
"TT_2786",0.0317153104565145,-3.45095573499528,2786
"TT_2787",0.0317142670073567,-3.45098863602347,2787
"TT_2788",0.0317132270388327,-3.45102142838078,2788
"TT_2789",0.0317121905285209,-3.45105411276353,2789
"TT_2790",0.0317111574542993,-3.4510866898587,2790
"TT_2791",0.03171012779425,-3.45111916034697,2791
"TT_2792",0.0317091015266867,-3.45115152490183,2792
"TT_2793",0.0317080786301,-3.45118378419133,2793
"TT_2794",0.0317070590832526,-3.45121593887503,2794
"TT_2795",0.0317060428651116,-3.45124798960618,2795
"TT_2796",0.0317050299547666,-3.45127993703429,2796
"TT_2797",0.0317040203316339,-3.45131178179866,2797
"TT_2798",0.0317030139752932,-3.45134352453358,2798
"TT_2799",0.0317020108654874,-3.45137516586826,2799
"TT_2800",0.031701010982191,-3.45140670642476,2800
"TT_2801",0.0317000143055419,-3.45143814682008,2801
"TT_2802",0.0316990208159228,-3.45146948766359,2802
"TT_2803",0.361010440601073,-1.01884839973486,2803
"TT_2804",0.309827260288871,-1.17174036168503,2804
"TT_2805",0.10544088408691,-2.24960482352381,2805
"TT_2806",0.0683532916967473,-2.6830655575461,2806
"TT_2807",0.114491176647872,-2.16725751880102,2807
"TT_2808",0.075574945131876,-2.5826304643258,2808
"TT_2809",0.0530367526336392,-2.93677015983482,2809
"TT_2810",0.0469090481351132,-3.05954469814772,2810
"TT_2811",0.0955859057008116,-2.34772989970147,2811
"TT_2812",0.0572614427102087,-2.86012778385227,2812
"TT_2813",0.0947310486768198,-2.35671346899003,2813
"TT_2814",0.118414549975513,-2.13356367577569,2814
"TT_2815",0.230762192738938,-1.46636756738977,2815
"TT_2816",0.117377648385933,-2.14235877824983,2816
"TT_2817",0.0652955038456721,-2.72883209888848,2817
"TT_2818",0.0535658607525389,-2.92684334008768,2818
"TT_2819",0.0481073116376987,-3.03432110432287,2819
"TT_2820",0.0448819658413999,-3.10371921655675,2820
"TT_2821",0.0427239914174029,-3.15299465663939,2821
"TT_2822",0.0411654172387856,-3.19015676251764,2822
"TT_2823",0.0399800027214388,-3.21937588183988,2823
"TT_2824",0.0390442019486905,-3.2430608913467,2824
"TT_2825",0.0382844452889886,-3.26271159351278,2825
"TT_2826",0.0376539851535318,-3.27931648296631,2826
"TT_2827",0.0371215786101919,-3.29355684475417,2827
"TT_2828",0.0366654840836406,-3.30591945464229,2828
"TT_2829",0.0362700636510901,-3.31676257076496,2829
"TT_2830",0.0359237559070035,-3.32635647790191,2830
"TT_2831",0.0356178124034107,-3.33490941784627,2831
"TT_2832",0.0353454803917138,-3.34258474794744,2832
"TT_2833",0.0351014572482621,-3.34951263232762,2833
"TT_2834",0.0348815161664179,-3.35579821281216,2834
"TT_2835",0.0346822431404567,-3.36152744806416,2835
"TT_2836",0.0345008482196807,-3.36677136916935,2836
"TT_2837",0.0343350275067818,-3.37158923578031,2837
"TT_2838",0.034182860560708,-3.37603091372849,2838
"TT_2839",0.0340427329695846,-3.38013869149672,2839
"TT_2840",0.0339132771228859,-3.38394868573039,2840
"TT_2841",0.0337933263457136,-3.38749194138116,2841
"TT_2842",0.0336818789812314,-3.39079530193521,2842
"TT_2843",0.0335780699744047,-3.39388210443405,2843
"TT_2844",0.0334811481783102,-3.39677273949519,2844
"TT_2845",0.0333904580731584,-3.39948510624801,2845
"TT_2846",0.0333054249218227,-3.40203498469898,2846
"TT_2847",0.0332255426262575,-3.4044363426499,2847
"TT_2848",0.0331503637247714,-3.40670159032082,2848
"TT_2849",0.0330794910997295,-3.40884179287093,2849
"TT_2850",0.0330125710619162,-3.41086684878517,2850
"TT_2851",0.0329492875505863,-3.41278564040437,2851
"TT_2852",0.0328893572435642,-3.41460616158191,2852
"TT_2853",0.032832525414184,-3.41633562644955,2853
"TT_2854",0.0327785624046249,-3.41798056249682,2854
"TT_2855",0.0327272606107332,-3.41954689055802,2855
"TT_2856",0.032678431893427,-3.42103999381885,2856
"TT_2857",0.0326319053476002,-3.42246477757172,2857
"TT_2858",0.0325875253719762,-3.42382572114281,2858
"TT_2859",0.0325451499934088,-3.42512692316801,2859
"TT_2860",0.0325046494072011,-3.42637214119525,2860
"TT_2861",0.0324659047015199,-3.42756482642953,2861
"TT_2862",0.174430285378957,-1.74623012788764,2862
"TT_2863",0.0744308584442181,-2.59788465909873,2863
"TT_2864",0.0471541161646039,-3.0543339743577,2864
"TT_2865",0.0407433739275506,-3.20046205552146,2865
"TT_2866",0.0379339870480914,-3.27190781285278,2866
"TT_2867",0.0363808872439244,-3.31371171795633,2867
"TT_2868",0.0354054981730835,-3.3408881552788,2868
"TT_2869",0.0347408402489712,-3.35983933167494,2869
"TT_2870",0.0342613654439264,-3.37373693154101,2870
"TT_2871",0.0675569436789897,-2.69478442668351,2871
"TT_2872",0.0371123134126539,-3.29380646651948,2872
"TT_2873",0.0338867002045317,-3.38473266592516,2873
"TT_2874",0.0332142867530645,-3.40477517173498,2874
"TT_2875",0.0330632493021646,-3.40933290641696,2875
"TT_2876",0.0329361836817916,-3.41318341759932,2876
"TT_2877",0.0328279255406156,-3.41647573738419,2877
"TT_2878",0.0327346760374351,-3.41932033365752,2878
"TT_2879",0.0326535817543123,-3.42180072776614,2879
"TT_2880",0.0325824599975791,-3.42398117228734,2880
"TT_2881",0.0325196141655264,-3.42591185890162,2881
"TT_2882",0.0324637066257824,-3.42763253284863,2882
"TT_2883",0.058118757140431,-2.84526682487844,2883
"TT_2884",0.0363407598673257,-3.3148153062898,2884
"TT_2885",0.0332451239326391,-3.40384717127667,2885
"TT_2886",0.03234468318348,-3.43130562444898,2886
"TT_2887",0.0322571521036164,-3.43401548967306,2887
"TT_2888",0.0322262318095852,-3.4349745056094,2888
"TT_2889",0.0321978108102421,-3.43585681600257,2889
"TT_2890",0.0321716005483002,-3.43667118614632,2890
"TT_2891",0.0321473545931351,-3.4374251149457,2891
"TT_2892",0.0321248612927568,-3.43812505351127,2892
"TT_2893",0.0321039379031377,-3.43877658026006,2893
"TT_2894",0.0320844258608221,-3.43938454225729,2894
"TT_2895",0.032066186948271,-3.43995317012362,2895
"TT_2896",0.0320491001620495,-3.4404861720767,2896
"TT_2897",0.0320330591388828,-3.4409868113709,2897
"TT_2898",0.0320179700270947,-3.44145797045339,2898
"TT_2899",0.0320037497168031,-3.44190220439719,2899
"TT_2900",0.0319903243605077,-3.44232178563768,2900
"TT_2901",0.0319776281295995,-3.44271874163144,2901
"TT_2902",0.0319656021653545,-3.4430948866692,2902
"TT_2903",0.031954193688988,-3.44345184890085,2903
"TT_2904",0.0319433552437328,-3.44379109338019,2904
"TT_2905",0.0319330440471743,-3.44411394177999,2905
"TT_2906",0.0319232214349188,-3.44442158934625,2906
"TT_2907",0.0319138523816543,-3.44471511950894,2907
"TT_2908",0.0319049050869858,-3.44499551652957,2908
"TT_2909",0.0318963506160775,-3.44526367648552,2909
"TT_2910",0.0318881625873715,-3.44552041682388,2910
"TT_2911",0.0318803168994728,-3.44576648472456,2911
"TT_2912",0.0318727914926664,-3.44600256440855,2912
"TT_2913",0.0318655661391601,-3.44622928357126,2913
"TT_2914",0.0318586222586476,-3.44644721904331,2914
"TT_2915",0.0318519427555994,-3.44665690178812,2915
"TT_2916",0.0318455118753263,-3.44685882132579,2916
"TT_2917",0.0318393150762439,-3.44705342966183,2917
"TT_2918",0.0318333389164846,-3.44724114477663,2918
"TT_2919",0.0318275709529265,-3.44742235373471,2919
"TT_2920",0.0318219996509755,-3.4475974154645,2920
"TT_2921",0.0587966242030936,-2.83367083723767,2921
"TT_2922",0.0362110672017664,-3.31839048306871,2922
"TT_2923",0.0333691252661778,-3.40012419974259,2923
"TT_2924",0.0325070753252666,-3.42629751102426,2924
"TT_2925",0.0320978544153319,-3.43896609172397,2925
"TT_2926",0.0318617053199676,-3.44635045050996,2926
"TT_2927",0.0317876952614893,-3.44867600553977,2927
"TT_2928",0.0317833678759882,-3.44881214878779,2928
"TT_2929",0.031779163282009,-3.44894444666545,2929
"TT_2930",0.0317750757033584,-3.44907307942768,2930
"TT_2931",0.0317710997180678,-3.44919821631497,2931
"TT_2932",0.0317672302321876,-3.44932001636506,2932
"TT_2933",0.0317634624553367,-3.4494386291708,2933
"TT_2934",0.0317597918787852,-3.44955419555965,2934
"TT_2935",0.0317562142552653,-3.44966684821971,2935
"TT_2936",0.0317527255802525,-3.44977671228059,2936
"TT_2937",0.0317493220753027,-3.44988390583036,2937
"TT_2938",0.0317460001723015,-3.44998854040458,2938
"TT_2939",0.0317427564992104,-3.45009072142888,2939
"TT_2940",0.0317395878668212,-3.45019054863039,2940
"TT_2941",0.0317364912568439,-3.45028811640781,2941
"TT_2942",0.0317334638104306,-3.45038351418815,2942
"TT_2943",0.031730502818183,-3.45047682673721,2943
"TT_2944",0.0317276057103098,-3.4505681344658,2944
"TT_2945",0.0317247700480369,-3.45065751369678,2945
"TT_2946",0.0317219935153025,-3.45074503692351,2946
"TT_2947",0.0317192739112975,-3.45083077304187,2947
"TT_2948",0.0317166091433996,-3.45091478757028,2948
"TT_2949",0.0317139972206662,-3.4509971428522,2949
"TT_2950",0.0317114362477493,-3.45107789824569,2950
"TT_2951",0.031708924419368,-3.45115711029545,2951
"TT_2952",0.0317064600149451,-3.45123483290003,2952
"TT_2953",0.0317040413938423,-3.45131111746016,2953
"TT_2954",0.0317016669907313,-3.45138601302312,2954
"TT_2955",0.060855939570136,-2.79924585428526,2955
"TT_2956",0.0349580277108718,-3.35360714537913,2956
"TT_2957",0.0330694855665939,-3.40914430800317,2957
"TT_2958",0.0323856954895281,-3.43003845090924,2958
"TT_2959",0.0320380684030638,-3.44083044564476,2959
"TT_2960",0.0318295883051353,-3.44735897194912,2960
"TT_2961",0.0316914020383842,-3.45170986396121,2961
"TT_2962",0.0316840975241226,-3.45194037936052,2962
"TT_2963",0.0316820611803946,-3.45200465163993,2963
"TT_2964",0.0316800567361003,-3.45206792112526,2964
"TT_2965",0.0316780832274134,-3.45213021805155,2965
"TT_2966",0.03167613972951,-3.452191571433,2966
"TT_2967",0.0316742253547589,-3.45225200911949,2967
"TT_2968",0.0316723392508011,-3.4523115578565,2968
"TT_2969",0.0316704805988492,-3.45237024333836,2969
"TT_2970",0.0316686486120936,-3.45242809025791,2970
"TT_2971",0.0316668425341785,-3.45248512235423,2971
"TT_2972",0.0316650616375951,-3.45254136246281,2972
"TT_2973",0.031663305222552,-3.45259683255089,2973
"TT_2974",0.0316615726155046,-3.45265155376337,2974
"TT_2975",0.0316598631680933,-3.45270554645607,2975
"TT_2976",0.0316581762557688,-3.45275883023871,2976
"TT_2977",0.0316565112769342,-3.4528114240017,2977
"TT_2978",0.0316548676517743,-3.45286334595279,2978
"TT_2979",0.031653244821357,-3.45291461364517,2979
"TT_2980",0.0316516422465991,-3.45296524400982,2980
"TT_2981",0.0316500594075712,-3.45301525337725,2981
"TT_2982",0.0316484958024504,-3.45306465751028,2982
"TT_2983",0.0316469509468796,-3.4531134716241,2983
"TT_2984",0.0316454243732603,-3.45316171040837,2984
"TT_2985",0.03164391562984,-3.45320938805584,2985
"TT_2986",0.0316424242802225,-3.45325651827762,2986
"TT_2987",0.0316409499026867,-3.45330311432453,2987
"TT_2988",0.0316394920895338,-3.45334918900755,2988
"TT_2989",0.0316380504465695,-3.45339475471402,2989
"TT_2990",0.031636624592437,-3.45343982342854,2990
"TT_2991",0.0316352141582905,-3.45348440674315,2991
"TT_2992",0.0316338187870736,-3.45352851588003,2992
"TT_2993",0.0316324381332195,-3.45357216170078,2993
"TT_2994",0.0316310718621342,-3.45361535472265,2994
"TT_2995",0.0316297196497468,-3.45365810513267,2995
"TT_2996",0.0316283811820196,-3.45370042280297,2996
"TT_2997",0.0316270561548666,-3.45374231729327,2997
"TT_2998",0.0316257442733636,-3.45378379787577,2998
"TT_2999",0.0316244452516529,-3.45382487353802,2999
"TT_3000",0.0316231588125897,-3.45386555299402,3000
"TT_3001",0.0316218846873198,-3.45390584469751,3001
"TT_3002",0.0316206226150073,-3.45394575685048,3002
"TT_3003",0.0316193723425625,-3.45398529741166,3003
"TT_3004",0.0316181336243559,-3.45402447410555,3004
"TT_3005",0.0316169062218779,-3.45406329443305,3005
"TT_3006",0.031615689903589,-3.45410176567616,3006
"TT_3007",0.0316144844446205,-3.45413989490737,3007
"TT_3008",0.0316132896264066,-3.45417768900124,3008
"TT_3009",0.0316121052367526,-3.45421515463215,3009
"TT_3010",0.0316109310693044,-3.45425229829108,3010
"TT_3011",0.0316097669235748,-3.45428912628465,3011
"TT_3012",0.0316086126045633,-3.45432564474717,3012
"TT_3013",0.0316074679226738,-3.45436185964313,3013
"TT_3014",0.0316063326935379,-3.45439777677277,3014
"TT_3015",0.0316052067377287,-3.4544334017811,3015
"TT_3016",0.031604089880734,-3.45446874015866,3016
"TT_3017",0.0316029819526567,-3.45450379725102,3017
"TT_3018",0.0316018827882007,-3.45453857825912,3018
"TT_3019",0.0316007922263586,-3.45457308824914,3019
"TT_3020",0.0737927294838743,-2.60649506870744,3020
"TT_3021",0.0544949119188623,-2.90964794095812,3021
"TT_3022",0.0375795055236664,-3.28129644304862,3022
"TT_3023",0.0346894541959412,-3.36131955188208,3023
"TT_3024",0.0335091322248604,-3.39593727357359,3024
"TT_3025",0.0328780122608728,-3.41495116497461,3025
"TT_3026",0.0324892816992863,-3.42684503790852,3026
"TT_3027",0.0322276857714717,-3.43492938928626,3027
"TT_3028",0.0320405723679686,-3.44075229277273,3028
"TT_3029",0.0319006128546985,-3.44513005762985,3029
"TT_3030",0.0317922752532774,-3.44853193526862,3030
"TT_3031",0.031706109717919,-3.45124588108898,3031
"TT_3032",0.0316360528119958,-3.45345789696248,3032
"TT_3033",0.0315863467624187,-3.45503031623644,3033
"TT_3034",0.0315853684997454,-3.45506128777709,3034
"TT_3035",0.031584396756525,-3.45509205386325,3035
"TT_3036",0.0315834314278516,-3.4551226177975,3036
"TT_3037",0.0315824724114872,-3.45515298279843,3037
"TT_3038",0.0315815196074946,-3.45518315201232,3038
"TT_3039",0.0315805729182512,-3.45521312851264,3039
"TT_3040",0.031579632248421,-3.45524291530095,3040
"TT_3041",0.0315786975048328,-3.45527251531069,3041
"TT_3042",0.0315777685964529,-3.45530193140812,3042
"TT_3043",0.0315768454343164,-3.45533116639438,3043
"TT_3044",0.0315759279314193,-3.45536022300894,3044
"TT_3045",0.0315750160028127,-3.45538910392662,3045
"TT_3046",0.031574109565318,-3.45541781176657,3046
"TT_3047",0.0315732085376485,-3.45544634908839,3047
"TT_3048",0.0555539853275566,-2.89040002239958,3048
"TT_3049",0.0473729756042745,-3.04970334780074,3049
"TT_3050",0.0356348591035984,-3.33443093191297,3050
"TT_3051",0.033807031593563,-3.38708646281699,3051
"TT_3052",0.0330722695522369,-3.40906012560917,3052
"TT_3053",0.0326822081977525,-3.42092444096244,3053
"TT_3054",0.0324429348732025,-3.42827258301328,3054
"TT_3055",0.032282325217778,-3.43323540540579,3055
"TT_3056",0.03216763147098,-3.43679456583864,3056
"TT_3057",0.0320819275390951,-3.43946241240561,3057
"TT_3058",0.0320156233481382,-3.4415312656984,3058
"TT_3059",0.0319628980769436,-3.44317948394278,3059
"TT_3060",0.0319200239364968,-3.44452175651056,3060
"TT_3061",0.0318845084807384,-3.44563501470965,3061
"TT_3062",0.0318546252159135,-3.44657268879718,3062
"TT_3063",0.0318291422907409,-3.44737298461919,3063
"TT_3064",0.03180715840528,-3.44806390744453,3064
"TT_3065",0.0317879996952659,-3.44866642849065,3065
"TT_3066",0.0317711527759715,-3.44919654631111,3066
"TT_3067",0.0317562200139244,-3.44966666688013,3067
"TT_3068",0.0317428888964342,-3.45008655049471,3068
"TT_3069",0.0317309105904643,-3.45046397570665,3069
"TT_3070",0.0317200846388239,-3.45080521390808,3070
"TT_3071",0.031710247844164,-3.45111537450014,3071
"TT_3072",0.0317012660675554,-3.45139865985684,3072
"TT_3073",0.0316930280901334,-3.45165855635314,3073
"TT_3074",0.0316854409591117,-3.45189797933611,3074
"TT_3075",0.031678426417421,-3.45211938443683,3075
"TT_3076",0.0316719181344522,-3.45232485397414,3076
"TT_3077",0.0316658595367628,-3.45251616468729,3077
"TT_3078",0.0316602020928359,-3.45269484132678,3078
"TT_3079",0.0316549039455569,-3.4528621994068,3079
"TT_3080",0.0316499288124426,-3.4530193796064,3080
"TT_3081",0.0316452450956404,-3.45316737562321,3081
"TT_3082",0.031640825155849,-3.45330705690793,3082
"TT_3083",0.0316366447164123,-3.45343918733132,3083
"TT_3084",0.0316326823714204,-3.45356444059951,3084
"TT_3085",0.0316289191771122,-3.45368341306371,3085
"TT_3086",1.70858931347356,0.535668067164469,3086
"TT_3087",0.704349308324861,-0.350480869281186,3087
"TT_3088",0.246290390741953,-1.40124398906272,3088
"TT_3089",0.15413846955105,-1.86990392763546,3089
"TT_3090",0.115260473669231,-2.16056072341039,3090
"TT_3091",0.0941638083267785,-2.36271937157635,3091
"TT_3092",0.0810635293295288,-2.51252211901195,3092
"TT_3093",0.0722054041124002,-2.6282403866822,3093
"TT_3094",0.0658517114324932,-2.72034986126736,3094
"TT_3095",0.0610923002228507,-2.79536944001163,3095
"TT_3096",0.0574064424176838,-2.85759874471287,3096
"TT_3097",0.0544756995375507,-2.91000055679195,3097
"TT_3098",0.0520949200618491,-2.95468783858794,3098
"TT_3099",0.0501262715605877,-2.99321002588489,3099
"TT_3100",0.0484738942094338,-3.02672988967764,3100
"TT_3101",0.0470691596412149,-3.05613727711246,3101
"TT_3102",0.0458617090340695,-3.08212473591292,3102
"TT_3103",0.0448137965141478,-3.10523922906542,3103
"TT_3104",0.0438966021553459,-3.12591836154695,3104
"TT_3105",0.0430877608065472,-3.14451629420599,3105
"TT_3106",0.042369664852254,-3.16132262439964,3106
"TT_3107",0.0417282730852824,-3.17657636828596,3107
"TT_3108",0.041152258553549,-3.19047646749527,3108
"TT_3109",0.0406323883255611,-3.20318978839259,3109
"TT_3110",0.0401610649964008,-3.2148572851156,3110
"TT_3111",0.202537213852818,-1.59683163720689,3111
"TT_3112",0.0541271489830426,-2.91641938937298,3112
"TT_3113",0.0425957505213968,-3.15600078370133,3113
"TT_3114",0.0386494317458378,-3.25322320662244,3114
"TT_3115",0.0383441238920487,-3.26115398606262,3115
"TT_3116",0.0380615880512099,-3.26854969304477,3116
"TT_3117",0.037799440661319,-3.27546097378568,3117
"TT_3118",0.037555614551255,-3.28193238994517,3118
"TT_3119",0.0373283086066073,-3.28800329630777,3119
"TT_3120",0.0371159466909852,-3.29370857177348,3120
"TT_3121",0.0369171439048594,-3.29907923136316,3121
"TT_3122",0.0367306787029596,-3.30414294115739,3122
"TT_3123",0.036555469722318,-3.30892445357744,3123
"TT_3124",0.036390556421647,-3.3134459769653,3124
"TT_3125",0.0362350828235068,-3.31772749069129,3125
"TT_3126",0.0360882837964638,-3.321787014895,3126
"TT_3127",0.0359494734283601,-3.32564084225587,3127
"TT_3128",0.0358180351294311,-3.32930373786217,3128
"TT_3129",0.0356934131735737,-3.33278911216159,3129
"TT_3130",0.0355751054410786,-3.33610917110117,3130
"TT_3131",0.0354626571688081,-3.33927504688496,3131
"TT_3132",0.0353556555493824,-3.34229691218347,3132
"TT_3133",0.0352537250483873,-3.34518408017553,3133
"TT_3134",0.0351565233309102,-3.34794509242768,3134
"TT_3135",0.0350637377074751,-3.35058779628731,3135
"TT_3136",0.0349750820242418,-3.35311941320842,3136
"TT_3137",0.0348902939338006,-3.35554659923308,3137
"TT_3138",0.0348091324939707,-3.35787549864225,3138
"TT_3139",0.0347313760497755,-3.36011179165271,3139
"TT_3140",0.0346568203600668,-3.36226073692748,3140
"TT_3141",0.0345852769371737,-3.36432720952566,3141
"TT_3142",0.0872309111159052,-2.43919652560812,3142
"TT_3143",0.0434999034839057,-3.13499655965075,3143
"TT_3144",0.0360673216034616,-3.32236804234188,3144
"TT_3145",0.0343259292844421,-3.37185425458628,3145
"TT_3146",0.0342670764928589,-3.37357025479237,3146
"TT_3147",0.0342103635106183,-3.37522665419061,3147
"TT_3148",0.0341556786023435,-3.37682642267939,3148
"TT_3149",0.0341029175543277,-3.37837233957467,3149
"TT_3150",0.0340519830585472,-3.37986700847756,3150
"TT_3151",0.0340027841554998,-3.38131287079206,3151
"TT_3152",0.033955235730121,-3.38271221801312,3152
"TT_3153",0.0339092580541377,-3.38406720293835,3153
"TT_3154",0.0338647763711945,-3.38537984987481,3154
"TT_3155",0.033821720518737,-3.38665206398673,3155
"TT_3156",0.0570198783117611,-2.86435532963245,3156
"TT_3157",0.0456128521307756,-3.08756575719948,3157
"TT_3158",0.0352603088196123,-3.34499734369534,3158
"TT_3159",0.0336624945101218,-3.39137098393031,3159
"TT_3160",0.0336256536909282,-3.3924660006267,3160
"TT_3161",0.0335898968913074,-3.39352994498731,3161
"TT_3162",0.0335551779728161,-3.39456409147254,3162
"TT_3163",0.0335214533371243,-3.39556964699538,3163
"TT_3164",0.033488681755479,-3.39654775528341,3164
"TT_3165",0.0334568242112762,-3.39749950092033,3165
"TT_3166",0.0334258437553219,-3.39842591307199,3166
"TT_3167",0.0333957053720245,-3.39932796894273,3167
"TT_3168",0.0333663758556335,-3.40020659698243,3168
"TT_3169",0.0333378236963351,-3.4010626798448,3169
"TT_3170",0.0333100189740395,-3.40189705715679,3170
"TT_3171",0.0332829332606755,-3.40271052807072,3171
"TT_3172",0.0332565395290623,-3.40350385365299,3172
"TT_3173",0.0332308120687226,-3.40427775909532,3173
"TT_3174",0.0332057264072509,-3.40503293578692,3174
"TT_3175",0.0331812592376849,-3.40577004323158,3175
"TT_3176",0.0331573883503702,-3.40648971085258,3176
"TT_3177",0.0331340925700104,-3.40719253966241,3177
"TT_3178",0.0331113516966123,-3.40787910383428,3178
"TT_3179",0.0330891464505817,-3.40854995216578,3179
"TT_3180",0.0330674584214414,-3.40920560944926,3180
"TT_3181",0.03304627001983,-3.40984657775755,3181
"TT_3182",0.0330255644328083,-3.41047333764309,3182
"TT_3183",0.0330053255817252,-3.41108634927181,3183
"TT_3184",0.0329855380832288,-3.41168605347299,3184
"TT_3185",0.032966187212142,-3.41227287274285,3185
"TT_3186",0.03294725886732,-3.4128472121673,3186
"TT_3187",0.0329287395390179,-3.41340946030738,3187
"TT_3188",0.0329106162786694,-3.41395999001962,3188
"TT_3189",0.0328928766702298,-3.41449915923616,3189
"TT_3190",0.0328755088034527,-3.41502731169287,3190
"TT_3191",0.032858501248623,-3.41554477761943,3191
"TT_3192",0.032841843032788,-3.4160518743896,3192
"TT_3193",0.0328255236173085,-3.41654890713655,3193
"TT_3194",0.0328095328770843,-3.41703616932217,3194
"TT_3195",0.0327938610802704,-3.41751394329594,3195
"TT_3196",0.0327784988699118,-3.41798250079948,3196
"TT_3197",0.0327634372460147,-3.41844210346168,3197
"TT_3198",0.03274866754902,-3.41889300325466,3198
"TT_3199",0.0327341814438338,-3.41933544293605,3199
"TT_3200",0.032719970905139,-3.41976965645523,3200
"TT_3201",0.0327060282031008,-3.42019586935039,3201
"TT_3202",0.0326923458900664,-3.42061429911791,3202
"TT_3203",0.0326789167880812,-3.42102515555922,3203
"TT_3204",0.032665733976691,-3.42142864112123,3204
"TT_3205",0.0326527907817385,-3.42182495120845,3205
"TT_3206",0.0326400807646214,-3.422214274483,3206
"TT_3207",0.0326275977120558,-3.42259679315102,3207
"TT_3208",0.0326153356263694,-3.42297268323454,3208
"TT_3209",0.0326032887164074,-3.42334211482622,3209
"TT_3210",0.0325914513887792,-3.42370525233514,3210
"TT_3211",0.0325798182394865,-3.42406225472231,3211
"TT_3212",0.0325683840462307,-3.42441327571666,3212
"TT_3213",0.0325571437606947,-3.42475846403301,3213
"TT_3214",0.0325460925016544,-3.42509796356578,3214
"TT_3215",0.032535225547981,-3.42543191358708,3215
"TT_3216",0.032524538332379,-3.42576044892323,3216
"TT_3217",0.032514026435124,-3.42608370013224,3217
"TT_3218",0.032503685578195,-3.42640179367001,3218
"TT_3219",0.0324935116198157,-3.42671485204487,3219
"TT_3220",0.0324835005489678,-3.42702299397362,3220
"TT_3221",0.0324736484804771,-3.42732633452084,3221
"TT_3222",0.0324639516500032,-3.42762498524173,3222
"TT_3223",0.0324544064096287,-3.4279190543072,3223
"TT_3224",0.032445009223204,-3.42820864663708,3224
"TT_3225",0.0324357566623304,-3.42849386401422,3225
"TT_3226",0.0324266454022494,-3.42877480520205,3226
"TT_3227",0.0324176722179763,-3.42905156605511,3227
"TT_3228",0.0324088339806383,-3.42932423962372,3228
"TT_3229",0.0324001276540026,-3.42959291625326,3229
"TT_3230",0.0323915502910327,-3.42985768368303,3230
"TT_3231",0.032383099030716,-3.43011862713709,3231
"TT_3232",0.032374771094933,-3.43037582941421,3232
"TT_3233",0.0323665637856391,-3.43062937096855,3233
"TT_3234",0.0323584744818017,-3.4308793299982,3234
"TT_3235",0.032350500636868,-3.43112578251763,3235
"TT_3236",0.0323426397761646,-3.43136880243263,3236
"TT_3237",0.0323348894942843,-3.43160846161581,3237
"TT_3238",0.0323272474528798,-3.43184482996987,3238
"TT_3239",0.0323197113781326,-3.43207797550115,3239
"TT_3240",0.0323122790587917,-3.43230796437581,3240
"TT_3241",0.0323049483439417,-3.43253486098453,3241
"TT_3242",0.0322977171409738,-3.43275872800128,3242
"TT_3243",0.0322905834136669,-3.43297962643876,3243
"TT_3244",0.0322835451803356,-3.43319761570203,3244
"TT_3245",0.0322766005120063,-3.43341275364143,3245
"TT_3246",0.0322697475307154,-3.43362509660194,3246
"TT_3247",0.0322629844078076,-3.43383469947259,3247
"TT_3248",0.0322563093623976,-3.43404161573109,3248
"TT_3249",0.0322497206598318,-3.43424589748851,3249
"TT_3250",0.0322432166101225,-3.43444759553504,3250
"TT_3251",0.0322367955666688,-3.43464675937693,3251
"TT_3252",0.0322304559247992,-3.43484343727907,3252
"TT_3253",0.0322241961204516,-3.43503767630352,3253
"TT_3254",0.0322180146289888,-3.43522952234387,3254
"TT_3255",0.032211909963878,-3.43541902016395,3255
"TT_3256",0.0322058806755743,-3.43560621343032,3256
"TT_3257",0.0321999253503774,-3.43579114474572,3257
"TT_3258",0.032194042609356,-3.43597385568043,3258
"TT_3259",0.0321882311072725,-3.43615438680379,3259
"TT_3260",0.032182489531548,-3.43633277771453,3260
"TT_3261",0.0321768166013778,-3.43650906706647,3261
"TT_3262",0.0321712110666421,-3.43668329260074,3262
"TT_3263",0.0321656717071984,-3.43685549116612,3263
"TT_3264",0.0321601973317101,-3.43702569875394,3264
"TT_3265",0.0321547867771572,-3.43719395051177,3265
"TT_3266",0.0321494389077464,-3.43736028077595,3266
"TT_3267",0.0321441526141496,-3.43752472309388,3267
"TT_3268",0.032138926812945,-3.43768731024006,3268
"TT_3269",0.0321337604455965,-3.43784807424667,3269
"TT_3270",0.0321286524780044,-3.43800704641626,3270
"TT_3271",0.032123601899566,-3.43816425734988,3271
"TT_3272",0.0321186077227398,-3.43831973695949,3272
"TT_3273",0.032113668982297,-3.43847351449022,3273
"TT_3274",0.0321087847346682,-3.43862561853968,3274
"TT_3275",0.0321039540573712,-3.43877607707476,3275
"TT_3276",0.0320991760484666,-3.43892491744767,3276
"TT_3277",0.0320944498259863,-3.4390721664128,3277
"TT_3278",0.0320897745273341,-3.43921785014451,3278
"TT_3279",0.0320851493088367,-3.4393619942503,3279
"TT_3280",0.0320805733451449,-3.43950462378864,3280
"TT_3281",0.0320760458288246,-3.43964576328091,3281
"TT_3282",0.03207156596984,-3.43978543672677,3282
"TT_3283",0.0320671329951449,-3.43992366761619,3283
"TT_3284",0.0320627461480433,-3.44006047894866,3284
"TT_3285",0.0320584046880934,-3.44019589323552,3285
"TT_3286",0.0320541078903323,-3.44032993252348,3286
"TT_3287",0.032049855045153,-3.44046261839782,3287
"TT_3288",0.0320456454576514,-3.4405939720022,3288
"TT_3289",0.0320414784475168,-3.44072401404143,3289
"TT_3290",0.0320373533484608,-3.44085276479877,3290
"TT_3291",0.0320332695079036,-3.44098024414517,3291
"TT_3292",0.0644485000052665,-2.74188882364177,3292
"TT_3293",0.0388385589424788,-3.24834173865518,3293
"TT_3294",0.0340586294429286,-3.37967184404846,3294
"TT_3295",0.0327880516681567,-3.41769110836739,3295
"TT_3296",0.0539208624052519,-2.92023781834331,3296
"TT_3297",0.0395783988468569,-3.22947179321727,3297
"TT_3298",0.033791152093393,-3.38755628314636,3298
"TT_3299",0.0325848246651335,-3.42390860005826,3299
"TT_3300",0.0320716942316432,-3.43978143749746,3300
"TT_3301",0.0319945659042662,-3.44218920609437,3301
"TT_3302",0.0319908964352324,-3.44230390305533,3302
"TT_3303",0.0319872613475482,-3.44241753832756,3303
"TT_3304",0.0319836601389275,-3.44253012725205,3304
"TT_3305",0.0319800923166274,-3.4426416848817,3305
"TT_3306",0.0319765573974755,-3.44275222598013,3306
"TT_3307",0.0319730549074884,-3.44286176503328,3307
"TT_3308",0.0319695843816404,-3.44297031625637,3308
"TT_3309",0.0319661453637682,-3.44307789359659,3309
"TT_3310",0.0319627374062717,-3.44318451074215,3310
"TT_3311",0.03195936006995,-3.44329018112714,3311
"TT_3312",0.533209435837096,-0.628840994215457,3312
"TT_3313",0.109912005787651,-2.20807518070336,3313
"TT_3314",0.0911906297542655,-2.3948031311029,3314
"TT_3315",0.0630936376123322,-2.76313534475113,3315
"TT_3316",0.0506697267963661,-2.98242665133111,3316
"TT_3317",0.0455725511922044,-3.08844969124433,3317
"TT_3318",0.0425307103095694,-3.15752886847893,3318
"TT_3319",0.0404876970373342,-3.20675712787513,3319
"TT_3320",0.0390202006508611,-3.24367580154357,3320
"TT_3321",0.0379168533899576,-3.272359585261,3321
"TT_3322",0.0370588003710835,-3.29524942856024,3322
"TT_3323",0.0363737581640339,-3.31390769389363,3323
"TT_3324",0.0358151784723157,-3.32938349575585,3324
"TT_3325",0.0353517289680917,-3.34240797784716,3325
"TT_3326",0.0349615555115451,-3.3535062351473,3326
"TT_3327",0.0346289605221555,-3.36306493770456,3327
"TT_3328",0.0343423861043223,-3.37137494123479,3328
"TT_3329",0.0340931402247415,-3.37865908135921,3329
"TT_3330",0.033874565023459,-3.38509084050061,3330
"TT_3331",0.0336814781160612,-3.39080720351457,3331
"TT_3332",0.0335097878835678,-3.39591770719721,3332
"TT_3333",0.0333562227514847,-3.4005109347762,3333
"TT_3334",0.0332181369814931,-3.40465925760099,3334
"TT_3335",0.0330933689364267,-3.40842235091563,3335
"TT_3336",0.0329801360301536,-3.41184983723355,3336
"TT_3337",0.0328769557718645,-3.41498329909436,3337
"TT_3338",0.0327825856643914,-3.41785782944867,3338
"TT_3339",0.0326959769206072,-3.42050323859858,3339
"TT_3340",0.0326162384397723,-3.42294500297644,3340
"TT_3341",0.0325426084935245,-3.42520501772664,3341
"TT_3342",0.0324744322692605,-3.42730219866419,3342
"TT_3343",0.032411143909255,-3.42925296750383,3343
"TT_3344",0.0323522520330844,-3.43107164583428,3344
"TT_3345",0.0322973279827842,-3.43277077716663,3345
"TT_3346",0.0322459962137063,-3.43436139185962,3346
"TT_3347",0.0321979263893765,-3.43585322635085,3347
"TT_3348",0.0321528268392513,-3.43725490559302,3348
"TT_3349",0.032110439114022,-3.43857409566989,3349
"TT_3350",0.0320705334303191,-3.4398176321033,3350
"TT_3351",0.0320329048404758,-3.44099162823144,3351
"TT_3352",0.0319973699967994,-3.44210156716002,3352
"TT_3353",0.0319637644057715,-3.44315238010866,3353
"TT_3354",0.0319319400881904,-3.44414851343139,3354
"TT_3355",0.0839105318180747,-2.47800414516202,3355
"TT_3356",0.0461250432390085,-3.07639923919081,3356
"TT_3357",0.036597158754665,-3.30778467124212,3357
"TT_3358",0.0343007731556436,-3.37258738408342,3358
"TT_3359",0.0332874987452189,-3.40257336553735,3359
"TT_3360",0.0327253830225667,-3.41960426297456,3360
"TT_3361",0.0323715851717489,-3.43047424184606,3361
"TT_3362",0.0321301207776618,-3.43796134683057,3362
"TT_3363",0.03195572069047,-3.44340406284146,3363
"TT_3364",0.0318243634421731,-3.44752313655573,3364
"TT_3365",0.0318128820006206,-3.44788397686543,3365
"TT_3366",0.0465399543762513,-3.06744410142108,3366
"TT_3367",0.0472675774621979,-3.0519306844389,3367
"TT_3368",0.0348639362479318,-3.3563023293746,3368
"TT_3369",0.0332725453144644,-3.40302268708506,3369
"TT_3370",0.0326310069775574,-3.42249230837017,3370
"TT_3371",0.0322820241195787,-3.43324473247877,3371
"TT_3372",0.0320609913911673,-3.44011520928547,3372
"TT_3373",0.0319073953127991,-3.44491746807186,3373
"TT_3374",0.0317938088101655,-3.44848369965509,3374
"TT_3375",0.0317916691150458,-3.44855100103239,3375
"TT_3376",0.0317896255866108,-3.44861528183842,3376
"TT_3377",0.0317875955859993,-3.44867914120738,3377
"TT_3378",0.0317855789676005,-3.4487425836393,3378
"TT_3379",0.0317835755881319,-3.44880561356265,3379
"TT_3380",0.03178158530623,-3.44886823534711,3380
"TT_3381",0.031779607982533,-3.44893045330103,3381
"TT_3382",0.0317776434797481,-3.44899227166921,3382
"TT_3383",0.0317756916624475,-3.44905369463928,3383
"TT_3384",0.0317737523971638,-3.44911472633871,3384
"TT_3385",0.0317718255522268,-3.44917537083986,3385
"TT_3386",0.0317699109979263,-3.44923563215486,3386
"TT_3387",0.0317680086062678,-3.44929551424326,3387
"TT_3388",0.031766118251067,-3.44935502100899,3388
"TT_3389",0.0317642398079369,-3.44941415630078,3389
"TT_3390",0.0317623731540831,-3.44947292391854,3390
"TT_3391",0.0317605181685628,-3.44953132760522,3391
"TT_3392",0.0317586747319578,-3.44958937105701,3392
"TT_3393",0.0317568427265925,-3.44964705791651,3393
"TT_3394",0.0317550220363159,-3.44970439177953,3394
"TT_3395",0.107909006148587,-2.22646694265181,3395
"TT_3396",0.0537432643080992,-2.92353693502513,3396
"TT_3397",0.0392124720733521,-3.23876041765298,3397
"TT_3398",0.03578380040285,-3.33025999069942,3398
"TT_3399",0.0342791130747996,-3.37321905855111,3399
"TT_3400",0.033446752001235,-3.39780059723498,3400
"TT_3401",0.0329238657596101,-3.41355748116076,3401
"TT_3402",0.0325675408899696,-3.4244391648481,3402
"TT_3403",0.0323105239963585,-3.43236228150074,3403
"TT_3404",0.0321171825558505,-3.43836410994481,3404
"TT_3405",0.0319669556156487,-3.44305254673032,3405
"TT_3406",0.0318471866740301,-3.44680623135104,3406
"TT_3407",0.0317496790530605,-3.44987266225955,3407
"TT_3408",0.0317306590256351,-3.45047190380647,3408
"TT_3409",0.0317289951399286,-3.45052434297364,3409
"TT_3410",0.0317273409090827,-3.45057648058352,3410
"TT_3411",0.0317256962405249,-3.45062831950666,3411
"TT_3412",0.0317240610428812,-3.45067986257677,3412
"TT_3413",0.0317224352259072,-3.45073111259277,3413
"TT_3414",0.0317208187005838,-3.45078207231579,3414
"TT_3415",0.0317192113789539,-3.4508327444743,3415
"TT_3416",0.0317176131742309,-3.4508831317607,3416
"TT_3417",0.0317160240007039,-3.45093323683422,3417
"TT_3418",0.0317144437737373,-3.45098306232101,3418
"TT_3419",0.0317128724097712,-3.45103261081402,3419
"TT_3420",0.0317113098263073,-3.45108188487351,3420
"TT_3421",0.0317097559418413,-3.4511308870291,3421
"TT_3422",0.0317082106759714,-3.45117961977639,3422
"TT_3423",0.0317066739491536,-3.4512280855846,3423
"TT_3424",0.0317051456829738,-3.45127628688805,3424
"TT_3425",0.0317036257998619,-3.45132422609509,3425
"TT_3426",0.0317021142233505,-3.45137190557998,3426
"TT_3427",0.0317006108777619,-3.45141932769272,3427
"TT_3428",0.0316991156884121,-3.45146649475261,3428
"TT_3429",0.0316976285815699,-3.45151340904954,3429
"TT_3430",0.0316961494843213,-3.45156007284823,3430
"TT_3431",0.0316946783246912,-3.4516064883844,3431
"TT_3432",0.0316932150315624,-3.45165265786729,3432
"TT_3433",0.0316917595346617,-3.45169858348013,3433
"TT_3434",0.0316903117645872,-3.45174426737922,3434
"TT_3435",0.0316888716527401,-3.4517897116961,3435
"TT_3436",0.0316874391313794,-3.45183491853579,3436
"TT_3437",0.0316860141335127,-3.45187988998026,3437
"TT_3438",0.031684596593019,-3.45192462808449,3438
"TT_3439",0.0316831864445259,-3.45196913488039,3439
"TT_3440",0.0316817836233826,-3.45201341237763,3440
"TT_3441",0.0316803880658096,-3.45205746255887,3441
"TT_3442",0.0316789997086672,-3.45210128738709,3442
"TT_3443",0.0316776184896461,-3.45214488879955,3443
"TT_3444",0.0316762443470905,-3.4521882687134,3444
"TT_3445",0.0316748772201205,-3.45223142902174,3445
"TT_3446",0.0316735170485371,-3.45227437159666,3446
"TT_3447",0.0316721637727943,-3.45231709829011,3447
"TT_3448",0.0316708173341771,-3.45235961092826,3448
"TT_3449",0.0316694776744601,-3.45240191132225,3449
"TT_3450",0.0316681447362214,-3.45244400125832,3450
"TT_3451",0.0316668184626379,-3.45248588250421,3451
"TT_3452",0.0316654987975673,-3.45252755680661,3452
"TT_3453",0.03166418568548,-3.45256902589329,3453
"TT_3454",0.031662879071486,-3.45261029147221,3454
"TT_3455",0.0316615789012944,-3.45265135523283,3455
"TT_3456",0.0316602851213087,-3.45269221884308,3456
"TT_3457",0.0316589976784223,-3.45273288395581,3457
"TT_3458",0.0316577165202094,-3.45277335220276,3458
"TT_3459",0.0316564415948024,-3.45281362519841,3459
"TT_3460",0.0678665471480999,-2.69021204405451,3460
"TT_3461",0.0378217077937026,-3.27487206093572,3461
"TT_3462",0.0344765994858554,-3.36747446085021,3462
"TT_3463",0.0334214396251775,-3.39855767998691,3463
"TT_3464",0.0329140330553035,-3.41385617551634,3464
"TT_3465",0.0326194888073851,-3.42284535305292,3465
"TT_3466",0.032428645246984,-3.42871313421993,3466
"TT_3467",0.0322956579424172,-3.43282248681725,3467
"TT_3468",0.0321980406921663,-3.43584967635246,3468
"TT_3469",0.0321235264970701,-3.4381666046142,3469
"TT_3470",0.0320648807991801,-3.43999390386272,3470
"TT_3471",0.032017574105378,-3.44147033613942,3471
"TT_3472",0.0319786328666343,-3.44268732212632,3472
"TT_3473",0.031946028245562,-3.44370741744892,3473
"TT_3474",0.0319183309527824,-3.44457479621428,3474
"TT_3475",0.0318945065048661,-3.44532149389997,3475
"TT_3476",0.0318737886651759,-3.44597127888681,3476
"TT_3477",0.0318555984195151,-3.44654213785744,3477
"TT_3478",0.031839490512035,-3.44704791964042,3478
"TT_3479",0.0318251172245037,-3.44749945113607,3479
"TT_3480",0.0318122032635313,-3.44790531238386,3480
"TT_3481",0.0318005279870038,-3.44827238596894,3481
"TT_3482",0.131789440510245,-2.02654977764801,3482
"TT_3483",0.0466804565219133,-3.06442969179341,3483
"TT_3484",0.0384102504990754,-3.25943091493053,3484
"TT_3485",0.0356854732463609,-3.33301158487428,3485
"TT_3486",0.0343547893469605,-3.37101384217383,3486
"TT_3487",0.0335764685489105,-3.3939297981724,3487
"TT_3488",0.0330701762994059,-3.4091234209048,3488
"TT_3489",0.0327167238944654,-3.41986889773525,3489
"TT_3490",0.0324571742081657,-3.42783377527032,3490
"TT_3491",0.0322591878279283,-3.43395238242566,3491
"TT_3492",0.0582712039211583,-2.84264723696013,3492
"TT_3493",0.0361685120292278,-3.31956637212179,3493
"TT_3494",0.0331771571425163,-3.40589367774239,3494
"TT_3495",0.032292962270655,-3.43290595885164,3495
"TT_3496",0.0318777646836513,-3.44584654409145,3496
"TT_3497",0.031697164146473,-3.45152806120241,3497
"TT_3498",0.0316933467942853,-3.45164850043331,3498
"TT_3499",0.0316896905902924,-3.45176386896558,3499
"TT_3500",0.031686182928132,-3.45187456289276,3500
"TT_3501",0.0316828124908639,-3.45198093785575,3501
"TT_3502",0.031679569091419,-3.4520833140407,3502
"TT_3503",0.0316764435360827,-3.45218198045638,3503
"TT_3504",0.031673427507241,-3.45227719860897,3504
"TT_3505",0.0316705134620824,-3.45236920567756,3505
"TT_3506",0.0316676945452526,-3.45245821725273,3506
"TT_3507",0.0316649645125651,-3.4525444297292,3507
"TT_3508",0.031662317664988,-3.4526280223764,3508
"TT_3509",0.0316597487907463,-3.45270915915499,3509
"TT_3510",0.0316572531145972,-3.45278799030856,3510
"TT_3511",0.0316548262533825,-3.45286465375857,3511
"TT_3512",0.0316524641768206,-3.45293927633512,3512
"TT_3513",0.031650163172793,-3.45301197486676,3513
"TT_3514",0.0316479198167399,-3.45308285714148,3514
"TT_3515",0.0316457309445295,-3.45315202275873,3515
"TT_3516",0.0316435936281841,-3.45321956389179,3516
"TT_3517",0.0316415051542757,-3.45328556596651,3517
"TT_3518",0.0316394630048808,-3.45335010825955,3518
"TT_3519",0.031637464840155,-3.453413264446,3519
"TT_3520",0.0316355084829358,-3.45347510308317,3520
"TT_3521",0.0316335919049114,-3.45353568804528,3521
"TT_3522",0.0316317132141233,-3.45359507891632,3522
"TT_3523",0.0316298706436267,-3.45365333134646,3523
"TT_3524",0.0316280625414975,-3.45371049736623,3524
"TT_3525",0.0316262873613985,-3.45376662568317,3525
"TT_3526",0.0316245436544927,-3.45382176193603,3526
"TT_3527",0.0316228300616566,-3.45387594893972,3527
"TT_3528",0.0316211453068502,-3.45392922689377,3528
"TT_3529",0.0316194881905962,-3.45398163358747,3529
"TT_3530",0.0316178575845482,-3.45403320457067,3530
"TT_3531",0.0566328257722972,-2.87116650124388,3531
"TT_3532",0.0452316135248505,-3.09595902235352,3532
"TT_3533",0.0348882544255227,-3.35560505583118,3533
"TT_3534",0.0331345641256451,-3.40717830802839,3534
"TT_3535",0.0324196757039601,-3.428989765687,3535
"TT_3536",0.0619398984793271,-2.78159074345478,3536
"TT_3537",0.0355340632731697,-3.3372635137326,3537
"TT_3538",0.0335632865643885,-3.39432247117721,3538
"TT_3539",0.0327859850157823,-3.41775414100896,3539
"TT_3540",0.0323632408323328,-3.43073204247602,3540
"TT_3541",0.0320955421436818,-3.43903813251866,3541
"TT_3542",0.0319101637553928,-3.44483070691597,3542
"TT_3543",0.0317739866946858,-3.44910735243287,3543
"TT_3544",0.0316696654584792,-3.45239598184453,3544
"TT_3545",0.031595979460343,-3.45472539875161,3545
"TT_3546",0.0315946615582831,-3.45476711068992,3546
"TT_3547",0.0315933581392967,-3.45480836594662,3547
"TT_3548",0.0315920687707993,-3.45484917815794,3548
"TT_3549",0.031590793039837,-3.45488956034152,3549
"TT_3550",0.0315895305521475,-3.454929524926,3550
"TT_3551",0.0315882809309074,-3.45496908379045,3551
"TT_3552",0.0315870438158338,-3.45500824829268,3552
"TT_3553",0.0315858188623267,-3.45504702929628,3553
"TT_3554",0.0315846057405021,-3.455085437201,3554
"TT_3555",0.0315834041343893,-3.45512348196813,3555
"TT_3556",0.0315822137412636,-3.45516117314146,3556
"TT_3557",0.0315810342709111,-3.45519851987045,3557
"TT_3558",0.0315798654449615,-3.45523553093124,3558
"TT_3559",0.031578706996208,-3.45527221474815,3559
"TT_3560",0.0315775586681166,-3.45530857940902,3560
"TT_3561",0.0315764202143499,-3.45534463268031,3561
"TT_3562",0.0315752913979775,-3.45538038203195,3562
"TT_3563",0.0315741719913669,-3.45541583464075,3563
"TT_3564",0.0315730617753536,-3.45545099741661,3564
"TT_3565",0.031571960539213,-3.45548587700332,3565
"TT_3566",0.0315708680798991,-3.45552047980266,3566
"TT_3567",0.0315697842019073,-3.4555548119786,3567
"TT_3568",0.0315687087167989,-3.45558887947242,3568
"TT_3569",0.0315676414428871,-3.45562268801248,3569
"TT_3570",0.0315665822050064,-3.45565624312157,3570
"TT_3571",0.031565530834117,-3.45568955012933,3571
"TT_3572",0.0315644871669653,-3.45572261418301,3572
"TT_3573",0.031563451046083,-3.4557554402474,3573
"TT_3574",0.0315624223192026,-3.45578803312337,3574
"TT_3575",0.0315614008392022,-3.45582039744952,3575
"TT_3576",0.0315603864639291,-3.45585253770779,3576
"TT_3577",0.0763593702008192,-2.57230452792158,3577
"TT_3578",0.0406685304409947,-3.20230069345091,3578
"TT_3579",0.0354447551877291,-3.33977998652002,3579
"TT_3580",0.0339393294435054,-3.38318077648657,3580
"TT_3581",0.0332379923618843,-3.40406170907753,3581
"TT_3582",0.0328378266538818,-3.41617417643315,3582
"TT_3583",0.0325814502924111,-3.42401216199202,3583
"TT_3584",0.0324042632458066,-3.42946528317926,3584
"TT_3585",0.032275050041032,-3.43346079179263,3585
"TT_3586",0.0581860535330729,-2.84410958297653,3586
"TT_3587",0.0362594468031782,-3.31705533016513,3587
"TT_3588",0.033211464316743,-3.40486015192046,3588
"TT_3589",0.0323182453481223,-3.43212333677446,3589
"TT_3590",0.0319457280169056,-3.44371681548942,3590
"TT_3591",0.0319100607410875,-3.44483393518118,3591
"TT_3592",0.031879506174288,-3.44579191532163,3592
"TT_3593",0.0318530451358917,-3.44662229287196,3593
"TT_3594",0.0583078111488183,-2.84201921263103,3594
"TT_3595",0.036377653274472,-3.31380061389711,3595
"TT_3596",0.0333289280470714,-3.40132954898373,3596
"TT_3597",0.0324344506866762,-3.42853412828059,3597
"TT_3598",0.0320148503618215,-3.44155541002443,3598
"TT_3599",0.0317743448004782,-3.44909608208843,3599
"TT_3600",0.0317353552628436,-3.45032391161664,3600
"TT_3601",0.0317243748847725,-3.4506699697595,3601
"TT_3602",0.0317142962934632,-3.45098771258756,3602
"TT_3603",0.0317050086441653,-3.45128060918658,3603
"TT_3604",0.0316964183368083,-3.45155159070289,3604
"TT_3605",0.0316884458161337,-3.45180314983528,3605
"TT_3606",0.0316810230554871,-3.45203741913918,3606
"TT_3607",0.031674091558905,-3.45225623325236,3607
"TT_3608",0.0316676007631279,-3.45246117870177,3608
"TT_3609",0.0316615067482195,-3.45265363411972,3609
"TT_3610",0.031655771190792,-3.45283480291376,3610
"TT_3611",0.0316503605073186,-3.45300574002022,3611
"TT_3612",0.0316452451499585,-3.45316737390674,3612
"TT_3613",0.0316403990227937,-3.45332052482233,3613
"TT_3614",0.031635798996587,-3.45346591997434,3614
"TT_3615",0.0316314245021453,-3.45360420625297,3615
"TT_3616",0.0316272571886734,-3.45373596092653,3616
"TT_3617",0.0316232806350983,-3.45386170068203,3617
"TT_3618",0.0316194801047804,-3.45398188931004,3618
"TT_3619",0.0316158423369534,-3.45409694424106,3619
"TT_3620",0.0316123553675973,-3.45420724216149,3620
"TT_3621",0.031609008376245,-3.45431312381786,3621
"TT_3622",0.0316057915534811,-3.45441489817355,3622
"TT_3623",0.0316026959863707,-3.45451284600409,3623
"TT_3624",0.0315997135592707,-3.4546072230104,3624
"TT_3625",0.0315968368671387,-3.4546982625407,3625
"TT_3626",0.0315940591400729,-3.45478617796027,3626
"TT_3627",0.0315913741770281,-3.4548711647335,3627
"TT_3628",0.0315887762877939,-3.45495340224691,3628
"TT_3629",0.0315862602417815,-3.45503305541855,3629
"TT_3630",0.0315838212227985,-3.45511027611947,3630
"TT_3631",0.0315814547891209,-3.45518520442908,3631
"TT_3632",0.0315791568379753,-3.45525796975188,3632
"TT_3633",0.0315769235739687,-3.45532869181041,3633
"TT_3634",0.0315747514811809,-3.455397481523,3634
"TT_3635",0.0315726372976937,-3.45546444180525,3635
"TT_3636",0.0315705779936048,-3.45552966826166,3636
"TT_3637",0.0315685707504984,-3.45559324983179,3637
"TT_3638",0.0315666129436118,-3.45565526935158,3638
"TT_3639",0.0315647021254717,-3.45571580406842,3639
"TT_3640",0.031562836011314,-3.45577492610021,3640
"TT_3641",0.0315610124656609,-3.45583270285804,3641
"TT_3642",0.0315592294905998,-3.4558891974153,3642
"TT_3643",0.0315574852147969,-3.45594446885367,3643
"TT_3644",0.0315557778835729,-3.45599857257579,3644
"TT_3645",0.031554105850177,-3.45605156058012,3645
"TT_3646",0.0315524675674961,-3.45610348172217,3646
"TT_3647",0.031550861580635,-3.45615438194829,3647
"TT_3648",0.031549286520301,-3.45620430450416,3648
"TT_3649",0.0315477410964185,-3.45625329013601,3649
"TT_3650",0.0315462240925885,-3.45630137726528,3650
"TT_3651",0.0315447343609836,-3.45634860214953,3651
"TT_3652",0.0315432708174061,-3.45639499903825,3652
"TT_3653",0.0315418324370679,-3.45644060030588,3653
"TT_3654",0.0315404182504929,-3.45648543658105,3654
"TT_3655",0.0315390273400045,-3.45652953685732,3655
"TT_3656",0.0315376588360228,-3.45657292860996,3656
"TT_3657",0.0315363119141513,-3.45661563788783,3657
"TT_3658",0.0315349857923046,-3.45665768940398,3658
"TT_3659",0.0315336797278901,-3.45669910662452,3659
"TT_3660",0.0315323930153304,-3.45673991184685,3660
"TT_3661",0.0315311249838991,-3.45678012626786,3661
"TT_3662",0.031529874995583,-3.45681977005139,3662
"TT_3663",0.0315286424429176,-3.45685886239658,3663
"TT_3664",0.0315274267474084,-3.45689742158763,3664
"TT_3665",0.0315262273576379,-3.45693546505356,3665
"TT_3666",0.0315250437478232,-3.45697300941369,3666
"TT_3667",0.0315238754161685,-3.45701007052974,3667
"TT_3668",0.031522721883735,-3.45704666354136,3668
"TT_3669",0.0315215826929029,-3.45708280291477,3669
"TT_3670",0.03152045740635,-3.45711850247497,3670
"TT_3671",0.0315193456058814,-3.4571537754427,3671
"TT_3672",0.03151824689134,-3.45718863446882,3672
"TT_3673",0.0315171608797356,-3.45722309166178,3673
"TT_3674",0.0315160872042507,-3.45725715861906,3674
"TT_3675",0.0315150255133287,-3.45729084645596,3675
"TT_3676",0.0315139754700883,-3.45732416582399,3676
"TT_3677",0.0315129367512892,-3.4573571269437,3677
"TT_3678",0.0315119090468554,-3.45738973961957,3678
"TT_3679",0.0315108920590717,-3.45742201326549,3679
"TT_3680",0.0315098855020806,-3.45745395692058,3680
"TT_3681",0.0315088891010925,-3.45748557927422,3681
"TT_3682",0.0315079025921267,-3.45751688867413,3682
"TT_3683",0.0315069257212222,-3.45754789315135,3683
"TT_3684",0.0315059582440836,-3.45757860043144,3684
"TT_3685",0.0558650420547816,-2.88481646019011,3685
"TT_3686",0.0566786106506572,-2.8703583766221,3686
"TT_3687",0.03648830276684,-3.31076354189723,3687
"TT_3688",0.0339401142274545,-3.38315765361146,3688
"TT_3689",0.0329459351650728,-3.41288738937427,3689
"TT_3690",0.0324254250706434,-3.42881243951649,3690
"TT_3691",0.0321088300893006,-3.43862420601035,3691
"TT_3692",0.0318976010078069,-3.44522447553629,3692
"TT_3693",0.0317474797672441,-3.44994193420362,3693
"TT_3694",0.0316357616918459,-3.45346709916893,3694
"TT_3695",0.0315496528562248,-3.45619269302772,3695
"TT_3696",0.0314950036525216,-3.45792635993678,3696
"TT_3697",0.0314941397143746,-3.45795379127179,3697
"TT_3698",0.0314932825452717,-3.45798100842316,3698
"TT_3699",0.0314924320022432,-3.45800801591318,3699
"TT_3700",0.0314915879469481,-3.4580348181178,3700
"TT_3701",0.0314907502455106,-3.45806141927176,3701
"TT_3702",0.0314899187683569,-3.45808782347377,3702
"TT_3703",0.0314890933899019,-3.45811403469642,3703
"TT_3704",0.03148827398859,-3.45814005678487,3704
"TT_3705",0.0314874604465823,-3.45816589346673,3705
"TT_3706",0.0314866526497155,-3.45819154835339,3706
"TT_3707",0.0314858504871614,-3.45821702495076,3707
"TT_3708",0.0314850538516182,-3.45824232665324,3708
"TT_3709",0.031484262638901,-3.45826745675664,3709
"TT_3710",0.0314834767478341,-3.45829241846162,3710
"TT_3711",0.0314826960803724,-3.45831721486981,3711
"TT_3712",0.0314819205412211,-3.45834184899586,3712
"TT_3713",0.0314811500378761,-3.45836632376617,3713
"TT_3714",0.0314803844804332,-3.45839064202489,3714
"TT_3715",0.0314796237816297,-3.45841480653263,3715
"TT_3716",0.0314788678565441,-3.45843881997596,3716
"TT_3717",0.0314781166227328,-3.45846268496307,3717
"TT_3718",0.0314773699999028,-3.45848640403412,3718
"TT_3719",0.0314766279101302,-3.45850997965432,3719
"TT_3720",0.0314758902774377,-3.45853341422736,3720
"TT_3721",0.0314751570280261,-3.45855671008796,3721
"TT_3722",0.0314744280899887,-3.45857986951105,3722
"TT_3723",0.0314737033933654,-3.45860289470993,3723
"TT_3724",0.0314729828700202,-3.45862578784023,3724
"TT_3725",0.0314722664535871,-3.45864855100158,3725
"TT_3726",0.0464148743966418,-3.07013530222801,3726
"TT_3727",0.0459997929957725,-3.07911838259507,3727
"TT_3728",0.0342059021929207,-3.3753570710632,3728
"TT_3729",0.0326783971374918,-3.42104105739356,3729
"TT_3730",0.0320806362048072,-3.4395026643598,3730
"TT_3731",0.0317673097011705,-3.44931751476567,3731
"TT_3732",0.0315766407797681,-3.45533764757414,3732
"TT_3733",0.0314666755492373,-3.45882621221375,3733
"TT_3734",0.0314659933741655,-3.45884789173516,3734
"TT_3735",0.0314653147279738,-3.45886945957515,3735
"TT_3736",0.0314646395603467,-3.45889091732559,3736
"TT_3737",0.0314639678221936,-3.4589122665396,3737
"TT_3738",0.0314632994655131,-3.45893350873585,3738
"TT_3739",0.0314626344434881,-3.45895464539553,3739
"TT_3740",0.0314619727103226,-3.45897567796753,3740
"TT_3741",0.0314613142212961,-3.45899660786674,3741
"TT_3742",0.0314606589327363,-3.45901743647484,3742
"TT_3743",0.0314600068019238,-3.45903816514339,3743
"TT_3744",0.0314593577870786,-3.45905879519423,3744
"TT_3745",0.03145871184736,-3.45907932791948,3745
"TT_3746",0.0314580689429075,-3.45909976458024,3746
"TT_3747",0.0314574290346501,-3.45912010641264,3747
"TT_3748",0.0314567920843339,-3.45914035462695,3748
"TT_3749",0.0314561580546847,-3.45916051040244,3749
"TT_3750",0.0314555269090278,-3.45918057489943,3750
"TT_3751",0.0314548986116411,-3.45920054924809,3751
"TT_3752",0.0314542731274424,-3.45922043455834,3752
"TT_3753",0.0314536504221529,-3.45924023191468,3753
"TT_3754",0.031453030462147,-3.45925994238095,3754
"TT_3755",0.0314524132145752,-3.45927956699643,3755
"TT_3756",0.0314517986471869,-3.45929910678145,3756
"TT_3757",0.0314511867284124,-3.4593185627348,3757
"TT_3758",0.0314505774273352,-3.45933793583459,3758
"TT_3759",0.0314499707136243,-3.45935722704044,3759
"TT_3760",0.0314493665576157,-3.45937643729081,3760
"TT_3761",0.0314487649301356,-3.4593955675087,3761
"TT_3762",0.0314481658026773,-3.45941461859597,3762
"TT_3763",0.0314475691472647,-3.45943359143771,3763
"TT_3764",0.0314469749363986,-3.45945248690392,3764
"TT_3765",0.0314463831432058,-3.45947130584477,3765
"TT_3766",0.031445793741235,-3.45949004909711,3766
"TT_3767",0.0314452067046206,-3.45950871747924,3767
"TT_3768",0.031444622007946,-3.45952731179525,3768
"TT_3769",0.0314440396262304,-3.45954583283547,3769
"TT_3770",0.0314434595349965,-3.45956428137426,3770
"TT_3771",0.0314428817102572,-3.45958265817049,3771
"TT_3772",0.0314423061283659,-3.45960096397226,3772
"TT_3773",0.0602793638536625,-2.80876545847026,3773
"TT_3774",0.0349860222711901,-3.35280666093992,3774
"TT_3775",0.0329383855544958,-3.41311656713698,3775
"TT_3776",0.0322224976121538,-3.43509038679028,3776
"TT_3777",0.0318643770064813,-3.44626660143536,3777
"TT_3778",0.0316519295800759,-3.45295616605518,3778
"TT_3779",0.0315123551974458,-3.45737558156169,3779
"TT_3780",0.0314377795226703,-3.45974493978452,3780
"TT_3781",0.0314372231324703,-3.45976263808039,3781
"TT_3782",0.0314366687711267,-3.45978027215161,3782
"TT_3783",0.0314361164192808,-3.45979784261056,3783
"TT_3784",0.0672263333551139,-2.69969024280875,3784
"TT_3785",0.0370395306665122,-3.29576954027493,3785
"TT_3786",0.0337385558010067,-3.3891140065443,3786
"TT_3787",0.0326920378007234,-3.42062372306062,3787
"TT_3788",0.0321882952530724,-3.43615239397182,3788
"TT_3789",0.0318960024544695,-3.44527459195082,3789
"TT_3790",0.0317068618752999,-3.45122215858041,3790
"TT_3791",0.0315753206527107,-3.45537945552523,3791
"TT_3792",0.0314790125737971,-3.45843422270388,3792
"TT_3793",0.0314306993761096,-3.45997017655547,3793
"TT_3794",0.0314301679357699,-3.45998708501895,3794
"TT_3795",0.0314296382954971,-3.46000393649542,3795
"TT_3796",0.0314291104395538,-3.46002073148271,3796
"TT_3797",0.0314285843525295,-3.46003747046833,3797
"TT_3798",0.031428060019177,-3.46005415393458,3798
"TT_3799",0.0314275374245485,-3.46007078235431,3799
"TT_3800",0.0314270165538326,-3.46008735619608,3800
"TT_3801",0.0314264973925989,-3.46010387591633,3801
"TT_3802",0.0314259799264442,-3.46012034197071,3802
"TT_3803",0.0314254641413057,-3.46013675480406,3803
"TT_3804",0.0314249500233248,-3.46015311485475,3804
"TT_3805",0.0314244375587791,-3.46016942255688,3805
"TT_3806",0.0314239267342183,-3.4601856783359,3806
"TT_3807",0.0314234175363283,-3.46020188261297,3807
"TT_3808",0.0314229099520402,-3.4602180358015,3808
"TT_3809",0.0314224039684347,-3.46023413831015,3809
"TT_3810",0.0314218995727831,-3.46025019054156,3810
"TT_3811",0.0314213967525881,-3.46026619289103,3811
"TT_3812",0.0314208954954342,-3.46028214575131,3812
"TT_3813",0.0314203957891373,-3.4602980495078,3813
"TT_3814",0.0314198976217582,-3.46031390453813,3814
"TT_3815",0.0314194009813579,-3.46032971121998,3815
"TT_3816",0.0314189058562559,-3.46034546992281,3816
"TT_3817",0.031418412234976,-3.46036118100963,3817
"TT_3818",0.0314179201060964,-3.46037684484173,3818
"TT_3819",0.0314174294584267,-3.46039246177306,3819
"TT_3820",0.0314169402808992,-3.46040803215371,3820
"TT_3821",0.0314164525625958,-3.46042355632904,3821
"TT_3822",0.0314159662927209,-3.46043903464051,3822
"TT_3823",0.0314154814606967,-3.46045446742271,3823
"TT_3824",0.0314149980559864,-3.46046985500893,3824
"TT_3825",0.0314145160682573,-3.46048519772599,3825
"TT_3826",0.031414035487272,-3.46050049589771,3826
"TT_3827",0.0314135563030109,-3.460515749841,3827
"TT_3828",0.0314130785054272,-3.46053095987366,3828
"TT_3829",0.0314126020847735,-3.46054612630399,3829
"TT_3830",0.0314121270312618,-3.46056124944159,3830
"TT_3831",0.0314116533353898,-3.46057632958702,3831
"TT_3832",0.0314111809876687,-3.46059136704039,3832
"TT_3833",0.0314107099787462,-3.46060636209754,3833
"TT_3834",0.0314102402994058,-3.46062131504996,3834
"TT_3835",0.03140977194054,-3.46063622618574,3835
"TT_3836",0.0314093048931775,-3.4606510957886,3836
"TT_3837",0.031408839148347,-3.46066592414234,3837
"TT_3838",0.0314083746973086,-3.46068071152338,3838
"TT_3839",0.0314079115314584,-3.46069545820383,3839
"TT_3840",0.0314074496421383,-3.46071016445757,3840
"TT_3841",0.031406989020867,-3.46072483055286,3841
"TT_3842",0.0314065296593811,-3.46073945675102,3842
"TT_3843",0.0314060715492947,-3.46075404331734,3843
"TT_3844",0.0314056146825076,-3.46076859050798,3844
"TT_3845",0.0314051590509334,-3.46078309857872,3845
"TT_3846",0.0314047046465673,-3.46079756778274,3846
"TT_3847",0.0314042514615816,-3.4608119983676,3847
"TT_3848",0.0314037994880667,-3.46082639058351,3848
"TT_3849",0.0314033487184263,-3.46084074467069,3849
"TT_3850",0.031402899144996,-3.46085506087156,3850
"TT_3851",0.0314024507602337,-3.46086933942467,3851
"TT_3852",0.0314020035566931,-3.46088358056555,3852
"TT_3853",0.0314015575269953,-3.46089778452755,3853
"TT_3854",0.0314011126639254,-3.46091195153888,3854
"TT_3855",0.0314006689601592,-3.4609260818312,3855
"TT_3856",0.0314002264086992,-3.4609401756258,3856
"TT_3857",0.0813216904049327,-2.50934250336312,3857
"TT_3858",0.0880138258238962,-2.43026136520949,3858
"TT_3859",0.300170689846251,-1.20340399997164,3859
"TT_3860",0.0779903222324837,-2.55117053393287,3860
"TT_3861",0.0522477818363352,-2.95175784193147,3861
"TT_3862",0.0442397727792283,-3.11813105787464,3862
"TT_3863",0.0404116536379038,-3.20863707922682,3863
"TT_3864",0.0381987934184164,-3.26495134977378,3864
"TT_3865",0.0367703894485433,-3.30306239224984,3865
"TT_3866",0.0357787562784545,-3.33040096175014,3866
"TT_3867",0.0350537515004414,-3.35087263840628,3867
"TT_3868",0.0345027093424899,-3.3667174263619,3868
"TT_3869",0.0340710471435246,-3.37930731272068,3869
"TT_3870",0.0337246242801383,-3.38952701764309,3870
"TT_3871",0.0334410453855723,-3.397971229724,3871
"TT_3872",0.0332050400290252,-3.40505360647821,3872
"TT_3873",0.0330058561940131,-3.41107027283526,3873
"TT_3874",0.0328357154236541,-3.41623847112966,3874
"TT_3875",0.0326888585474771,-3.42072097633876,3875
"TT_3876",0.0325609351114254,-3.42464201862183,3876
"TT_3877",0.0324486006958249,-3.42809795861621,3877
"TT_3878",0.0323492442340251,-3.43116462047118,3878
"TT_3879",0.032260799026335,-3.43390243826152,3879
"TT_3880",0.0321816090376006,-3.43636013749947,3880
"TT_3881",0.0321103325531875,-3.43857741424834,3881
"TT_3882",0.0320458716000744,-3.44058691514247,3882
"TT_3883",0.0319873194664398,-3.44241572139055,3883
"TT_3884",0.0319339211471775,-3.44408647531119,3884
"TT_3885",0.0318850431615148,-3.44561824555376,3885
"TT_3886",0.031840150260317,-3.44702719878603,3886
"TT_3887",0.0317987872626564,-3.44832712631767,3887
"TT_3888",0.0317605647557179,-3.44952986078026,3888
"TT_3889",0.0317251477360231,-3.45064560862269,3889
"TT_3890",0.031692246512395,-3.45168321753015,3890
"TT_3891",0.0316616093642863,-3.45265039308949,3891
"TT_3892",0.0316330165742338,-3.45355387554391,3892
"TT_3893",0.0316062755447251,-3.45439958491878,3893
"TT_3894",0.0315812167772875,-3.45519274090047,3894
"TT_3895",0.0315576905420264,-3.45593796242389,3895
"TT_3896",0.031535564103721,-3.45663935084763,3896
"TT_3897",0.0315147193993811,-3.45730055977299,3897
"TT_3898",0.0314950510841791,-3.45792485393213,3898
"TT_3899",0.0809091694137143,-2.51442811877293,3899
"TT_3900",0.0662871632527871,-2.71375901663306,3900
"TT_3901",0.0401090275814624,-3.21615384328707,3901
"TT_3902",0.0361668522258742,-3.31961226401356,3902
"TT_3903",0.0345913143841666,-3.36415265779095,3903
"TT_3904",0.033757592258013,-3.38854993116938,3904
"TT_3905",0.0332474368029692,-3.40377760348426,3905
"TT_3906",0.0329057846404591,-3.41410681172824,3906
"TT_3907",0.0326623692569963,-3.42153165099083,3907
"TT_3908",0.0324809218094544,-3.42710238325843,3908
"TT_3909",0.0323409133641862,-3.4314221826783,3909
"TT_3910",0.0322298931458908,-3.43486089852204,3910
"TT_3911",0.0321398922406299,-3.43765727149016,3911
"TT_3912",0.0320655851844783,-3.43997193660309,3912
"TT_3913",0.0320032846146825,-3.44191673724114,3913
"TT_3914",0.0319503605368734,-3.44357181381308,3914
"TT_3915",0.0319048892755827,-3.44499601210876,3915
"TT_3916",0.0318654329712181,-3.44623346263463,3916
"TT_3917",0.031830896455544,-3.44731787422849,3917
"TT_3918",0.0318004316734373,-3.44827541465175,3918
"TT_3919",0.0317733722486506,-3.44912669064127,3919
"TT_3920",0.0317491876923367,-3.44988813846406,3920
"TT_3921",0.0317274507264447,-3.45057301930473,3921
"TT_3922",0.0317078135543009,-3.45119214410838,3922
"TT_3923",0.0316899903555432,-3.4517544096169,3923
"TT_3924",0.0316737441872877,-3.45226720037107,3924
"TT_3925",0.0316588770542747,-3.4527366940694,3925
"TT_3926",0.0316452222920125,-3.4531680962255,3926
"TT_3927",0.0316326386598258,-3.4535658224496,3927
"TT_3928",0.0316210057142192,-3.45393364143783,3928
"TT_3929",0.0316102201513071,-3.45427478816934,3929
"TT_3930",0.0316001928902043,-3.45459205428751,3930
"TT_3931",0.0315908467291104,-3.45488786082016,3931
"TT_3932",0.0315821144471031,-3.45516431713629,3932
"TT_3933",0.0315739372567117,-3.4554232690567,3933
"TT_3934",0.031566263533813,-3.4556663383799,3934
"TT_3935",0.076612910456174,-2.56898967262322,3935
"TT_3936",0.0404885019651131,-3.20673724727345,3936
"TT_3937",0.035397655964321,-3.34110967673191,3937
"TT_3938",0.0339081324894053,-3.38410039692365,3938
"TT_3939",0.0332088483907426,-3.4049389207758,3939
"TT_3940",0.0328072115566401,-3.41710692322699,3940
"TT_3941",0.0325481974418463,-3.42503328999167,3941
"TT_3942",0.0323679659420594,-3.43058605076753,3942
"TT_3943",0.0322355983066039,-3.43468389961613,3943
"TT_3944",0.0321343750474543,-3.43782894806997,3944
"TT_3945",0.0320544982098642,-3.44031775570181,3945
"TT_3946",0.0319898619986064,-3.44233623892166,3946
"TT_3947",0.0319364717990073,-3.4440066056967,3947
"TT_3948",0.0318916088465422,-3.44541234935683,3948
"TT_3949",0.031853361057663,-3.4466123748185,3949
"TT_3950",0.0318203459645767,-3.44764938358048,3950
"TT_3951",0.0317915400813111,-3.44855505976854,3951
"TT_3952",0.0317661700008708,-3.44935339192226,3952
"TT_3953",0.0317436407218774,-3.45006286592894,3953
"TT_3954",0.0317234871987882,-3.45069795134801,3954
"TT_3955",0.0317053408116259,-3.45127013242802,3955
"TT_3956",0.0316889056722276,-3.45178863814986,3956
"TT_3957",0.0316739415671737,-3.45226096873423,3957
"TT_3958",0.031660251471198,-3.45269328169291,3958
"TT_3959",0.0316476722676255,-3.45309067914318,3959
"TT_3960",0.0673153773436931,-2.69836657892611,3960
"TT_3961",0.0369791724086232,-3.29740043270508,3961
"TT_3962",0.0337229204008769,-3.38957754221799,3962
"TT_3963",0.0473091736325485,-3.05105105656945,3963
"TT_3964",0.0452036748820356,-3.09657689274893,3964
"TT_3965",0.0341790981067048,-3.37614098822256,3965
"TT_3966",0.0326784052634446,-3.42104080872923,3966
"TT_3967",0.123510512372439,-2.09142900611204,3967
"TT_3968",0.0538609010916546,-2.9213504614814,3968
"TT_3969",0.0403641058214192,-3.20981435870508,3969
"TT_3970",0.0367326851801857,-3.30408831590964,3970
"TT_3971",0.0350566214863832,-3.35079076789779,3971
"TT_3972",0.03409872294006,-3.37849534583207,3972
"TT_3973",0.0334822170385776,-3.39674081576305,3973
"TT_3974",0.0330539789640206,-3.40961332767622,3974
"TT_3975",0.0327402219461022,-3.41915092801197,3975
"TT_3976",0.0325010894174323,-3.42648166967187,3976
"TT_3977",0.0323132031830062,-3.43227936500038,3977
"TT_3978",0.0321619664546489,-3.43697069056282,3978
"TT_3979",0.0320378067455688,-3.44083861275897,3979
"TT_3980",0.0319341926355791,-3.44407797377935,3980
"TT_3981",0.0318465195063916,-3.44682718059952,3981
"TT_3982",0.0317714507525798,-3.44918716751352,3982
"TT_3983",0.0317065113727268,-3.45123321311213,3983
"TT_3984",0.0970987389123189,-2.33202689128394,3984
"TT_3985",0.0520494564786582,-2.95556092626851,3985
"TT_3986",0.038471133169256,-3.2578471067314,3986
"TT_3987",0.0353742840334725,-3.34177016256002,3987
"TT_3988",0.0340255137872619,-3.38064463027171,3988
"TT_3989",0.0332809762607303,-3.40276932870186,3989
"TT_3990",0.0328131197093372,-3.41692685242884,3990
"TT_3991",0.0324937618851794,-3.42670715006415,3991
"TT_3992",0.0322628200224865,-3.43383979465343,3992
"TT_3993",0.0320885431529769,-3.43925622367632,3993
"TT_3994",0.0319526415062844,-3.44350042532305,3994
"TT_3995",0.0318438689790025,-3.44691041222846,3995
"TT_3996",0.0317549468700009,-3.44970675885091,3996
"TT_3997",0.0316809652159424,-3.45203924482509,3997
"TT_3998",0.0316184968519275,-3.45401298622048,3998
"TT_3999",0.0315650799919955,-3.45570383296663,3999
"TT_4000",0.0315189025301513,-3.45716783280449,4000
"TT_4001",0.0314786021509451,-3.45844726077255,4001
"TT_4002",0.0314491938907141,-3.45938192762001,4002
"TT_4003",0.0314472996527758,-3.45944216111896,4003
"TT_4004",0.0314454500725746,-3.45950097807989,4004
"TT_4005",0.170691779840855,-1.76789580593086,4005
"TT_4006",0.07697596495901,-2.56426204924482,4006
"TT_4007",0.0473330398425064,-3.05054671057864,4007
"TT_4008",0.0406821825722048,-3.20196505702358,4008
"TT_4009",0.0378020502668064,-3.27539193796492,4009
"TT_4010",0.0362189224342082,-3.31817357754347,4010
"TT_4011",0.0352279693080514,-3.34591492927663,4011
"TT_4012",0.034554121391594,-3.36522844813755,4012
"TT_4013",0.0340686877984706,-3.37937656291829,4013
"TT_4014",0.0337037626077422,-3.39014579777486,4014
"TT_4015",0.0334202806155997,-3.3985923592134,4015
"TT_4016",0.0331942509600431,-3.40537858190841,4016
"TT_4017",0.0330101653752757,-3.41093972327573,4017
"TT_4018",0.0328575756803848,-3.41557294631974,4018
"TT_4019",0.0327291985720223,-3.41948767680543,4019
"TT_4020",0.0326198095231177,-3.4228355210731,4020
"TT_4021",0.0325255683406904,-3.42572878077189,4021
"TT_4022",0.0324435923987291,-3.42825231607792,4022
"TT_4023",0.0323716778651758,-3.4304713784307,4023
"TT_4024",0.0323081125027375,-3.43243691921372,4024
"TT_4025",0.0322515468836944,-3.43418927150478,4025
"TT_4026",0.0322009038738866,-3.43576075620815,4026
"TT_4027",0.0321553137905435,-3.43717756075708,4027
"TT_4028",0.0321140671510002,-3.43846111583733,4028
"TT_4029",0.0320765797056514,-3.43962911932215,4029
"TT_4030",0.0320423661977163,-3.44069630814443,4030
"TT_4031",0.0320110204195746,-3.44167504735868,4031
"TT_4032",0.0319821998775252,-3.4425757847763,4032
"TT_4033",0.031955613873426,-3.443407405505,4033
"TT_4034",0.0319310141502981,-3.44417751108436,4034
"TT_4035",0.0319081874831316,-3.4448926412099,4035
"TT_4036",0.0318869497607706,-3.44555845130337,4036
"TT_4037",0.0318671412213575,-3.44617985582017,4037
"TT_4038",0.0318486225885996,-3.4467611447249,4038
"TT_4039",0.0318312719169624,-3.44730607879557,4039
"TT_4040",0.031814981998831,-3.44781796810515,4040
"TT_4041",0.0317996582212723,-3.4482997370125,4041
"TT_4042",0.0317852167839517,-3.44875397829449,4042
"TT_4043",0.0317715832095374,-3.44918299846621,4043
"TT_4044",0.031758691092464,-3.44958885590636,4044
"TT_4045",0.0317464810426703,-3.44997339308762,4045
"TT_4046",0.0317348997900716,-3.45033826393874,4046
"TT_4047",0.0317238994220235,-3.45068495717261,4047
"TT_4048",0.0317134367313412,-3.45101481625597,4048
"TT_4049",0.031703472656877,-3.45132905656324,4049
"TT_4050",0.0316939718011925,-3.45162878018261,4050
"TT_4051",0.0316849020143779,-3.45191498870385,4051
"TT_4052",0.0316762340321357,-3.45218859435038,4052
"TT_4053",0.0316679411617564,-3.45245042964624,4053
"TT_4054",0.0316599990074653,-3.45270125587907,4054
"TT_4055",0.0316523852302926,-3.45294177050512,4055
"TT_4056",0.0316450793371721,-3.45317261365825,4056
"TT_4057",0.0316380624954701,-3.45339437387835,4057
"TT_4058",0.0316313173690782,-3.45360759317754,4058
"TT_4059",0.0316248279737691,-3.45381277151386,4059
"TT_4060",0.0316185795485621,-3.45401037077273,4060
"TT_4061",0.0526352275846999,-2.94436965745995,4061
"TT_4062",0.0487899486122826,-3.02023095839777,4062
"TT_4063",0.0351264897240048,-3.34879974015628,4063
"TT_4064",0.033215882009244,-3.40472714367154,4064
"TT_4065",0.0324605291897947,-3.42773041420065,4065
"TT_4066",0.0320627616166842,-3.44005999649975,4066
"TT_4067",0.0318200433072116,-3.4476588950674,4067
"TT_4068",0.0316577835375427,-3.45277123526984,4068
"TT_4069",0.0315712294917815,-3.45550903222976,4069
"TT_4070",0.0315667801702075,-3.45564997178757,4070
"TT_4071",0.0315624647880288,-3.45578668757399,4071
"TT_4072",0.0315582770486464,-3.45591937737664,4072
"TT_4073",0.0371105202044497,-3.29385478610301,4073
"TT_4074",0.063556768128091,-2.75582178618206,4074
"TT_4075",0.0355706819751114,-3.33623352044449,4075
"TT_4076",0.0333639141297635,-3.40028037834534,4076
"TT_4077",0.0325371568817182,-3.42537255403498,4077
"TT_4078",0.0321118887410178,-3.43852895165084,4078
"TT_4079",0.0682833992272409,-2.68408859865064,4079
"TT_4080",0.0377146205313938,-3.27770744720419,4080
"TT_4081",0.0343571716902553,-3.37094449927458,4081
"TT_4082",0.033232993047111,-3.40421213003946,4082
"TT_4083",0.0326647724251594,-3.4214580776459,4083
"TT_4084",0.0323202159018555,-3.43206236521989,4084
"TT_4085",0.0320883321869916,-3.43926279819351,4085
"TT_4086",0.0319213573568149,-3.4444799835949,4086
"TT_4087",0.0317952804851414,-3.44843741262715,4087
"TT_4088",0.0316966795783286,-3.4515433487482,4088
"TT_4089",0.0316174485264277,-3.4540461422204,4089
"TT_4090",0.0315523946788134,-3.45610579180351,4090
"TT_4091",0.0314980338557754,-3.45783015237556,4091
"TT_4092",0.031494291236066,-3.45794898017588,4092
"TT_4093",0.031491824085284,-3.45802731968835,4093
"TT_4094",0.0314894088063786,-3.45810401805691,4094
"TT_4095",0.0314870436113037,-3.45817913169019,4095
"TT_4096",0.0314847267937765,-3.45825271442459,4096
"TT_4097",0.031482456724444,-3.45832481767605,4097
"TT_4098",0.0314802318469223,-3.45839549056418,4098
"TT_4099",0.031478050673603,-3.4584647800439,4099
"TT_4100",0.0314759117818825,-3.45853273102388,4100
"TT_4101",0.031473813810609,-3.45859938647804,4101
"TT_4102",0.0314717554570189,-3.45866478754168,4102
"TT_4103",0.0314697354734294,-3.45872897361546,4103
"TT_4104",0.0314677526643928,-3.45879198245474,4104
"TT_4105",0.0314658058840828,-3.45885385025168,4105
"TT_4106",0.0314638940336943,-3.45891461171699,4106
"TT_4107",0.0314620160589797,-3.45897430015733,4107
"TT_4108",0.0314601709482333,-3.45903294753863,4108
"TT_4109",0.0314583577298826,-3.45909058456191,4109
"TT_4110",0.0314565754707042,-3.4591472407193,4110
"TT_4111",0.0314548232739866,-3.45920294435181,4111
"TT_4112",0.0314531002775283,-3.45925772271236,4112
"TT_4113",0.031451405652277,-3.45931160200849,4113
"TT_4114",0.415713677301256,-0.877758531409482,4114
"TT_4115",0.153208484228417,-1.87595564312802,4115
"TT_4116",0.0745312472239608,-2.59653681570607,4116
"TT_4117",0.0565823519157528,-2.87205814600246,4117
"TT_4118",0.0487779513736177,-3.02047688433708,4118
"TT_4119",0.0444803329126611,-3.11270814452058,4119
"TT_4120",0.0417878504456575,-3.17514964089579,4120
"TT_4121",0.0399562327400532,-3.21997060542047,4121
"TT_4122",0.03863664401746,-3.25355412595993,4122
"TT_4123",0.0376447841027692,-3.27956087078033,4123
"TT_4124",0.0368745299480557,-3.30023421157477,4124
"TT_4125",0.0362606626829017,-3.31702179795642,4125
"TT_4126",0.0357609997226428,-3.33089737261785,4126
"TT_4127",0.0353471091983646,-3.34253866655021,4127
"TT_4128",0.0349991643594794,-3.35243109322119,4128
"TT_4129",0.0347029386458864,-3.36093090841374,4129
"TT_4130",0.0344479725191508,-3.36830513610921,4130
"TT_4131",0.0342264129906247,-3.37475762332384,4131
"TT_4132",0.0340322552964684,-3.38044651889312,4132
"TT_4133",0.0338608335114432,-3.38549628617602,4133
"TT_4134",0.0337084700124549,-3.39000613752219,4134
"TT_4135",0.0335722290453016,-3.39405607027495,4135
"TT_4136",0.033449740149564,-3.39771126076202,4136
"TT_4137",0.0333390694612616,-3.40102531262903,4137
"TT_4138",0.0332386244568421,-3.40404269201595,4138
"TT_4139",0.033147082458758,-3.40680057651727,4139
"TT_4140",0.0330633362894203,-3.40933027548554,4140
"TT_4141",0.032986452477401,-3.41165833279442,4141
"TT_4142",0.032915638772126,-3.41380739153251,4142
"TT_4143",0.0328502186443395,-3.41579687823381,4143
"TT_4144",0.0327896110872821,-3.41764354890705,4144
"TT_4145",0.0327333144810801,-3.41936192822441,4145
"TT_4146",0.032680893602277,-3.42096466535325,4146
"TT_4147",0.0326319690877394,-3.42246282426632,4147
"TT_4148",0.0325862088314992,-3.42386612209553,4148
"TT_4149",0.0325433209143867,-3.42518312602536,4149
"TT_4150",0.0325030477586528,-3.42642141685393,4150
"TT_4151",0.0324651612676697,-3.42758772560234,4151
"TT_4152",0.0324294587635479,-3.42868804817782,4152
"TT_4153",0.0323957595740943,-3.42972774209181,4153
"TT_4154",0.0323639021521821,-3.43071160839478,4154
"TT_4155",0.0587342924844246,-2.83473152367269,4155
"TT_4156",0.056630009856926,-2.87121622479806,4156
"TT_4157",0.037734834001959,-3.27717163230205,4157
"TT_4158",0.0352048546724116,-3.34657128905786,4158
"TT_4159",0.0341974085382876,-3.37560541151883,4159
"TT_4160",0.0336582060614219,-3.39149838749769,4160
"TT_4161",0.0333218434866502,-3.40154213648376,4161
"TT_4162",0.033090948019971,-3.40849550771676,4162
"TT_4163",0.0329216550837376,-3.41362462850335,4163
"TT_4164",0.0327913998330231,-3.41758899818524,4164
"TT_4165",0.0326874311846935,-3.42076464240759,4165
"TT_4166",0.0326020178908742,-3.42338109403203,4166
"TT_4167",0.0325302073101783,-3.42558616562514,4167
"TT_4168",0.0324686831651504,-3.42747924912093,4168
"TT_4169",0.0324151423517075,-3.42912960882672,4169
"TT_4170",0.032367935600793,-3.43058698815361,4170
"TT_4171",0.0323258505504503,-3.43188804220479,4171
"TT_4172",0.0322879756176125,-3.43306038996445,4172
"TT_4173",0.0322536116917872,-3.4341252515678,4173
"TT_4174",0.0322222131796493,-3.43509921396945,4174
"TT_4175",0.0321933476402997,-3.43599544279721,4175
"TT_4176",0.0321666675266969,-3.43682453256862,4176
"TT_4177",0.0321418900060019,-3.43759511498787,4177
"TT_4178",0.0321187822900129,-3.43831430189206,4178
"TT_4179",0.0320971507986069,-3.43898801295359,4179
"TT_4180",0.032076833036813,-3.43962122165464,4180
"TT_4181",0.0320576914246292,-3.44021814235883,4181
"TT_4182",0.0320396085524238,-3.44078237432154,4182
"TT_4183",0.0320224834913741,-3.44131701379119,4183
"TT_4184",0.0320062288944998,-3.44182474217172,4184
"TT_4185",0.0319907686968689,-3.4423078960231,4185
"TT_4186",0.0319760362748679,-3.44276852313331,4186
"TT_4187",0.0319619729601175,-3.44320842782053,4187
"TT_4188",0.0319485268311334,-3.44362920779335,4188
"TT_4189",0.0319356517228984,-3.44403228438291,4189
"TT_4190",0.0319233064096136,-3.44441892750393,4190
"TT_4191",0.031911453926579,-3.44479027637744,4191
"TT_4192",0.0319000610032166,-3.44514735686663,4192
"TT_4193",0.0318890975867857,-3.4454910960468,4193
"TT_4194",0.0318785364401706,-3.44582233451512,4194
"TT_4195",0.0318683528003708,-3.44614183684716,4195
"TT_4196",0.0318585240867619,-3.44645030053366,4196
"TT_4197",0.0928094143627573,-2.37720719646093,4197
"TT_4198",0.0397630521752586,-3.22481713516875,4198
"TT_4199",0.0352098428828275,-3.34642960811347,4199
"TT_4200",0.0336492908333682,-3.39176329790194,4200
"TT_4201",0.0328756813463004,-3.41502206333623,4201
"TT_4202",0.0324196023347634,-3.42899202879662,4202
"TT_4203",0.032121517493123,-3.43822914652632,4203
"TT_4204",0.0319127966227777,-3.44474820158025,4204
"TT_4205",0.0317831214671457,-3.44881990157845,4205
"TT_4206",0.0317759381769448,-3.44904593671087,4206
"TT_4207",0.0317689530789784,-3.44926578437624,4207
"TT_4208",0.0317621572448328,-3.44947972158392,4208
"TT_4209",0.0317555423135758,-3.44968800781994,4209
"TT_4210",0.0317491004446128,-3.44989088649795,4210
"TT_4211",0.031742824275498,-3.45008858625781,4211
"TT_4212",0.0317367068837762,-3.45028132214067,4212
"TT_4213",0.0882250999495497,-2.42786377652771,4213
"TT_4214",0.0605320276626969,-2.80458267116452,4214
"TT_4215",0.0399932686622782,-3.21904412247249,4215
"TT_4216",0.036346424908752,-3.31465943173075,4216
"TT_4217",0.0348443482263536,-3.35686432920694,4217
"TT_4218",0.0340368974737334,-3.38031012297564,4218
"TT_4219",0.0335372760711722,-3.39509774022109,4219
"TT_4220",0.0331995371823185,-3.40521934344847,4220
"TT_4221",0.0329568233622123,-3.41255695715923,4221
"TT_4222",0.0327743661396648,-3.41810858927027,4222
"TT_4223",0.0326323767417325,-3.42245033187134,4223
"TT_4224",0.0325188017108338,-3.42593684274176,4224
"TT_4225",0.0324258996914736,-3.42879780231881,4225
"TT_4226",0.0323484823528772,-3.43118817249343,4226
"TT_4227",0.0322829483871811,-3.43321610185859,4227
"TT_4228",0.0594511366125164,-2.82260053723052,4228
"TT_4229",0.0375969524368526,-3.28083228408256,4229
"TT_4230",0.0344675709098241,-3.36773637062535,4230
"TT_4231",0.0335307888294878,-3.39529119269998,4231
"TT_4232",0.0330770203510487,-3.40891648691473,4232
"TT_4233",0.0328068408750113,-3.41711822207579,4233
"TT_4234",0.0326257840475206,-3.42265238152013,4234
"TT_4235",0.032494764702508,-3.42667628869888,4235
"TT_4236",0.0323947238249439,-3.42975971435366,4236
"TT_4237",0.032315263880313,-3.43221559442369,4237
"TT_4238",0.0322502264859284,-3.43423021294553,4238
"TT_4239",0.0321957265621194,-3.43592155070138,4239
"TT_4240",0.0321491874358978,-3.43736810277349,4240
"TT_4241",0.0321088292777656,-3.43862423128486,4241
"TT_4242",0.0320733805475729,-3.43972885930853,4242
"TT_4243",0.0320419067134497,-3.44071064814536,4243
"TT_4244",0.0320137041357398,-3.44159121361522,4244
"TT_4245",0.0319882318813533,-3.4423871975281,4245
"TT_4246",0.0319650665097797,-3.44311164405922,4246
"TT_4247",0.0319438712577697,-3.44377493947697,4247
"TT_4248",0.0319243745239586,-3.44438546930061,4248
"TT_4249",0.0319063545220262,-3.44495008771185,4249
"TT_4250",0.0318896281226267,-3.44547445928164,4250
"TT_4251",0.0318740426007525,-3.44596331200946,4251
"TT_4252",0.0318594694367577,-3.44642062759691,4252
"TT_4253",0.0318457995944945,-3.44684978652461,4253
"TT_4254",0.0318329398782152,-3.44725368008659,4254
"TT_4255",0.0318208100887808,-3.44763479791822,4255
"TT_4256",0.0318093407804862,-3.44799529709234,4256
"TT_4257",0.0317984714736406,-3.4483370572179,4257
"TT_4258",0.0317881492174927,-3.44866172476986,4258
"TT_4259",0.0317783274253862,-3.44897074904503,4259
"TT_4260",0.0317689649229812,-3.44926541155941,4260
"TT_4261",0.0317600251647396,-3.44954685026285,4261
"TT_4262",0.0317514755851704,-3.44981607959989,4262
"TT_4263",0.0317432870576771,-3.45007400725244,4263
"TT_4264",0.0317354334408725,-3.45032144818329,4264
"TT_4265",0.0317278911957784,-3.45055913649139,4265
"TT_4266",0.0317206390618506,-3.45078773544963,4266
"TT_4267",0.03171365778031,-3.45100784608114,4267
"TT_4268",0.0317069298581792,-3.4512200144765,4268
"TT_4269",0.0317004393648819,-3.45142473810404,4269
"TT_4270",0.031694171757023,-3.45162247124786,4270
"TT_4271",0.0794292361255508,-2.53288876533473,4271
"TT_4272",0.05446985188478,-2.91010790679752,4272
"TT_4273",0.0390767410229551,-3.24222784773743,4273
"TT_4274",0.033700211383242,-3.39025116914373,4274
"TT_4275",0.0325302098629126,-3.42558608715241,4275
"TT_4276",0.0321279116121344,-3.43803010603299,4276
"TT_4277",0.0318985076853091,-3.4451960513104,4277
"TT_4278",0.0317375333809036,-3.45025528017076,4278
"TT_4279",0.0316459142316429,-3.45314623093224,4279
"TT_4280",0.0316412933723713,-3.45329225915674,4280
"TT_4281",0.0316367946136246,-3.45343444925437,4281
"TT_4282",0.0316324122676293,-3.45357297939307,4282
"TT_4283",0.031628141019229,-3.4537080161003,4283
"TT_4284",0.0316239758949539,-3.45383971522704,4284
"TT_4285",0.0316199122350044,-3.45396822282122,4285
"TT_4286",0.0316159456682292,-3.45409367590787,4286
"TT_4287",0.0316120720892411,-3.4542162032029,4287
"TT_4288",0.0316082876379689,-3.45433592575092,4288
"TT_4289",0.0316045886808579,-3.45445295751188,4289
"TT_4290",0.0316009717940563,-3.45456740588567,4290
"TT_4291",0.0315974337478148,-3.45467937219921,4291
"TT_4292",0.0315939714925731,-3.45478895214073,4292
"TT_4293",0.0315905821459725,-3.45489623616534,4293
"TT_4294",0.0315872629813392,-3.45500130985469,4294
"TT_4295",0.0315840114167251,-3.45510425425934,4295
"TT_4296",0.0315808250051605,-3.45520514620327,4296
"TT_4297",0.031577701425574,-3.45530405856762,4297
"TT_4298",0.031574638474597,-3.45540106054678,4298
"TT_4299",0.0315716340587361,-3.45549621789313,4299
"TT_4300",0.0315686861874842,-3.45558959313236,4300
"TT_4301",0.0315657929668003,-3.45568124576733,4301
"TT_4302",0.0315629525929008,-3.45577123247231,4302
"TT_4303",0.0315601633470738,-3.45585960725506,4303
"TT_4304",0.0315574235902328,-3.45594642162727,4304
"TT_4305",0.0315547317582884,-3.45603172474935,4305
"TT_4306",0.0315520863577104,-3.45611556356926,4306
"TT_4307",0.0315494859614027,-3.45619798295165,4307
"TT_4308",0.0315469292049734,-3.45627902579454,4308
"TT_4309",0.0315444147830044,-3.45635873314618,4309
"TT_4310",0.0315419414460294,-3.45643714429953,4310
"TT_4311",0.0315395079971713,-3.45651429689766,4311
"TT_4312",0.0315371132894195,-3.45659022701897,4312
"TT_4313",0.0315347562229887,-3.45666496925985,4313
"TT_4314",0.0315324357426237,-3.4567385568192,4314
"TT_4315",0.0315301508355028,-3.45681102156402,4315
"TT_4316",0.031527900528828,-3.45688239410494,4316
"TT_4317",0.0315256838878923,-3.45695270385679,4317
"TT_4318",0.0315235000141053,-3.45702197910042,4318
"TT_4319",0.0315213480432235,-3.45709024703821,4319
"TT_4320",0.0315192271435537,-3.45715753385037,4320
"TT_4321",0.0315171365145233,-3.45722386473972,4321
"TT_4322",0.0315150753850055,-3.45728926398421,4322
"TT_4323",0.031513043012013,-3.45735375497791,4323
"TT_4324",0.0315110386793363,-3.45741736027365,4324
"TT_4325",0.0315090616963051,-3.45748010162189,4325
"TT_4326",0.0315071113965626,-3.45754200000916,4326
"TT_4327",0.0315051871370724,-3.45760307568916,4327
"TT_4328",0.0315032882968245,-3.45766334822346,4328
"TT_4329",0.0315014142761552,-3.4577228365027,4329
"TT_4330",0.0314995644955352,-3.45778155878469,4330
"TT_4331",0.0314977383948752,-3.45783953271616,4331
"TT_4332",0.031495935432519,-3.45789677536442,4332
"TT_4333",0.0608472287932985,-2.79938900219126,4333
"TT_4334",0.0346112670339299,-3.36357601310784,4334
"TT_4335",0.0328149004542323,-3.4168725846057,4335
"TT_4336",0.0321539334931316,-3.43722048762904,4336
"TT_4337",0.0318166357752359,-3.44776598839873,4337
"TT_4338",0.169665914758613,-1.77392398278766,4338
"TT_4339",0.0768075342338339,-2.56645254163715,4339
"TT_4340",0.0468397909969314,-3.06102220232638,4340
"TT_4341",0.0401590869381343,-3.21490653946135,4341
"TT_4342",0.037271463891577,-3.28952728824846,4342
"TT_4343",0.0356861300410162,-3.33299317994501,4343
"TT_4344",0.0346948139079296,-3.36116505830174,4344
"TT_4345",0.034021392672296,-3.38076575598294,4345
"TT_4346",0.0335367685425649,-3.39511287360421,4346
"TT_4347",0.0331728526968475,-3.40602342740439,4347
"TT_4348",0.0328904884595503,-3.41457176758253,4348
"TT_4349",0.032665635473686,-3.42143165660999,4349
"TT_4350",0.0324827570454166,-3.42704588288792,4350
"TT_4351",0.0323313879034508,-3.43171675889154,4351
"TT_4352",0.0322042341079902,-3.43565734103939,4352
"TT_4353",0.0320960643423916,-3.43902186251894,4353
"TT_4354",0.0320030340062098,-3.44192456798279,4354
"TT_4355",0.0319222575889064,-3.44445178243203,4355
"TT_4356",0.0318515293736773,-3.44666988010495,4356
"TT_4357",0.0317891359101501,-3.44863068561317,4357
"TT_4358",0.0317337270167397,-3.45037521994018,4358
"TT_4359",0.0316842251245442,-3.45193635209844,4359
"TT_4360",0.0316397603402134,-3.45334071069376,4360
"TT_4361",0.0315996231294745,-3.45461008474284,4361
"TT_4362",0.0315632293044447,-3.45576246553804,4362
"TT_4363",0.0315300937508884,-3.45681283204271,4363
"TT_4364",0.031499810461306,-3.45777375027005,4364
"TT_4365",0.0314720371827511,-3.45865583588115,4365
"TT_4366",0.0314464834860606,-3.45946811493107,4366
"TT_4367",0.0314442147801255,-3.45954026251405,4367
"TT_4368",0.0314429926218093,-3.4595791307789,4368
"TT_4369",0.0314417816917817,-3.45961764344086,4369
"TT_4370",0.0314405818041225,-3.45965580637217,4370
"TT_4371",0.0314393927772947,-3.45969362530692,4371
"TT_4372",0.0314382144340225,-3.45973110584489,4372
"TT_4373",0.031437046601087,-3.45976825345801,4373
"TT_4374",0.0314358891092852,-3.45980507349158,4374
"TT_4375",0.0314347417933621,-3.45984157116647,4375
"TT_4376",0.0314336044916703,-3.45987775158982,4376
"TT_4377",0.031432477046306,-3.45991361975073,4377
"TT_4378",0.0314313593029051,-3.45994918052672,4378
"TT_4379",0.0314302511104796,-3.45998443868884,4379
"TT_4380",0.0314291523213904,-3.46001939890256,4380
"TT_4381",0.0314280627913065,-3.46005406572902,4381
"TT_4382",0.0314269823789328,-3.46008844363364,4382
"TT_4383",0.0314259109461052,-3.46012253698308,4383
"TT_4384",0.0314248483576002,-3.46015635005127,4384
"TT_4385",0.0577455169436326,-2.85170956127518,4385
"TT_4386",0.0548317659108162,-2.90348558306646,4386
"TT_4387",0.036344398930799,-3.31471517406098,4387
"TT_4388",0.033853573321509,-3.3857107217829,4388
"TT_4389",0.0328739476064781,-3.41507480096685,4389
"TT_4390",0.0323593646725061,-3.43085182009626,4390
"TT_4391",0.0320458733807882,-3.44058685957482,4391
"TT_4392",0.031836561740674,-3.44713990936841,4392
"TT_4393",0.0316877745343242,-3.45182433386316,4393
"TT_4394",0.0315770699664827,-3.4553240557611,4394
"TT_4395",0.0314917831757144,-3.45802861874286,4395
"TT_4396",0.0314242503841286,-3.46017537891513,4396
"TT_4397",0.0314117829451279,-3.46057220342819,4397
"TT_4398",0.0314108314621001,-3.46060249452756,4398
"TT_4399",0.0314098871014019,-3.4606325597901,4399
"TT_4400",0.0314089497656827,-3.46066240229486,4400
"TT_4401",0.0314080193595796,-3.46069202505814,4401
"TT_4402",0.0314070957895127,-3.46072143103996,4402
"TT_4403",0.0314061789637269,-3.46075062314273,4403
"TT_4404",0.0314052687921275,-3.46077960421646,4404
"TT_4405",0.031404365186485,-3.46080837705226,4405
"TT_4406",0.0314034680600403,-3.46083694439485,4406
"TT_4407",0.0314025773277493,-3.46086530893478,4407
"TT_4408",0.0314016929061473,-3.46089347331273,4408
"TT_4409",0.0314008147132944,-3.46092144012127,4409
"TT_4410",0.0313999426687479,-3.46094921190565,4410
"TT_4411",0.0313990766935629,-3.46097679116386,4411
"TT_4412",0.0313982167101692,-3.46100418035047,4412
"TT_4413",0.031397362642467,-3.4610313818736,4413
"TT_4414",0.0313965144156771,-3.46105839809969,4414
"TT_4415",0.0313956719563952,-3.46108523135175,4415
"TT_4416",0.031394835192442,-3.46111188391409,4416
"TT_4417",0.0313940040530272,-3.46113835802716,4417
"TT_4418",0.0313931784685173,-3.46116465589487,4418
"TT_4419",0.0313923583705314,-3.46119077968157,4419
"TT_4420",0.0313915436918457,-3.46121673151505,4420
"TT_4421",0.0672953911642375,-2.69866352663429,4421
"TT_4422",0.0583703723467137,-2.84094684070997,4422
"TT_4423",0.0361915086066335,-3.31893075654352,4423
"TT_4424",0.0337739428626694,-3.38806569502854,4424
"TT_4425",0.0328963103571878,-3.41439477469772,4425
"TT_4426",0.0324211633015903,-3.42894388109781,4426
"TT_4427",0.0321261598471879,-3.43808463222587,4427
"TT_4428",0.0319264589317369,-3.44432017938453,4428
"TT_4429",0.051482704255956,-2.9665093674094,4429
"TT_4430",0.0424029786861024,-3.16053666718107,4430
"TT_4431",0.034449562956343,-3.368258967921,4431
"TT_4432",0.03309037953389,-3.40851268736855,4432
"TT_4433",0.0325351710871045,-3.42543358749348,4433
"TT_4434",0.0322382195340161,-3.4346025882404,4434
"TT_4435",0.0320552469522849,-3.44029439755497,4435
"TT_4436",0.0319320543822445,-3.44414493413588,4436
"TT_4437",0.0318438819206192,-3.44691000582011,4437
"TT_4438",0.0317778782148798,-3.44898488489539,4438
"TT_4439",0.0317267394107136,-3.4505954391238,4439
"TT_4440",0.031686021847583,-3.45187964652681,4440
"TT_4441",0.0316528743634671,-3.45292631734442,4441
"TT_4442",0.0316253877277441,-3.45379507184379,4442
"TT_4443",0.0316022377599564,-3.45452734570806,4443
"TT_4444",0.0315824786494526,-3.45515278528493,4444
"TT_4445",0.0315654177491463,-3.45569313268189,4445
"TT_4446",0.0315505367859798,-3.45616467632095,4446
"TT_4447",0.0315374406393401,-3.45657984724138,4447
"TT_4448",0.0315258230884936,-3.45694828840003,4448
"TT_4449",0.0315154433341338,-3.45727758871529,4449
"TT_4450",0.0315061095505174,-3.45757379797251,4450
"TT_4451",0.0314976671371779,-3.45784179503027,4451
"TT_4452",0.0314899901798875,-3.45808555571785,4452
"TT_4453",0.0314829751466791,-3.45830835079193,4453
"TT_4454",0.0314765361674123,-3.45851289428837,4454
"TT_4455",0.0314706014529164,-3.45870145614322,4455
"TT_4456",0.067918138370502,-2.68945214650513,4456
"TT_4457",0.03648666453638,-3.31080844031982,4457
"TT_4458",0.0335504299822895,-3.39470559948295,4458
"TT_4459",0.0325709571649585,-3.4243342721934,4459
"TT_4460",0.0320904859956981,-3.43919567920415,4460
"TT_4461",0.0318088581575609,-3.44801046957233,4461
"TT_4462",0.0316254695684728,-3.45379248402973,4462
"TT_4463",0.067060851331032,-2.70215484296004,4463
"TT_4464",0.131396992410667,-2.02953206200129,4464
"TT_4465",0.0468683958558495,-3.06041169302581,4465
"TT_4466",0.0392780916362262,-3.23708838027522,4466
"TT_4467",0.0364115491192384,-3.31286927116765,4467
"TT_4468",0.0349325031222276,-3.3543375616308,4468
"TT_4469",0.0340407258684145,-3.38019765152034,4469
"TT_4470",0.0334493589680375,-3.3977226564768,4470
"TT_4471",0.0330310437624941,-3.4103074396399,4471
"TT_4472",0.0327209513889519,-3.41973969099085,4472
"TT_4473",0.0324827580448977,-3.42704585211833,4473
"TT_4474",0.0322946036906661,-3.43285513111144,4474
"TT_4475",0.032142582762547,-3.43757356214578,4475
"TT_4476",0.0320174486205796,-3.44147425539464,4476
"TT_4477",0.0319128252353775,-3.44474730499361,4477
"TT_4478",0.0318241807173758,-3.44752887823607,4478
"TT_4479",0.0317482101066605,-3.44991892982591,4479
"TT_4480",0.0316824494331319,-3.45199239705977,4480
"TT_4481",0.0316250261806935,-3.45380650408678,4481
"TT_4482",0.031574493209906,-3.45540566123366,4482
"TT_4483",0.0315297153960903,-3.45682483191404,4483
"TT_4484",0.0314897905061721,-3.45809189660102,4484
"TT_4485",0.0314539928685916,-3.45922934463864,4485
"TT_4486",0.0314217325534939,-3.46025550593418,4486
"TT_4487",0.0313925253170937,-3.46118546163198,4487
"TT_4488",0.0313836063119396,-3.46146961438185,4488
"TT_4489",0.0313822723796659,-3.46151211939577,4489
"TT_4490",0.0313809697334533,-3.46155362924035,4490
"TT_4491",0.031379696846718,-3.46159419244036,4491
"TT_4492",0.0313784522947599,-3.46163385428429,4492
"TT_4493",0.0313772347461862,-3.46167265709663,4493
"TT_4494",0.0313760429554923,-3.46171064047336,4494
"TT_4495",0.0313748757562,-3.46174784149978,4495
"TT_4496",0.0664371307801269,-2.71149918029708,4496
"TT_4497",0.0480294910062099,-3.03594006077547,4497
"TT_4498",0.0464614558240852,-3.06913221713112,4498
"TT_4499",0.034278631841084,-3.37323309733597,4499
"TT_4500",0.0332541476468733,-3.40357577840047,4500
"TT_4501",0.0327728681393732,-3.41815429677596,4501
"TT_4502",0.125244214710357,-2.07748973002122,4502
"TT_4503",0.0509188060704164,-2.97752295273168,4503
"TT_4504",0.0393002354346107,-3.2365247694223,4504
"TT_4505",0.0360255739131885,-3.32352620625361,4505
"TT_4506",0.034511899326906,-3.36645110638566,4506
"TT_4507",0.0336522733040362,-3.39167466784681,4507
"TT_4508",0.0331034935661938,-3.40811645636223,4508
"TT_4509",0.0327254081522733,-3.41960349507837,4509
"TT_4510",0.0324505190076823,-3.42803884188653,4510
"TT_4511",0.0322424783744237,-3.43447049164244,4511
"TT_4512",0.0320800575415098,-3.43952070229747,4512
"TT_4513",0.0319500659281727,-3.44358103468114,4513
"TT_4514",0.0318438967431281,-3.44690954034591,4514
"TT_4515",0.031755706967969,-3.44968282277335,4515
"TT_4516",0.0316813975046802,-3.45202559985608,4516
"TT_4517",0.0316180120920795,-3.45402831786532,4517
"TT_4518",0.031565830322291,-3.4556800623512,4518
"TT_4519",0.0315534905079865,-3.45607106194686,4519
"TT_4520",0.0315422431219299,-3.45642758006714,4520
"TT_4521",0.0315319468897796,-3.45675406011357,4521
"TT_4522",0.0315224836458067,-3.45705422122719,4522
"TT_4523",0.0315137538302636,-3.45733119891331,4523
"TT_4524",0.0315056729941841,-3.45758765431225,4524
"TT_4525",0.0314981690593951,-3.45782585993845,4525
"TT_4526",0.0314911801505572,-3.45804776757694,4526
"TT_4527",0.0929040455193359,-2.37618808707781,4527
"TT_4528",0.0557793538801229,-2.88635148021089,4528
"TT_4529",0.0391003939929932,-3.24162273549445,4529
"TT_4530",0.0357180079022189,-3.33210029434373,4530
"TT_4531",0.034282007015433,-3.37313463925833,4531
"TT_4532",0.0334970461316819,-3.39629801921245,4532
"TT_4533",0.0330054901858511,-3.41108136208527,4533
"TT_4534",0.0326699839845101,-3.42129854358936,4534
"TT_4535",0.0324268864039906,-3.42876737301649,4535
"TT_4536",0.0322428268431239,-3.43445968394915,4536
"TT_4537",0.0320986870736527,-3.43894015081496,4537
"TT_4538",0.0319827569781728,-3.44255836584334,4538
"TT_4539",0.031887478089547,-3.44554188263175,4539
"TT_4540",0.0318077610420155,-3.44804496104828,4540
"TT_4541",0.0317400574245487,-3.45017575466847,4541
"TT_4542",0.0316818197227304,-3.45201227294282,4542
"TT_4543",0.0316311728056708,-3.45361216344997,4543
"TT_4544",0.0315867064400019,-3.45501892917931,4544
"TT_4545",0.0744644850164638,-2.59743297844793,4545
"TT_4546",0.163201524111975,-1.81276949757432,4546
"TT_4547",0.0516083594782228,-2.96407161422416,4547
"TT_4548",0.0418065750192774,-3.17470165470942,4548
"TT_4549",0.0381098283473361,-3.26728306824358,4549
"TT_4550",0.0362031294709853,-3.31860971441222,4550
"TT_4551",0.0350534974977891,-3.35087988452293,4551
"TT_4552",0.0342909704375413,-3.37287321201709,4552
"TT_4553",0.0337513811249681,-3.38873394027961,4553
"TT_4554",0.0333511938208529,-3.40066171053397,4554
"TT_4555",0.0330436148453521,-3.40992692816169,4555
"TT_4556",0.0328004883142613,-3.41731187607294,4556
"TT_4557",0.0326039060645783,-3.42332317985522,4557
"TT_4558",0.0324419609552829,-3.42830260287868,4558
"TT_4559",0.0323064428804276,-3.43248859866274,4559
"TT_4560",0.0321915165230517,-3.43605232316102,4560
"TT_4561",0.0320929264042902,-3.43911963436634,4561
"TT_4562",0.0320074998587117,-3.44178503305816,4562
"TT_4563",0.0319328257052069,-3.44412077929644,4563
"TT_4564",0.0318670404050681,-3.44618301946915,4564
"TT_4565",0.0318086821065339,-3.44801600424174,4565
"TT_4566",0.0317565887780644,-3.44965505460389,4566
"TT_4567",0.0317098256898082,-3.45112868745714,4567
"TT_4568",0.0316676328647751,-3.45246016499596,4568
"TT_4569",0.0316293863882441,-3.45366864152888,4569
"TT_4570",0.031594569506517,-3.45477002421694,4570
"TT_4571",0.0315627507529049,-3.45577762733163,4571
"TT_4572",0.0482651925035967,-3.0310446302176,4572
"TT_4573",0.0649142705673663,-2.73468779396776,4573
"TT_4574",0.0372594785819856,-3.28984890794887,4574
"TT_4575",0.0345127875981803,-3.36642536860071,4575
"TT_4576",0.033455401028481,-3.39754203971769,4576
"TT_4577",0.0328993212054617,-3.41430325347649,4577
"TT_4578",0.0325569245583663,-3.42476519690454,4578
"TT_4579",0.0323245988906891,-3.43192676304191,4579
"TT_4580",0.0321561714103736,-3.43715088994307,4580
"TT_4581",0.0320280571676867,-3.44114297384494,4581
"TT_4582",0.0319269930591077,-3.44430344959611,4582
"TT_4583",0.0318449647168169,-3.44687600312561,4583
"TT_4584",0.0317768505386464,-3.449017224778,4584
"TT_4585",0.0317192270456066,-3.45083225055759,4585
"TT_4586",0.0316697196654193,-3.45239427020997,4586
"TT_4587",0.0316266295407565,-3.45375580628148,4587
"TT_4588",0.031588708783507,-3.45495553921982,4588
"TT_4589",0.0315550197056301,-3.45602259946094,4589
"TT_4590",0.0315248436337138,-3.45697935721598,4590
"TT_4591",0.0314976200957989,-3.45784328851911,4591
"TT_4592",0.0314729052158914,-3.45862825516991,4592
"TT_4593",0.0314503426004124,-3.45934540240019,4593
"TT_4594",0.0314296425528441,-3.46000380103898,4594
"TT_4595",0.0314105669646239,-3.46061091514483,4595
"TT_4596",0.0313929181524473,-3.46117294805138,4596
"TT_4597",0.0313765304887925,-3.46169510220064,4597
"TT_4598",0.0539060103251522,-2.92051329846839,4598
"TT_4599",0.0394985458534303,-3.23149142158992,4599
"TT_4600",0.0337370733010329,-3.38915794833466,4600
"TT_4601",0.0325330250046787,-3.42549955159131,4601
"TT_4602",0.0320206046944633,-3.44137568669297,4602
"TT_4603",0.0317413597450538,-3.45013472469267,4603
"TT_4604",0.0315675018979147,-3.45562710852902,4604
"TT_4605",0.0314497248532109,-3.45936504457949,4605
"TT_4606",0.0313651255314729,-3.46205865516269,4606
"TT_4607",0.0313313264320348,-3.46313683747298,4607
"TT_4608",0.0313305924084473,-3.46316026553267,4608
"TT_4609",0.031329866503702,-3.46318343500056,4609
"TT_4610",0.0313291485193678,-3.46320635219241,4610
"TT_4611",0.031328438263929,-3.46322902320402,4611
"TT_4612",0.0313277355525543,-3.46325145391857,4612
"TT_4613",0.0313270402066882,-3.46327365001959,4613
"TT_4614",0.0313263520539014,-3.46329561699574,4614
"TT_4615",0.0313256709275503,-3.46331736015163,4615
"TT_4616",0.0313249966665319,-3.46333888461559,4616
"TT_4617",0.0313243291151344,-3.46336019534445,4617
"TT_4618",0.0313236681226556,-3.46338129713567,4618
"TT_4619",0.0313230135433896,-3.46340219462772,4619
"TT_4620",0.0313223652362318,-3.4634228923127,4620
"TT_4621",0.0313217230646245,-3.46344339453804,4621
"TT_4622",0.0805688645059264,-2.51864300055378,4622
"TT_4623",0.0369340776948238,-3.29862063934818,4623
"TT_4624",0.0340280403209513,-3.3805703789347,4624
"TT_4625",0.0329496725430209,-3.41277395607933,4625
"TT_4626",0.0323974229629397,-3.42967639752806,4626
"TT_4627",0.0320658553942315,-3.43996350985482,4627
"TT_4628",0.0318465787138058,-3.44682532145258,4628
"TT_4629",0.03169175987804,-3.45169857264519,4629
"TT_4630",0.0315771499914992,-3.45532152148812,4630
"TT_4631",0.0314892026113617,-3.45811056615355,4631
"TT_4632",0.0314197837695041,-3.46031752811647,4632
"TT_4633",0.0313637285272778,-3.46210319620258,4633
"TT_4634",0.0313176073689924,-3.4635748038494,4634
"TT_4635",0.0313133097149323,-3.46371204131188,4635
"TT_4636",0.0313127457582875,-3.46373005159979,4636
"TT_4637",0.0313121862387653,-3.46374792050613,4637
"TT_4638",0.0313116310743032,-3.46376565064415,4638
"TT_4639",0.0313110801852346,-3.46378324455082,4639
"TT_4640",0.0313105334938668,-3.4638007047003,4640
"TT_4641",0.03130999092474,-3.46381803349567,4641
"TT_4642",0.0313094524043682,-3.46383523327718,4642
"TT_4643",0.0313089178612664,-3.46385230632139,4643
"TT_4644",0.0313083872256925,-3.46386925484938,4644
"TT_4645",0.0313078604299189,-3.46388608101809,4645
"TT_4646",0.031764357476984,-3.44941045185736,4646
"TT_4647",0.204819304682466,-1.58562712911423,4647
"TT_4648",0.0521235471510289,-2.95413847165394,4648
"TT_4649",0.0419324215596609,-3.17169596703061,4649
"TT_4650",0.0381468406321144,-3.26631233904232,4650
"TT_4651",0.057894090800867,-2.84913995831849,4651
"TT_4652",0.0440243427422199,-3.12301255390563,4652
"TT_4653",0.0347236578214206,-3.36033404273968,4653
"TT_4654",0.0337281454108153,-3.38942261479362,4654
"TT_4655",0.0333253855997977,-3.40143584209765,4655
"TT_4656",0.0330163011572508,-3.41075386501873,4656
"TT_4657",0.0327723201077775,-3.41817101902851,4657
"TT_4658",0.0325752978535711,-3.42420101238844,4658
"TT_4659",0.0324131853962982,-3.42918998229239,4659
"TT_4660",0.0322776836959251,-3.43337919478683,4660
"TT_4661",0.032162899634905,-3.43694167595889,4661
"TT_4662",0.0320645390291121,-3.44000456262336,4662
"TT_4663",0.0319794026402916,-3.44266325091615,4663
"TT_4664",0.0319050606591985,-3.44499064041936,4664
"TT_4665",0.0318396362586621,-3.4470433421082,4665
"TT_4666",0.0317816579694621,-3.44886594901846,4666
"TT_4667",0.0317299567168262,-3.45049403749681,4667
"TT_4668",0.0316835925644076,-3.45195631681111,4668
"TT_4669",0.0316418016594017,-3.45327619524488,4669
"TT_4670",0.0316039571883691,-3.45447293874954,4670
"TT_4671",0.0315695402248987,-3.45556254018953,4671
"TT_4672",0.031538117674616,-3.45655837980474,4672
"TT_4673",0.0315093253879385,-3.45747173290141,4673
"TT_4674",0.0314828550863772,-3.45831216429845,4674
"TT_4675",0.0314584441380991,-3.45908783781656,4675
"TT_4676",0.031435867486501,-3.45980576132934,4676
"TT_4677",0.0314149312229511,-3.46047198243565,4677
"TT_4678",0.0313954674273736,-3.46109174593401,4678
"TT_4679",0.031377329995373,-3.4616696214868,4679
"TT_4680",0.0313603912395446,-3.46220960782697,4680
"TT_4681",0.0536360720157784,-2.92553345188949,4681
"TT_4682",0.0398029937385449,-3.22381314995917,4682
"TT_4683",0.0338133068034845,-3.3869008615589,4683
"TT_4684",0.0325898346930528,-3.42375485846671,4684
"TT_4685",0.0320716720232857,-3.43978212995745,4685
"TT_4686",0.0317898378319076,-3.44860860530214,4686
"TT_4687",0.0316144896053911,-3.45413973166668,4687
"TT_4688",0.0314957020043271,-3.457904186767,4688
"TT_4689",0.0314103347482819,-3.46061830810913,4689
"TT_4690",0.0313462564690906,-3.46266042990756,4690
"TT_4691",0.0312965215872309,-3.46424831900996,4691
"TT_4692",0.0312864926484089,-3.46456881935754,4692
"TT_4693",0.031286095070017,-3.46458152710726,4693
"TT_4694",0.0312856993907578,-3.46459417431556,4694
"TT_4695",0.0312853055882371,-3.46460676169596,4695
"TT_4696",0.0312849136405368,-3.46461928994678,4696
"TT_4697",0.0312845235260796,-3.46463175975552,4697
"TT_4698",0.0312841352236964,-3.46464417179666,4698
"TT_4699",0.0312837487126265,-3.46465652673167,4699
"TT_4700",0.0312833639724767,-3.46466882521032,4700
"TT_4701",0.0312829809831943,-3.46468106787154,4701
"TT_4702",0.0312825997250941,-3.46469325534254,4702
"TT_4703",0.0312822201788721,-3.46470538823839,4703
"TT_4704",0.0312818423255373,-3.46471746716421,4704
"TT_4705",0.0312814661463983,-3.46472949271554,4705
"TT_4706",0.0312810916231585,-3.46474146547539,4706
"TT_4707",0.0312807187378072,-3.46475338601763,4707
"TT_4708",0.0312803474726058,-3.46476525490746,4708
"TT_4709",0.0312799778101699,-3.46477707269882,4709
"TT_4710",0.0312796097334144,-3.46478883993611,4710
"TT_4711",0.0312792432254858,-3.46480055715634,4711
"TT_4712",0.0312788782698979,-3.46481222488481,4712
"TT_4713",0.0312785148503555,-3.46482384364078,4713
"TT_4714",0.0312781529508762,-3.46483541393351,4714
"TT_4715",0.0312777925557635,-3.46484693626316,4715
"TT_4716",0.0312774336495251,-3.46485841112338,4716
"TT_4717",0.0312770762169685,-3.46486983899828,4717
"TT_4718",0.0312767202431322,-3.46488122036461,4718
"TT_4719",0.0312763657133,-3.46489255569129,4719
"TT_4720",0.0312760126129462,-3.4649038454412,4720
"TT_4721",0.0312756609278584,-3.46491509006722,4721
"TT_4722",0.031275310644028,-3.46492629001573,4722
"TT_4723",0.0312749617476101,-3.46493744572791,4723
"TT_4724",0.0312746142250185,-3.4649485576367,4724
"TT_4725",0.0312742680629117,-3.46495962616724,4725
"TT_4726",0.0312739232480983,-3.46497065173988,4726
"TT_4727",0.0312735797676454,-3.46498163476674,4727
"TT_4728",0.0312732376087426,-3.46499257565605,4728
"TT_4729",0.0607249323798975,-2.80140091764088,4729
"TT_4730",0.0352663040034306,-3.34482733173552,4730
"TT_4731",0.0332647708821251,-3.40325637346795,4731
"TT_4732",1.01009856796795,0.010047918138853,4732
"TT_4733",0.423658787965498,-0.858826893095948,4733
"TT_4734",0.157011727738673,-1.85143477745122,4734
"TT_4735",0.10322043670202,-2.2708884154817,4735
"TT_4736",0.0804840417397704,-2.51969635346713,4736
"TT_4737",0.06812702280604,-2.68638133387382,4737
"TT_4738",0.0604435173511605,-2.8060459475204,4738
"TT_4739",0.0552422064180498,-2.89602800884101,4739
"TT_4740",0.0515078427733607,-2.96602119604554,4740
"TT_4741",0.0487082028909492,-3.02190782589173,4741
"TT_4742",0.04653852624589,-3.06747478800624,4742
"TT_4743",0.0448122963643836,-3.10527270480258,4743
"TT_4744",0.0434092627181783,-3.13708243396188,4744
"TT_4745",0.0422485787295221,-3.16418456528271,4745
"TT_4746",0.0412739813359884,-3.1875229694081,4746
"TT_4747",0.0404451666617386,-3.20780813182004,4747
"TT_4748",0.0397325439249505,-3.225584680877,4748
"TT_4749",0.0391139224343832,-3.24127680287896,4749
"TT_4750",0.0385723510558781,-3.25521955306156,4750
"TT_4751",0.0380946694338466,-3.26768091651057,4751
"TT_4752",0.037670512486476,-3.27887765273903,4752
"TT_4753",0.0372916114495468,-3.28898687173887,4753
"TT_4754",0.0369512936207335,-3.29815462216738,4754
"TT_4755",0.0366441181058914,-3.30650235177217,4755
"TT_4756",0.0363656064505468,-3.31413182875003,4756
"TT_4757",0.03611204062213,-3.32112893401476,4757
"TT_4758",0.0358803095531157,-3.32756661437291,4758
"TT_4759",0.0356677912021368,-3.3335072046535,4759
"TT_4760",0.035472260933925,-3.33900427008187,4760
"TT_4761",0.0352918196378533,-3.34410408020279,4761
"TT_4762",0.035124836815353,-3.34884679716527,4762
"TT_4763",0.0349699051355433,-3.35326744064878,4763
"TT_4764",0.034825803861323,-3.3573966767019,4764
"TT_4765",0.0346914691978214,-3.36126146669721,4765
"TT_4766",0.0345659700874174,-3.36488560438009,4766
"TT_4767",0.034448488323852,-3.36829016277981,4767
"TT_4768",0.0343383021155951,-3.37149386807835,4768
"TT_4769",0.0342347724235608,-3.37451341391008,4769
"TT_4770",0.0341373315434951,-3.37736372684128,4770
"TT_4771",0.302025843443865,-1.19724269095111,4771
"TT_4772",0.0770385837138488,-2.56344889543788,4772
"TT_4773",0.0521425507589568,-2.95377395032784,4773
"TT_4774",0.0442784418187393,-3.11725736103956,4774
"TT_4775",0.0404973210096614,-3.20651945496711,4775
"TT_4776",0.0383042684112822,-3.2621939422355,4776
"TT_4777",0.0368852787872867,-3.29994275639094,4777
"TT_4778",0.0358983115361157,-3.32706501701414,4778
"TT_4779",0.035175537792091,-3.34740438705546,4779
"TT_4780",0.034625375607246,-3.36316846667077,4780
"TT_4781",0.0341938014252295,-3.37571089621675,4781
"TT_4782",0.0338469847362614,-3.38590536080678,4782
"TT_4783",0.0335627121074912,-3.39433958695675,4783
"TT_4784",0.0333258246611429,-3.40142266720275,4784
"TT_4785",0.0331574922234794,-3.40648657812857,4785
"TT_4786",0.0331134977861631,-3.40781429162049,4786
"TT_4787",0.0330712851380851,-3.40908989159791,4787
"TT_4788",0.0330307512051159,-3.41031629672223,4788
"TT_4789",0.0329918005817547,-3.41149621560831,4789
"TT_4790",0.0329543448380755,-3.4126321651765,4790
"TT_4791",0.0329183019001614,-3.41372648712334,4791
"TT_4792",0.0328835954948612,-3.41478136273916,4792
"TT_4793",0.0328501546513832,-3.41579882625794,4793
"TT_4794",0.0328179132530829,-3.41678077690518,4794
"TT_4795",0.0327868096336842,-3.41772898978866,4795
"TT_4796",0.0327567862127902,-3.41864512576216,4796
"TT_4797",0.0327277891664349,-3.41953074036935,4797
"TT_4798",0.032699768128878,-3.42038729196407,4798
"TT_4799",0.0326726759219949,-3.42121614910189,4799
"TT_4800",0.0326464683096332,-3.42201859726854,4800
"TT_4801",0.0326211037742007,-3.42279584501653,4801
"TT_4802",0.0325965433131429,-3.42354902957058,4802
"TT_4803",0.0325727502531172,-3.42427922195969,4803
"TT_4804",0.0325496900807771,-3.42498743170078,4804
"TT_4805",0.0325273302873593,-3.42567461111284,4805
"TT_4806",0.0325056402270076,-3.42634165925733,4806
"TT_4807",0.0324845909863411,-3.42698942557573,4807
"TT_4808",0.0324641552652407,-3.42761871322034,4808
"TT_4809",0.0324443072668919,-3.42823028213426,4809
"TT_4810",0.0324250225967722,-3.42882485188636,4810
"TT_4811",0.0324062781697253,-3.42940310428443,4811
"TT_4812",0.0323880521240593,-3.42996568579624,4812
"TT_4813",0.0323703237426015,-3.43051320977792,4813
"TT_4814",0.0323530733792943,-3.43104625855109,4814
"TT_4815",0.0323362823916993,-3.43156538531536,4815
"TT_4816",0.0323199330784559,-3.43207111592371,4816
"TT_4817",0.0323040086210844,-3.4325639505381,4817
"TT_4818",0.0322884930303068,-3.43304436515836,4818
"TT_4819",0.0322733710960989,-3.43351281304749,4819
"TT_4820",0.032258628341214,-3.43396972606026,4820
"TT_4821",0.0322442509781226,-3.43441551587558,4821
"TT_4822",0.032230225868744,-3.4348505751513,4822
"TT_4823",0.0322165404872128,-3.43527527859294,4823
"TT_4824",0.0322031828847425,-3.4356899839646,4824
"TT_4825",0.032190141657416,-3.4360950330158,4825
"TT_4826",0.0574497191922199,-2.8568451625632,4826
"TT_4827",0.0375873877100311,-3.28108671810046,4827
"TT_4828",0.0338397309420083,-3.386119695162,4828
"TT_4829",0.0328402491321261,-3.41610040818655,4829
"TT_4830",0.0323826915814343,-3.43013120937465,4830
"TT_4831",0.0321220838573412,-3.4382115147558,4831
"TT_4832",0.032106854870638,-3.43868572427226,4832
"TT_4833",0.032095990302047,-3.43902416935722,4833
"TT_4834",0.0320853595686768,-3.43935544108924,4834
"TT_4835",0.0320749553284341,-3.43967976120365,4835
"TT_4836",0.0320647705383972,-3.4399973425461,4836
"TT_4837",0.0320547984400725,-3.44030838950302,4837
"TT_4838",0.0320450325452366,-3.44061309841602,4838
"TT_4839",0.0320354666226764,-3.44091165797019,4839
"TT_4840",0.0320260946857874,-3.44120424955755,4840
"TT_4841",0.0320169109807976,-3.4414910476226,4841
"TT_4842",0.0320079099756321,-3.44177221998952,4842
"TT_4843",0.0319990863494712,-3.44204792816904,4843
"TT_4844",0.0319904349829077,-3.44231832764808,4844
"TT_4845",0.0319819509485674,-3.44258356816605,4845
"TT_4846",0.0319736295022059,-3.44284379397746,4846
"TT_4847",0.0319654660745945,-3.44309914409094,4847
"TT_4848",0.0319574562632706,-3.44334975251349,4848
"TT_4849",0.0319495958254726,-3.44359574845856,4849
"TT_4850",0.031941880670679,-3.44383725656744,4850
"TT_4851",0.0319343068541018,-3.44407439710153,4851
"TT_4852",0.0319268705703148,-3.44430728613116,4852
"TT_4853",0.0319195681471822,-3.44453603571566,4853
"TT_4854",0.0319123960401002,-3.44476075407436,4854
"TT_4855",0.0319053508266194,-3.44498154574612,4855
"TT_4856",0.0318984292013125,-3.4451985117419,4856
"TT_4857",0.0318916279707375,-3.44541174969472,4857
"TT_4858",0.0318849440489449,-3.44562135399314,4858
"TT_4859",0.0318783744529176,-3.4458274159173,4859
"TT_4860",0.031871916298391,-3.4460300237634,4860
"TT_4861",0.0318655667959192,-3.44622926296095,4861
"TT_4862",0.0318593232469266,-3.44642521619079,4862
"TT_4863",0.0318531830401007,-3.44661796349278,4863
"TT_4864",0.0318471436480838,-3.44680758236442,4864
"TT_4865",0.0318412026239471,-3.44699414786665,4865
"TT_4866",0.0318353575981684,-3.44717773271403,4866
"TT_4867",0.0318296062755557,-3.44735840736704,4867
"TT_4868",0.0318239464325516,-3.44753624011252,4868
"TT_4869",0.0318183759142109,-3.44771129715474,4869
"TT_4870",0.0318128926319002,-3.4478836426839,4870
"TT_4871",0.0318074945605476,-3.44805333895906,4871
"TT_4872",0.0318021797364106,-3.44822044637497,4872
"TT_4873",0.0317969462547749,-3.44838502353122,4873
"TT_4874",0.0317917922677628,-3.44854712729811,4874
"TT_4875",0.0317867159821551,-3.44870681288238,4875
"TT_4876",0.031781715657635,-3.44886413387966,4876
"TT_4877",0.0317767896045825,-3.4490191423413,4877
"TT_4878",0.0317719361825499,-3.44917188881991,4878
"TT_4879",0.0317671537982874,-3.44932242242915,4879
"TT_4880",0.0317624409041374,-3.4494707908921,4880
"TT_4881",0.0317577959964956,-3.44961704058752,4881
"TT_4882",0.0317532176141911,-3.44976121659896,4882
"TT_4883",0.0317487043370709,-3.44990336275735,4883
"TT_4884",0.031744254784502,-3.45004352168639,4884
"TT_4885",0.0317398676141463,-3.45018173483944,4885
"TT_4886",0.0317355415205586,-3.45031804254201,4886
"TT_4887",0.0317312752339612,-3.45045248402882,4887
"TT_4888",0.0317270675190322,-3.4505850974805,4888
"TT_4889",0.0317229171738711,-3.45071592005476,4889
"TT_4890",0.0317188230286373,-3.45084498792794,4890
"TT_4891",0.0317147839448423,-3.45097233631606,4891
"TT_4892",0.0317107988139746,-3.45109799951693,4892
"TT_4893",0.0317068665567375,-3.45122201093296,4893
"TT_4894",0.031702986122123,-3.45134440309933,4894
"TT_4895",0.0316991564862961,-3.45146520771804,4895
"TT_4896",0.0316953766519817,-3.45158445567624,4896
"TT_4897",0.0316916456474029,-3.45170217707876,4897
"TT_4898",0.0316879625256412,-3.45181840126732,4898
"TT_4899",0.0316843263637789,-3.45193315684677,4899
"TT_4900",0.0316807362621364,-3.45204647170823,4900
"TT_4901",0.0316771913435784,-3.4521583730502,4901
"TT_4902",0.0316736907528465,-3.45226888739884,4902
"TT_4903",0.0316702336558241,-3.45237804063045,4903
"TT_4904",0.0316668192389649,-3.45248585798874,4904
"TT_4905",0.031663446708598,-3.45259236410614,4905
"TT_4906",0.0316601152903842,-3.45269758302029,4906
"TT_4907",0.0316568242287028,-3.45280153819277,4907
"TT_4908",0.0316535727861342,-3.45290425252485,4908
"TT_4909",0.0316503602428887,-3.45300574837493,4909
"TT_4910",0.0316471858962615,-3.45310604757525,4910
"TT_4911",0.0316440490602515,-3.45320517144334,4911
"TT_4912",0.0316409490648537,-3.45330314080392,4912
"TT_4913",0.031637885255882,-3.45339997599398,4913
"TT_4914",0.0316348569942478,-3.45349569688512,4914
"TT_4915",0.031631863655742,-3.45359032288999,4915
"TT_4916",0.0316289046304498,-3.45368387298034,4916
"TT_4917",0.0316259793223967,-3.45377636569781,4917
"TT_4918",0.0316230871492355,-3.45386781916344,4918
"TT_4919",0.0316202275417558,-3.45395825109274,4919
"TT_4920",0.0316173999435714,-3.45404767880528,4920
"TT_4921",0.0316146038107389,-3.45413611923634,4921
"TT_4922",0.0316118386114716,-3.45422358894563,4922
"TT_4923",0.0316091038257179,-3.45431010413032,4923
"TT_4924",0.0316063989449296,-3.45439568063201,4924
"TT_4925",0.0316037234716671,-3.45448033394897,4925
"TT_4926",0.0316010769193681,-3.45456407924313,4926
"TT_4927",0.031598458812021,-3.45464693135014,4927
"TT_4928",0.0315958686839055,-3.4547289047873,4928
"TT_4929",0.031593306079308,-3.45481001376233,4929
"TT_4930",0.0315907705521798,-3.4548902721839,4930
"TT_4931",0.0315882616660296,-3.45496969366484,4931
"TT_4932",0.0315857789936499,-3.45504829153051,4932
"TT_4933",0.0315833221166282,-3.45512607883411,4933
"TT_4934",0.03158089062555,-3.45520306834997,4934
"TT_4935",0.0315784841193871,-3.45527927259277,4935
"TT_4936",0.0315761022054699,-3.45535470381818,4936
"TT_4937",0.0315737444992017,-3.45542937403172,4937
"TT_4938",0.0315714106239633,-3.45550329499161,4938
"TT_4939",0.0315691002107047,-3.45557647822149,4939
"TT_4940",0.0315668128979857,-3.455648935009,4940
"TT_4941",0.0315645483316769,-3.45572067641503,4941
"TT_4942",0.0315623061646868,-3.45579171328227,4942
"TT_4943",0.0315600860570168,-3.45586205623325,4943
"TT_4944",0.0315578876752979,-3.4559317156849,4944
"TT_4945",0.0315557106929408,-3.45600070184365,4945
"TT_4946",0.031553554789632,-3.45606902472122,4946
"TT_4947",0.0315514196515381,-3.45613669412807,4947
"TT_4948",0.101068291399953,-2.29195883815419,4948
"TT_4949",0.0487630799426143,-3.02078181101087,4949
"TT_4950",0.0378487476491097,-3.27415738685586,4950
"TT_4951",0.0350518547539661,-3.3509267495274,4951
"TT_4952",0.033796344776624,-3.38740262504444,4952
"TT_4953",0.0330939488106077,-3.40840482870139,4953
"TT_4954",0.0326496670015115,-3.42192062234658,4954
"TT_4955",0.0323454955442315,-3.43128050902134,4955
"TT_4956",0.0321253540053889,-3.43810971620447,4956
"TT_4957",0.0319593245957021,-3.44329129110767,4957
"TT_4958",0.0318300556574177,-3.44734428910601,4958
"TT_4959",0.0317268239869191,-3.45059277335687,4959
"TT_4960",0.0316426630682974,-3.45324897185287,4960
"TT_4961",0.0315728602419827,-3.45545738051672,4961
"TT_4962",0.0315216885466083,-3.45707944478619,4962
"TT_4963",0.0315198475533245,-3.45713785051036,4963
"TT_4964",0.0315180228197385,-3.45719574376011,4964
"TT_4965",0.0315162141228872,-3.45725313152077,4965
"TT_4966",0.0315144212439464,-3.45731002064876,4966
"TT_4967",0.031512643967917,-3.45736641788141,4967
"TT_4968",0.0315108820836799,-3.45742232983518,4968
"TT_4969",0.0315091353839415,-3.45747776300734,4969
"TT_4970",0.0315074036650019,-3.45753272378323,4970
"TT_4971",0.0315056867268372,-3.45758721843361,4971
"TT_4972",0.0315039843728676,-3.45764125312194,4972
"TT_4973",0.0315022964099981,-3.45769483390306,4973
"TT_4974",0.0315006226485512,-3.45774796672523,4974
"TT_4975",0.0314989629020482,-3.45780065743705,4975
"TT_4976",0.0314973169873186,-3.4578529117839,4976
"TT_4977",0.0314956847243096,-3.45790473541399,4977
"TT_4978",0.0314940659360855,-3.45795613387826,4978
"TT_4979",0.0314924604486924,-3.45800711263469,4979
"TT_4980",0.0314908680912256,-3.45805767704607,4980
"TT_4981",0.0314892886955304,-3.45810783238947,4981
"TT_4982",0.0438653603706356,-3.12663032798733,4982
"TT_4983",0.0568728891763417,-2.86693651578274,4983
"TT_4984",0.0353674541508732,-3.34196325599526,4984
"TT_4985",0.0332489593191045,-3.40373181104364,4985
"TT_4986",0.0324431337223645,-3.42826645383435,4986
"TT_4987",0.0320260497757697,-3.44120565185307,4987
"TT_4988",0.064755648670148,-2.73713434405851,4988
"TT_4989",0.0485680177873665,-3.02479003491773,4989
"TT_4990",0.0359161139658281,-3.32656922720721,4990
"TT_4991",0.0336995100063665,-3.39027198159996,4991
"TT_4992",0.0327905030955586,-3.41761634528633,4992
"TT_4993",0.032303809933495,-3.43257010111225,4993
"TT_4994",0.0320039871075859,-3.44189478683193,4994
"TT_4995",0.0318023273856912,-3.44821580364485,4995
"TT_4996",0.031658232358685,-3.45275705809409,4996
"TT_4997",0.0315506034467194,-3.45616256349892,4997
"TT_4998",0.0314674385970941,-3.45880196311238,4998
"TT_4999",0.0314629003140469,-3.45894619507215,4999
"TT_5000",0.0314615387100445,-3.45898947250215,5000
"TT_5001",0.0314601872320134,-3.4590324299389,5001
"TT_5002",0.0314588457607806,-3.45907507112931,5002
"TT_5003",0.0314575141790652,-3.45911739976106,5003
"TT_5004",0.031456192371397,-3.45915941946522,5004
"TT_5005",0.0314548802240348,-3.45920113381878,5005
"TT_5006",0.0314535776250613,-3.45924254634161,5006
"TT_5007",0.0314522844642203,-3.45928366050167,5007
"TT_5008",0.0314510006330255,-3.45932447971145,5008
"TT_5009",0.0314497260245013,-3.45936500733623,5009
"TT_5010",0.0314484605334559,-3.4594052466854,5010
"TT_5011",0.0314472040561675,-3.45944520102237,5011
"TT_5012",0.0314459564905208,-3.45948487356025,5012
"TT_5013",0.0314447177359115,-3.45952426746482,5013
"TT_5014",0.0314434876933011,-3.45956338585283,5014
"TT_5015",0.0314422662650665,-3.45960223179671,5015
"TT_5016",0.0314410533550417,-3.45964080832328,5016
"TT_5017",0.0314398488684627,-3.45967911841542,5017
"TT_5018",0.0314386527120765,-3.45971716500866,5018
"TT_5019",0.0314374647938282,-3.45975495100103,5019
"TT_5020",0.0314362850231605,-3.45979247924362,5020
"TT_5021",0.0314351133107003,-3.45982975255045,5021
"TT_5022",0.0314339495685447,-3.45986677368938,5022
"TT_5023",0.0314327937098939,-3.45990354539381,5023
"TT_5024",0.0314316456492817,-3.45994007035526,5024
"TT_5025",0.0314305053024676,-3.45997635122688,5025
"TT_5026",0.031429372586436,-3.46001239062339,5026
"TT_5027",0.0314282474192876,-3.46004819112453,5027
"TT_5028",0.0314271297204303,-3.46008375526903,5028
"TT_5029",0.0314260194101566,-3.46011908556796,5029
"TT_5030",0.0314249164102295,-3.46015418448615,5030
"TT_5031",0.281837378598696,-1.26642504601889,5031
"TT_5032",0.165043773582032,-1.80154454582934,5032
"TT_5033",0.0686571771988805,-2.67862960454344,5033
"TT_5034",0.0553976959383131,-2.89321727565491,5034
"TT_5035",0.0464136540542129,-3.07016159462862,5035
"TT_5036",0.0415014128282423,-3.18202780827094,5036
"TT_5037",0.0392542678150425,-3.23769510652364,5037
"TT_5038",0.0377435383421199,-3.27694098768348,5038
"TT_5039",0.0366644287230592,-3.30594823854619,5039
"TT_5040",0.0358586369950634,-3.32817082058877,5040
"TT_5041",0.0352361527525657,-3.34568265661611,5041
"TT_5042",0.0347421941536716,-3.35980036087546,5042
"TT_5043",0.0343416019446672,-3.37139777507648,5043
"TT_5044",0.0340108270369931,-3.38107636279345,5044
"TT_5045",0.0337335335487646,-3.38926287557444,5045
"TT_5046",0.0334980516394668,-3.39626800185839,5046
"TT_5047",0.0332958340587556,-3.40232299316249,5047
"TT_5048",0.0331204846832051,-3.40760331541741,5048
"TT_5049",0.0329671268451812,-3.41224437021563,5049
"TT_5050",0.0328319808564387,-3.41635221251031,5050
"TT_5051",0.0327120743843047,-3.42001102200747,5051
"TT_5052",0.0326050395283705,-3.42328841579694,5052
"TT_5053",0.0325089678595596,-3.42623929356897,5053
"TT_5054",0.0324223050512398,-3.42890866553397,5054
"TT_5055",0.0323437730810824,-3.43133376246464,5055
"TT_5056",0.0322723119696707,-3.43354563093331,5056
"TT_5057",0.0322070355834106,-3.43557035391942,5057
"TT_5058",0.0321471977089775,-3.43742999511523,5058
"TT_5059",0.032092165728965,-3.43914333692093,5059
"TT_5060",0.0320413999910753,-3.44072646263436,5060
"TT_5061",0.0319944374899102,-3.44219321973263,5061
"TT_5062",0.0319508788492692,-3.44355559151752,5062
"TT_5063",0.0319103778546929,-3.44482399749939,5063
"TT_5064",0.0318726329742152,-3.44600753789339,5064
"TT_5065",0.0318373804420906,-3.44711419393793,5065
"TT_5066",0.0318043885808247,-3.4481509930316,5066
"TT_5067",0.0317734531113963,-3.44912414565983,5067
"TT_5068",0.0317443932575869,-3.45003915954957,5068
"TT_5069",0.0317170484925014,-3.45090093533101,5069
"TT_5070",0.0316912758075882,-3.45171384709352,5070
"TT_5071",0.0316669474092986,-3.45248181053221,5071
"TT_5072",0.0316439487675294,-3.45320834085067,5072
"TT_5073",0.0316221769550393,-3.45389660216274,5073
"TT_5074",0.0316015392286819,-3.45454944980714,5074
"TT_5075",0.0315819518124852,-3.45516946672933,5075
"TT_5076",0.0315633388500668,-3.45575899487187,5076
"TT_5077",0.0315456314995751,-3.45632016235277,5077
"TT_5078",0.031528767149198,-3.45685490707139,5078
"TT_5079",0.0315126887349489,-3.45736499727703,5079
"TT_5080",0.0314973441455931,-3.45785204954339,5080
"TT_5081",0.0478888056948568,-3.03887350344649,5081
"TT_5082",0.0446577486887924,-3.10872744385436,5082
"TT_5083",0.0341407872088337,-3.37726250362645,5083
"TT_5084",0.0326593928629954,-3.42162278123308,5084
"TT_5085",0.0320732195762276,-3.43973387816674,5085
"TT_5086",0.0317644745134693,-3.44940676734179,5086
"TT_5087",0.0315760894537003,-3.45535510766069,5087
"TT_5088",0.0314501822083326,-3.45935050226479,5088
"TT_5089",0.0313855441704293,-3.46140786881176,5089
"TT_5090",0.0313754581151316,-3.46172928035769,5090
"TT_5091",0.0313689231847271,-3.46193758364454,5091
"TT_5092",0.0313681565261922,-3.46196202400863,5092
"TT_5093",0.0313673938587724,-3.46198633773235,5093
"TT_5094",0.031366635148039,-3.46201052590408,5094
"TT_5095",0.03136588035989,-3.46203458960193,5095
"TT_5096",0.0313651294607408,-3.46205852988764,5096
"TT_5097",0.0313643824172245,-3.4620823478162,5097
"TT_5098",0.0313636391964508,-3.46210604442753,5098
"TT_5099",0.0313628997659378,-3.46212962074867,5099
"TT_5100",0.031362164093462,-3.46215307779854,5100
"TT_5101",0.0313614321473448,-3.46217641657888,5101
"TT_5102",0.0313607038960027,-3.46219963808848,5102
"TT_5103",0.0313599793085056,-3.46222274330545,5103
"TT_5104",0.0313592583540326,-3.46224573320456,5104
"TT_5105",0.0313585410022525,-3.46226860874508,5105
"TT_5106",0.0313578272231338,-3.46229137087684,5106
"TT_5107",0.0313571169869038,-3.46231402054158,5107
"TT_5108",0.031356410264334,-3.46233655866376,5108
"TT_5109",0.0313557070261961,-3.46235898616799,5109
"TT_5110",0.0313550072439426,-3.46238130395728,5110
"TT_5111",0.0313543108890394,-3.46240351293432,5111
"TT_5112",0.0313536179334833,-3.46242561398498,5112
"TT_5113",0.0313529283494211,-3.46244760799049,5113
"TT_5114",0.0313522421094486,-3.46246949581784,5114
"TT_5115",0.0313515591863388,-3.4624912783285,5115
"TT_5116",0.0313508795532184,-3.46251295637274,5116
"TT_5117",0.0313502031835138,-3.46253453079139,5117
"TT_5118",0.0313495300509236,-3.46255600241673,5118
"TT_5119",0.0313488601294322,-3.46257737207198,5119
"TT_5120",0.0313481933933236,-3.46259864057093,5120
"TT_5121",0.0754472492933572,-2.58432155177737,5121
"TT_5122",0.0403386681188606,-3.2104447633903,5122
"TT_5123",0.0349248256298919,-3.35455736655331,5123
"TT_5124",0.0333915958847296,-3.39945103087884,5124
"TT_5125",0.0326815345169433,-3.42094505424991,5125
"TT_5126",0.0322777430961506,-3.43337735450079,5126
"TT_5127",0.0320196519156907,-3.44140544231305,5127
"TT_5128",0.031841620440692,-3.44698102606316,5128
"TT_5129",0.0317120140216206,-3.45105967867962,5129
"TT_5130",0.0316137890156334,-3.45416189231293,5130
"TT_5131",0.0315369874699964,-3.45659421659382,5131
"TT_5132",0.0314754201200715,-3.45854835140224,5132
"TT_5133",0.0314250475077214,-3.46015001272586,5133
"TT_5134",0.0313831267276006,-3.46148489586348,5134
"TT_5135",0.0313477331668822,-3.46261332179399,5135
"TT_5136",0.031337938859717,-3.46292581129688,5136
"TT_5137",0.0313373225925394,-3.46294547670116,5137
"TT_5138",0.0313367090915287,-3.46296505421977,5138
"TT_5139",0.0313360983356926,-3.46298454451743,5139
"TT_5140",0.0313354903041209,-3.46300394825635,5140
"TT_5141",0.0313348849762569,-3.4630232660875,5141
"TT_5142",0.0313342823316941,-3.46304249865716,5142
"TT_5143",0.0313336823502161,-3.46306164660559,5143
"TT_5144",0.0313330850117704,-3.46308071056791,5144
"TT_5145",0.0313324902966852,-3.46309969116714,5145
"TT_5146",0.0313318981852481,-3.46311858902768,5146
"TT_5147",0.0313313086581415,-3.46313740476139,5147
"TT_5148",0.0313307216961158,-3.46315613897802,5148
"TT_5149",0.0313301372801937,-3.46317479227872,5149
"TT_5150",0.0313295553915476,-3.46319336525989,5150
"TT_5151",0.0313289760115406,-3.46321185851193,5151
"TT_5152",0.0313283991217263,-3.46323027261923,5152
"TT_5153",0.031327824703849,-3.46324860816013,5153
"TT_5154",0.0313272527398297,-3.46326686570741,5154
"TT_5155",0.0313266832117667,-3.46328504582824,5155
"TT_5156",0.0313261161019079,-3.46330314908507,5156
"TT_5157",0.0348045186575391,-3.35800805415002,5157
"TT_5158",0.0574840852920127,-2.85624714701902,5158
"TT_5159",0.0346853122202081,-3.36143896059369,5159
"TT_5160",0.0329558173089784,-3.41258748402703,5160
"TT_5161",0.0323073822330249,-3.43245952276155,5161
"TT_5162",0.14252174130439,-1.94826072035401,5162
"TT_5163",0.0995545193690111,-2.30704985152136,5163
"TT_5164",0.0490925224105856,-3.01404854884286,5164
"TT_5165",0.0409623453318171,-3.19510204081256,5165
"TT_5166",0.0376776986312072,-3.27868690780571,5166
"TT_5167",0.0359311743854949,-3.32614999301667,5167
"TT_5168",0.0348596037055196,-3.35642660712701,5168
"TT_5169",0.034140803303889,-3.37726203219468,5169
"TT_5170",0.0336281697884922,-3.39239117670042,5170
"TT_5171",0.0332458167109076,-3.40382633300121,5171
"TT_5172",0.0329507011706023,-3.41274273842385,5172
"TT_5173",0.0327166759778093,-3.41987036232845,5173
"TT_5174",0.0325269848619874,-3.4256852307119,5174
"TT_5175",0.0323704184185633,-3.43051028500571,5175
"TT_5176",0.032239208602089,-3.4345719087266,5176
"TT_5177",0.0321278108982913,-3.43803324081505,5177
"TT_5178",0.0320321673442188,-3.44101465158042,5178
"TT_5179",0.031949243180116,-3.44360678607245,5179
"TT_5180",0.0318767258560837,-3.44587913246472,5180
"TT_5181",0.0318128238882704,-3.44788580355952,5181
"TT_5182",0.0666334681102498,-2.70854830348086,5182
"TT_5183",0.0387636738769342,-3.25027171118479,5183
"TT_5184",0.0346777728591177,-3.3616563488806,5184
"TT_5185",0.0334700230454898,-3.39710507521747,5185
"TT_5186",0.0328892746513427,-3.41460867279929,5186
"TT_5187",0.0325454949275179,-3.42511632459092,5187
"TT_5188",0.0323162347450566,-3.43218555134054,5188
"TT_5189",0.0321510222844253,-3.43731103146577,5189
"TT_5190",0.0320253311072038,-3.44122809223003,5190
"TT_5191",0.0319258253883739,-3.44434002341579,5191
"TT_5192",0.0318446315619084,-3.44688646495698,5192
"TT_5193",0.0317767973192284,-3.4490188995652,5193
"TT_5194",0.0317190470603308,-3.45083792490098,5194
"TT_5195",0.0316691235138677,-3.45241309441079,5195
"TT_5196",0.0316254172174469,-3.45379413937493,5196
"TT_5197",0.0315867471032286,-3.4550176418276,5197
"TT_5198",0.0315522248898305,-3.4561111729938,5198
"TT_5199",0.0315211681585642,-3.45709595381104,5199
"TT_5200",0.0314930428532593,-3.4579886193454,5200
"TT_5201",0.0314674241831188,-3.45880242117249,5201
"TT_5202",0.0314439693863085,-3.45954806664516,5202
"TT_5203",0.0314223983430702,-3.46023431733416,5203
"TT_5204",0.0314024795077354,-3.46086842397101,5204
"TT_5205",0.0313840195218991,-3.46145644804159,5205
"TT_5206",0.0313668554244004,-3.46200350329592,5206
"TT_5207",0.0313508487250855,-3.46251393969915,5207
"TT_5208",0.0313358808375359,-3.46299148535957,5208
"TT_5209",0.0313218495170361,-3.46343935733498,5209
"TT_5210",0.031308666052052,-3.46386034908505,5210
"TT_5211",0.0312981957405331,-3.46419482716994,5211
"TT_5212",0.0312977403567394,-3.46420937711749,5212
"TT_5213",0.0312972866141558,-3.46422387483738,5213
"TT_5214",0.0312968345024632,-3.46423832065703,5214
"TT_5215",0.0312963840113699,-3.46425271490306,5215
"TT_5216",0.0312959351306929,-3.46426705789859,5216
"TT_5217",0.0312954878503309,-3.46428134996421,5217
"TT_5218",0.0312950421602507,-3.46429559141831,5218
"TT_5219",0.0312945980505416,-3.46430978257543,5219
"TT_5220",0.0312941555113611,-3.46432392374793,5220
"TT_5221",0.031293714532921,-3.46433801524649,5221
"TT_5222",0.0312932751055829,-3.46435205737699,5222
"TT_5223",0.0312928372196811,-3.46436605044623,5223
"TT_5224",0.0312924008657815,-3.46437999475364,5224
"TT_5225",0.0312919660343954,-3.46439389060041,5225
"TT_5226",0.0312915327161704,-3.46440773828338,5226
"TT_5227",0.0312911009018354,-3.46442153809684,5227
"TT_5228",0.0312906705822151,-3.46443529033204,5228
"TT_5229",0.0312902417481475,-3.46444899527982,5229
"TT_5230",0.0312898143905795,-3.46446265322755,5230
"TT_5231",0.0312893885005807,-3.46447626445873,5231
"TT_5232",0.0312889640692206,-3.46448982925687,5232
"TT_5233",0.0312885410877185,-3.4645033479007,5233
"TT_5234",0.031288119547239,-3.46451682067075,5234
"TT_5235",0.0312876994391649,-3.46453024784057,5235
"TT_5236",0.0312872807548924,-3.46454362968332,5236
"TT_5237",0.0312868634858994,-3.46455696646956,5237
"TT_5238",0.0312864476236229,-3.46457025847119,5238
"TT_5239",0.031286033159786,-3.46458350595096,5239
"TT_5240",0.0312856200859889,-3.46459670917561,5240
"TT_5241",0.0312852083939957,-3.46460986840662,5241
"TT_5242",0.0312847980755835,-3.46462298390509,5242
"TT_5243",0.0312843891226661,-3.46463605592779,5243
"TT_5244",0.0312839815271568,-3.46464908473148,5244
"TT_5245",0.0312835752810919,-3.46466207056905,5245
"TT_5246",0.0312831703764529,-3.46467501369513,5246
"TT_5247",0.0312827668054937,-3.4646879143557,5247
"TT_5248",0.0312823645603185,-3.4647007728015,5248
"TT_5249",0.0312819636332354,-3.46471358927678,5249
"TT_5250",0.0312815640165258,-3.46472636402669,5250
"TT_5251",0.16468923114757,-1.80369502858971,5251
"TT_5252",0.0485825695777215,-3.02449046307039,5252
"TT_5253",0.0398016580664141,-3.22384670759934,5253
"TT_5254",0.0366693170356133,-3.30581492168065,5254
"TT_5255",0.0350913791375021,-3.34979978729523,5255
"TT_5256",0.0341527517676291,-3.37691211736452,5256
"TT_5257",0.0335357349272497,-3.39514369444022,5257
"TT_5258",0.0331019413879955,-3.40816334611379,5258
"TT_5259",0.0327818278377159,-3.41788094646093,5259
"TT_5260",0.0325367900363965,-3.4253838287567,5260
"TT_5261",0.0323437594941641,-3.43133418254306,5261
"TT_5262",0.0321881435778328,-3.43615710610696,5262
"TT_5263",0.0320602824910219,-3.44013732051635,5263
"TT_5264",0.0319535401273527,-3.44347230218863,5264
"TT_5265",0.0318632145235194,-3.446303084313,5265
"TT_5266",0.0317858858580729,-3.44873292866365,5266
"TT_5267",0.0317190104129001,-3.4508390802778,5267
"TT_5268",0.0316606589591627,-3.45268041112734,5268
"TT_5269",0.0316093431700084,-3.45430253215404,5269
"TT_5270",0.0315638974482648,-3.4557412973381,5270
"TT_5271",0.0315233966403151,-3.45702525836699,5271
"TT_5272",0.0314870975773749,-3.45817741777809,5272
"TT_5273",0.105410166646003,-2.24989618978466,5273
"TT_5274",0.0465751359010257,-3.06668844460232,5274
"TT_5275",0.0378433271870298,-3.27430061088825,5275
"TT_5276",0.0353208023916477,-3.3432831857341,5276
"TT_5277",0.0341369003606431,-3.37737635775166,5277
"TT_5278",0.0334546829052706,-3.39756350503856,5278
"TT_5279",0.0330125364960345,-3.41086789583782,5279
"TT_5280",0.0327030824294606,-3.42028594162361,5280
"TT_5281",0.0324743976200871,-3.42730326563255,5281
"TT_5282",0.032298417498739,-3.43273704380085,5282
"TT_5283",0.0321586897307042,-3.43707257770583,5283
"TT_5284",0.0320449511408957,-3.44061563873,5284
"TT_5285",0.0319504765069084,-3.44356818412557,5285
"TT_5286",0.0318706790691558,-3.44606884330717,5286
"TT_5287",0.0318023249363468,-3.44821588066262,5287
"TT_5288",0.031743069262712,-3.45008086841058,5288
"TT_5289",0.0316911705808851,-3.45171716746719,5289
"TT_5290",0.0316453084214666,-3.45316537450859,5290
"TT_5291",0.0316044632118963,-3.45445692748003,5291
"TT_5292",0.0315678350243342,-3.45561655575665,5292
"TT_5293",0.0676849583314594,-2.69289130496902,5293
"TT_5294",0.0377122944464146,-3.27776912505435,5294
"TT_5295",0.0343106392718516,-3.37229979005418,5295
"TT_5296",0.0332264087714091,-3.40441027433638,5296
"TT_5297",0.0326954422971148,-3.42051959008625,5297
"TT_5298",0.0323800976054754,-3.43021131636179,5298
"TT_5299",0.0321704034847215,-3.4367083955431,5299
"TT_5300",0.0320201385095676,-3.44139024570251,5300
"TT_5301",0.0319065845942483,-3.4449428768789,5301
"TT_5302",0.0318173077659231,-3.44774486788821,5302
"TT_5303",0.0317449424837777,-3.45002185818125,5303
"TT_5304",0.0316848515251499,-3.45191658218418,5304
"TT_5305",0.0316339702531689,-3.45352372778493,5305
"TT_5306",0.0315901914640059,-3.45490860328097,5306
"TT_5307",0.0315520176475878,-3.4561177412445,5307
"TT_5308",0.0315183544196293,-3.45718522285439,5308
"TT_5309",0.0314883825964415,-3.45813660763855,5309
"TT_5310",0.205251532095825,-1.58351906614238,5310
"TT_5311",0.0524116443747496,-2.94862649145038,5311
"TT_5312",0.0420437830271345,-3.16904375064859,5312
"TT_5313",0.0382180855581587,-3.26444643147797,5313
"TT_5314",0.0362634960075381,-3.31694366331304,5314
"TT_5315",0.0350915041476406,-3.3497962248842,5315
"TT_5316",0.0343170605064066,-3.37211265761074,5316
"TT_5317",0.0337705669301672,-3.38816565674313,5317
"TT_5318",0.0630521582350219,-2.76379298662539,5318
"TT_5319",0.0369118644988381,-3.29922224848189,5319
"TT_5320",0.0347650292392604,-3.35914330437699,5320
"TT_5321",0.0338831838602084,-3.38483643899118,5321
"TT_5322",0.0623503423487556,-2.77498611611326,5322
"TT_5323",0.0405697524027891,-3.20473250474545,5323
"TT_5324",0.0344116144472014,-3.36936114230761,5324
"TT_5325",0.0329805825884251,-3.41183629710601,5325
"TT_5326",0.0324318511769535,-3.42861427805481,5326
"TT_5327",0.0323032856238845,-3.43258633182518,5327
"TT_5328",0.032195101205171,-3.43594097449108,5328
"TT_5329",0.0321026159539404,-3.43881775827439,5329
"TT_5330",0.0320225338012664,-3.44131544271215,5330
"TT_5331",0.0319524525748871,-3.44350633819745,5331
"TT_5332",0.031890571737557,-3.44544486969326,5332
"TT_5333",0.0318355100794874,-3.44717294304099,5333
"TT_5334",0.0317861872831376,-3.44872344572406,5334
"TT_5335",0.0317417443057658,-3.45012260932063,5335
"TT_5336",0.0415566419840208,-3.18069791524507,5336
"TT_5337",0.052120013610616,-2.95420626558554,5337
"TT_5338",0.0351315548925551,-3.34865555258071,5338
"TT_5339",0.0334493590892425,-3.39772265285327,5339
"TT_5340",0.032793494091264,-3.41752513414227,5340
"TT_5341",0.0324426877943209,-3.4282801988416,5341
"TT_5342",0.0322224237375166,-3.43509267943446,5342
"TT_5343",0.032069798548171,-3.4398405469254,5343
"TT_5344",0.0319567386758415,-3.44337220722577,5344
"TT_5345",0.0318688699331523,-3.44612560982128,5345
"TT_5346",0.0317980822463588,-3.44834929773281,5346
"TT_5347",0.0317394543785828,-3.45019475437244,5347
"TT_5348",0.0316898253552703,-3.45175961633046,5348
"TT_5349",0.0316470696843203,-3.45310971969179,5349
"TT_5350",0.0316097031586457,-3.45429114354069,5350
"TT_5351",0.0315766560037005,-3.45533716544784,5351
"TT_5352",0.0315471360635196,-3.45627246864704,5352
"TT_5353",0.0315205429543434,-3.45711578843196,5353
"TT_5354",0.031496412337185,-3.45788163369459,5354
"TT_5355",0.0314743786591565,-3.45858144002,5355
"TT_5356",0.0314541495896361,-3.45922436210256,5356
"TT_5357",0.031435488074062,-3.45981783081427,5357
"TT_5358",0.031418199475298,-3.46036795284765,5358
"TT_5359",0.0314021221897186,-3.46087980269191,5359
"TT_5360",0.0313871206845819,-3.46135763949119,5360
"TT_5361",0.0313730802536757,-3.46180507053604,5361
"TT_5362",0.0313599030125738,-3.46222517621601,5362
"TT_5363",0.03134750480189,-3.46262060671704,5363
"TT_5364",0.0313358127648236,-3.46299365771868,5364
"TT_5365",0.0313247634319304,-3.46334633028182,5365
"TT_5366",0.0313143011919378,-3.46368037869563,5366
"TT_5367",0.031304377059621,-3.46399734905262,5367
"TT_5368",0.0312949476745924,-3.46429861061222,5368
"TT_5369",0.031285974481286,-3.4645853815021,5369
"TT_5370",0.0312774230523884,-3.46485874993438,5370
"TT_5371",0.0312692625267927,-3.46511969183934,5371
"TT_5372",0.0312614651396474,-3.46536908561666,5372
"TT_5373",0.031254005827076,-3.46560772454848,5373
"TT_5374",0.0312468618917658,-3.46583632730559,5374
"TT_5375",0.869623509937228,-0.139694908194187,5375
"TT_5376",0.17962131284172,-1.71690446177083,5376
"TT_5377",0.0979609079655125,-2.32318677820376,5377
"TT_5378",0.0727359557094596,-2.62091944023405,5378
"TT_5379",0.0607079172741654,-2.8016811565695,5379
"TT_5380",0.0537646656343836,-2.9231388001791,5380
"TT_5381",0.0492868556034222,-3.01009785410333,5381
"TT_5382",0.0461803206580525,-3.0752015314235,5382
"TT_5383",0.0439102662379,-3.1256071311634,5383
"TT_5384",0.0421856730604017,-3.16567461652201,5384
"TT_5385",0.0408352332289357,-3.19821001069229,5385
"TT_5386",0.0397518502302342,-3.2250988922925,5386
"TT_5387",0.0388653000369592,-3.24765345635139,5387
"TT_5388",0.0381277159713905,-3.26681380799806,5388
"TT_5389",0.0375054042834808,-3.28327024216307,5389
"TT_5390",0.036973995401639,-3.29754044041931,5390
"TT_5391",0.0365154498836728,-3.31001982346911,5391
"TT_5392",0.0361161433314623,-3.32101532990312,5392
"TT_5393",0.0357656036938571,-3.33076863810508,5393
"TT_5394",0.0354556564143719,-3.3394724783834,5394
"TT_5395",0.0351798320846131,-3.34728231271956,5395
"TT_5396",0.0349329474522985,-3.35432484203714,5396
"TT_5397",0.0347108035514061,-3.36070429894696,5397
"TT_5398",0.0345099645936634,-3.36650716784599,5398
"TT_5399",0.0343275935808577,-3.37180577065286,5399
"TT_5400",0.0341613284210636,-3.37666102261346,5400
"TT_5401",0.034009187408723,-3.38112457296464,5401
"TT_5402",0.0338694962882245,-3.38524048417847,5402
"TT_5403",0.0337408313841805,-3.38904656126154,5403
"TT_5404",0.0336219748318365,-3.39257541293391,5404
"TT_5405",0.0335118790188399,-3.39585530542867,5405
"TT_5406",0.0334096381095558,-3.39891085447232,5406
"TT_5407",0.0333144650657007,-3.4017635899568,5407
"TT_5408",0.0332256729692821,-3.40443241968105,5408
"TT_5409",0.0331426597404863,-3.40693401249489,5409
"TT_5410",0.0330648955547521,-3.40928311664616,5410
"TT_5411",0.0329919124211032,-3.4114928257006,5411
"TT_5412",0.0329232955025626,-3.41357480178739,5412
"TT_5413",0.0328586758496033,-3.41553946391035,5413
"TT_5414",0.0327977242864742,-3.41739614750898,5414
"TT_5415",0.0327401462434749,-3.4191532402356,5415
"TT_5416",0.0326856773694544,-3.42081829796347,5416
"TT_5417",0.0326340797910676,-3.42239814428752,5417
"TT_5418",0.0325851389107699,-3.4238989561788,5418
"TT_5419",0.0325386606555039,-3.42532633797983,5419
"TT_5420",0.0324944691041379,-3.42668538554009,5420
"TT_5421",0.0324524044344645,-3.42798074198339,5421
"TT_5422",0.0324123211408403,-3.42921664634807,5422
"TT_5423",0.0323740864819785,-3.4303969761334,5423
"TT_5424",0.0323375791250655,-3.43152528462132,5424
"TT_5425",0.032302687958002,-3.432604833702,5425
"TT_5426",0.032269311046015,-3.43363862282033,5426
"TT_5427",0.0322373547127072,-3.43462941456398,5427
"TT_5428",0.0322067327286165,-3.43557975733742,5428
"TT_5429",0.032177365592978,-3.43649200549933,5429
"TT_5430",0.0321491798964861,-3.43736833728681,5430
"TT_5431",0.0575536484676022,-2.85503774934062,5431
"TT_5432",0.0366647555578214,-3.30593932436651,5432
"TT_5433",0.0332776045152905,-3.40287064532861,5433
"TT_5434",0.0323344472689323,-3.43162213812384,5434
"TT_5435",0.032023763595043,-3.44127703943743,5435
"TT_5436",0.0320014018274197,-3.44197557003505,5436
"TT_5437",0.0319798374867471,-3.44264965330447,5437
"TT_5438",0.0319590298335918,-3.44330051418962,5438
"TT_5439",0.0319389408130196,-3.44392929851659,5439
"TT_5440",0.0319195348392859,-3.44453707921079,5440
"TT_5441",0.0319007786007649,-3.44512486194171,5441
"TT_5442",0.0318826408829841,-3.44569359025438,5442
"TT_5443",0.0318650924077967,-3.44624415024216,5443
"TT_5444",0.0318481056870316,-3.4467773748071,5444
"TT_5445",0.0318316548891495,-3.44729404754893,5445
"TT_5446",0.0318157157175403,-3.44779490632096,5446
"TT_5447",0.0318002652993238,-3.44828064648478,5447
"TT_5448",0.0317852820836295,-3.44875192389256,5448
"TT_5449",0.0317707457483946,-3.44920935762416,5449
"TT_5450",0.0317566371149014,-3.44965353250086,5450
"TT_5451",0.0317429380692801,-3.4500850013979,5451
"TT_5452",0.0317296314903735,-3.45050428737274,5452
"TT_5453",0.0317167011833211,-3.45091188562741,5453
"TT_5454",0.0317041318183802,-3.45130826531876,5454
"TT_5455",0.0316919088745092,-3.45169387123007,5455
"TT_5456",0.0316800185872504,-3.45206912531732,5456
"TT_5457",0.0316684479006023,-3.45243442813894,5457
"TT_5458",0.0316571844224548,-3.4527901601815,5458
"TT_5459",0.0316462163833552,-3.45313668308769,5459
"TT_5460",0.031635532598278,-3.45347434079629,5460
"TT_5461",0.0316251224311372,-3.45380346060164,5461
"TT_5462",0.0316149757618817,-3.45412435413699,5462
"TT_5463",0.031605082955861,-3.45443731829116,5463
"TT_5464",0.0315954348353752,-3.45474263606063,5464
"TT_5465",0.0315860226531596,-3.45504057734465,5465
"TT_5466",0.0315768380677017,-3.45533139968606,5466
"TT_5467",0.0315678731202138,-3.45561534896319,5467
"TT_5468",0.0315591202131483,-3.45589266003598,5468
"TT_5469",0.0315505720901348,-3.45616355734997,5469
"TT_5470",0.0315422218172385,-3.45642825550099,5470
"TT_5471",0.0315340627654138,-3.45668695976438,5471
"TT_5472",0.0315260885941,-3.45693986659015,5472
"TT_5473",0.0315182932358502,-3.45718716406736,5473
"TT_5474",0.0315106708819294,-3.45742903235965,5474
"TT_5475",0.0315032159688035,-3.45766564411408,5475
"TT_5476",0.0314959231654637,-3.45789716484508,5476
"TT_5477",0.0314887873615245,-3.4581237532952,5477
"TT_5478",0.0314818036560399,-3.45834556177438,5478
"TT_5479",0.0314749673469819,-3.45856273647937,5479
"TT_5480",0.0314682739213586,-3.45877541779395,5480
"TT_5481",0.0314617190458882,-3.45898374057249,5481
"TT_5482",0.0314552985582413,-3.45918783440635,5482
"TT_5483",0.0314490084587671,-3.45938782387587,5483
"TT_5484",0.0314428449027013,-3.45958382878767,5484
"TT_5485",0.0314368041928151,-3.45977596439885,5485
"TT_5486",0.0314308827724709,-3.45996434162879,5486
"TT_5487",0.0314250772190705,-3.46014906725919,5487
"TT_5488",0.0314193842378563,-3.46033024412339,5488
"TT_5489",0.0314138006560567,-3.46050797128536,5489
"TT_5490",0.0314083234173513,-3.46068234420891,5490
"TT_5491",0.0314029495766147,-3.46085345491862,5491
"TT_5492",0.0313976762949716,-3.46102139215117,5492
"TT_5493",0.0313925008350793,-3.46118624149992,5493
"TT_5494",0.0313874205566736,-3.46134808555146,5494
"TT_5495",0.0313824329123558,-3.46150700401479,5495
"TT_5496",0.0313775354435686,-3.46166307384482,5496
"TT_5497",0.0313727257768054,-3.46181636935879,5497
"TT_5498",0.0313680016199848,-3.46196696234761,5498
"TT_5499",0.0313633607590422,-3.46211492218061,5499
"TT_5500",0.0313588010546482,-3.46226031590654,5500
"TT_5501",0.0313543204391248,-3.46240320834832,5501
"TT_5502",0.0313499169134914,-3.46254366219408,5502
"TT_5503",0.03134558854467,-3.46268173808314,5503
"TT_5504",0.0313413334628055,-3.46281749468866,5504
"TT_5505",0.031337149858739,-3.46295098879544,5505
"TT_5506",0.031333035981575,-3.46308227537501,5506
"TT_5507",0.0313289901363851,-3.46321140765643,5507
"TT_5508",0.0313250106820076,-3.46333843719423,5508
"TT_5509",0.031321096028952,-3.46346341393313,5509
"TT_5510",0.0313172446373977,-3.46358638626982,5510
"TT_5511",0.0313134550152924,-3.46370740111178,5511
"TT_5512",0.0313097257165227,-3.46382650393379,5512
"TT_5513",0.0313060553391836,-3.46394373883149,5513
"TT_5514",0.459881225169748,-0.776787028992665,5514
"TT_5515",0.24082436411711,-1.42368739077748,5515
"TT_5516",0.0923574428383492,-2.38208898177444,5516
"TT_5517",0.0654549373707238,-2.72639335218005,5517
"TT_5518",0.0543508935002643,-2.91229422580278,5518
"TT_5519",0.0483876564395361,-3.02851053002679,5519
"TT_5520",0.0447074991445884,-3.1076140253356,5520
"TT_5521",0.0422293052242188,-3.16464086235683,5521
"TT_5522",0.0404570254603656,-3.2075149679786,5522
"TT_5523",0.0391324171187207,-3.24080407316949,5523
"TT_5524",0.0381083884598023,-3.26732085153462,5524
"TT_5525",0.0372952975354556,-3.28888803171555,5525
"TT_5526",0.0366355507708998,-3.30673617747476,5526
"TT_5527",0.0360905396776061,-3.32172450677878,5527
"TT_5528",0.0356334625617393,-3.33447012301013,5528
"TT_5529",0.0352451615540555,-3.34542702002285,5529
"TT_5530",0.0349115977379367,-3.3549361915697,5530
"TT_5531",0.0346222607229366,-3.36325843029918,5531
"TT_5532",0.0343691338076661,-3.37059639042616,5532
"TT_5533",0.0341460014484717,-3.37710978771314,5533
"TT_5534",0.0339479742563786,-3.38292609520012,5534
"TT_5535",0.0337711560358753,-3.38814821254176,5535
"TT_5536",0.033612405832054,-3.39286005896626,5536
"TT_5537",0.0334691649041267,-3.397130714649,5537
"TT_5538",0.0333393289303877,-3.40101752992482,5538
"TT_5539",0.0332211522762311,-3.40456848917846,5539
"TT_5540",0.0331131753517907,-3.40782402891687,5540
"TT_5541",0.0330141688378354,-3.41081845094145,5541
"TT_5542",0.0329230903980354,-3.41358103157584,5542
"TT_5543",0.0328390507464443,-3.41613690022237,5543
"TT_5544",0.0327612868027839,-3.41850774107444,5544
"TT_5545",0.0326891402733534,-3.42071235796923,5545
"TT_5546",0.0326220404251399,-3.42276713239237,5546
"TT_5547",0.0325594901295956,-3.42468639738086,5547
"TT_5548",0.0576447168920792,-2.85345667754045,5548
"TT_5549",0.0367091949156254,-3.30472801264209,5549
"TT_5550",0.0766010108709622,-2.56914500557381,5550
"TT_5551",0.0393703268667287,-3.23474287162944,5551
"TT_5552",0.0346392362122104,-3.36276824483208,5552
"TT_5553",0.033211477333902,-3.40485975997278,5553
"TT_5554",0.0325362397735764,-3.42540074091899,5554
"TT_5555",0.0321800860958482,-3.43640746197561,5555
"TT_5556",0.0321439163492169,-3.43753207328922,5556
"TT_5557",0.0321096208231573,-3.43859957963442,5557
"TT_5558",0.0320770612683455,-3.43961410652827,5558
"TT_5559",0.032046112495703,-3.44057939795815,5559
"TT_5560",0.0320166608846556,-3.44149885902949,5560
"TT_5561",0.0319886030899938,-3.4423755930578,5561
"TT_5562",0.0319618449172544,-3.44321243392866,5562
"TT_5563",0.0319363003416885,-3.44401197441056,5563
"TT_5564",0.0319118906499643,-3.4447765909967,5564
"TT_5565",0.0318885436871562,-3.44550846575877,5565
"TT_5566",0.0318661931942787,-3.4462096056234,5566
"TT_5567",0.0318447782240339,-3.446881859415,5567
"TT_5568",0.0318242426242075,-3.44752693296144,5568
"TT_5569",0.0318045345798115,-3.44814640251255,5569
"TT_5570",0.0317856062063618,-3.44874172668623,5570
"TT_5571",0.0317674131877758,-3.44931425712637,5571
"TT_5572",0.0317499144533121,-3.44986524803094,5572
"TT_5573",0.0317330718887493,-3.45039586468678,5573
"TT_5574",0.0317168500776614,-3.45090719112939,5574
"TT_5575",0.0317012160692197,-3.45140023702966,5575
"TT_5576",0.0316861391694056,-3.45187594389712,5576
"TT_5577",0.0316715907529438,-3.4523351906768,5577
"TT_5578",0.0316575440936153,-3.45277879880734,5578
"TT_5579",0.0316439742108772,-3.45320753680002,5579
"TT_5580",0.0316308577310294,-3.45362212438985,5580
"TT_5581",0.0316181727613139,-3.4540232363053,5581
"TT_5582",0.0316058987756141,-3.4544115056956,5582
"TT_5583",0.0315940165104791,-3.45478752725263,5583
"TT_5584",0.0315825078704649,-3.45515186005676,5584
"TT_5585",0.0315713558417812,-3.45550503017634,5585
"TT_5586",0.0315605444134568,-3.45584753304371,5586
"TT_5587",0.0315500585052355,-3.45617983563101,5587
"TT_5588",0.0315398839015844,-3.45650237844373,5588
"TT_5589",0.0315300071911797,-3.45681557735099,5589
"TT_5590",0.0315204157113842,-3.45711982526648,5590
"TT_5591",0.0315110974972256,-3.45741549369493,5591
"TT_5592",0.031502041234461,-3.45770293415605,5592
"TT_5593",0.0314932362163618,-3.457982479497,5593
"TT_5594",0.0314846723038622,-3.45825444510378,5594
"TT_5595",0.0314763398888022,-3.45851913001968,5595
"TT_5596",0.0314682298599431,-3.45877681798026,5596
"TT_5597",0.0314603335715741,-3.45902777837026,5597
"TT_5598",0.0314526428144263,-3.45927226711099,5598
"TT_5599",0.0314451497887416,-3.45951052748262,5599
"TT_5600",0.0314378470792997,-3.45974279088731,5600
"TT_5601",0.0314307276322157,-3.45996927755882,5601
"TT_5602",0.0314237847334239,-3.46019019722102,5602
"TT_5603",0.0314170119886354,-3.46040574970183,5603
"TT_5604",0.0314104033047031,-3.46061612550436,5604
"TT_5605",0.0314039528722737,-3.46082150633909,5605
"TT_5606",0.0313976551496014,-3.46102206562066,5606
"TT_5607",0.031391504847461,-3.46121796893137,5607
"TT_5608",0.0313854969150561,-3.46140937445424,5608
"TT_5609",0.0313796265268624,-3.4615964333777,5609
"TT_5610",0.0313738890703157,-3.4617792902745,5610
"TT_5611",0.0313682801343066,-3.46195808345603,5611
"TT_5612",0.0313627954984003,-3.46213294530448,5612
"TT_5613",0.0313574311227281,-3.46230400258454,5613
"TT_5614",0.031352183138537,-3.46247137673491,5614
"TT_5615",0.0313470478392898,-3.46263518414302,5615
"TT_5616",0.0313420216723396,-3.4627955364022,5616
"TT_5617",0.0313371012310933,-3.46295254055377,5617
"TT_5618",0.0313322832476436,-3.4631062993149,5618
"TT_5619",0.0313275645858538,-3.46325691129249,5619
"TT_5620",0.0313229422348397,-3.46340447118489,5620
"TT_5621",0.0313184133028238,-3.46354906997222,5621
"TT_5622",0.0313139750113701,-3.46369079509497,5622
"TT_5623",0.0313096246899224,-3.46382973062329,5623
"TT_5624",0.0313053597706694,-3.46396595741616,5624
"TT_5625",0.0313011777836881,-3.46409955327215,5625
"TT_5626",0.0312970763523741,-3.46423059307115,5626
"TT_5627",0.0312930531891034,-3.46435914890913,5627
"TT_5628",0.0312891060911432,-3.46448529022515,5628
"TT_5629",0.0312852329367918,-3.46460908392131,5629
"TT_5630",0.0312814316817091,-3.46473059447682,5630
"TT_5631",0.0312777003554547,-3.46484988405574,5631
"TT_5632",0.031274037058215,-3.46496701260868,5632
"TT_5633",0.0312704399576754,-3.46508203797032,5633
"TT_5634",0.0312669072860928,-3.46519501595043,5634
"TT_5635",0.0312634373374921,-3.46530600042125,5635
"TT_5636",0.0312600284650043,-3.46541504340047,5636
"TT_5637",0.0312566790783695,-3.46552219512901,5637
"TT_5638",0.0312533876415255,-3.46562750414626,5638
"TT_5639",0.0312501526703524,-3.46573101736038,5639
"TT_5640",0.031246972730504,-3.46583278011605,5640
"TT_5641",0.0312438464353557,-3.46593283625846,5641
"TT_5642",0.0312407724440593,-3.46603122819408,5642
"TT_5643",0.0312377494596737,-3.46612799694903,5643
"TT_5644",0.031234776227409,-3.46622318222398,5644
"TT_5645",0.0312318515329268,-3.46631682244722,5645
"TT_5646",0.0312289742007498,-3.46640895482444,5646
"TT_5647",0.0312261430927246,-3.46649961538677,5647
"TT_5648",0.0312233571065603,-3.46658883903651,5648
"TT_5649",0.0312206151744474,-3.46667665959035,5649
"TT_5650",0.0312179162617194,-3.46676310982124,5650
"TT_5651",0.0625342365167285,-2.77204108795116,5651
"TT_5652",0.0505397275256991,-2.98499556829703,5652
"TT_5653",0.0360897944422466,-3.32174515604201,5653
"TT_5654",0.0337721568847578,-3.38811857677652,5654
"TT_5655",0.0328363514951547,-3.41621909998663,5655
"TT_5656",0.0323387927598976,-3.43148775515587,5656
"TT_5657",0.0320334648157417,-3.44097414713273,5657
"TT_5658",0.0318285849571977,-3.44739049493781,5658
"TT_5659",0.0316824015300797,-3.4519939090353,5659
"TT_5660",0.0315733069098748,-3.45544323340654,5660
"TT_5661",0.031489046978156,-3.45811550859659,5661
"TT_5662",0.0314221785358079,-3.46024131260005,5662
"TT_5663",0.0313679320283304,-3.46196918090562,5663
"TT_5664",0.0313231169619658,-3.46339889295288,5664
"TT_5665",0.0312855224349879,-3.46459983045475,5665
"TT_5666",0.56547980850788,-0.570080689619778,5666
"TT_5667",1.18990714906454,0.173875278083067,5667
"TT_5668",0.226892074945352,-1.48328081532791,5668
"TT_5669",0.134315652320357,-2.00756263481029,5669
"TT_5670",0.0991726076745557,-2.3108934351358,5670
"TT_5671",0.0809994053289349,-2.51331346595474,5671
"TT_5672",0.0700280703842736,-2.65885911182437,5672
"TT_5673",0.0627465775591066,-2.76865124334838,5673
"TT_5674",0.0575928568563206,-2.85435673188163,5674
"TT_5675",0.0537708034988426,-2.9230246450168,5675
"TT_5676",0.0508339617942846,-2.97919060851295,5676
"TT_5677",0.0485134682929817,-3.0259138228268,5677
"TT_5678",0.0466382027822285,-3.06533527151107,5678
"TT_5679",0.045094327956394,-3.09899880631632,5679
"TT_5680",0.0438033190734179,-3.12804568653882,5680
"TT_5681",0.0427093462827621,-3.15333750019855,5681
"TT_5682",0.0417716842057449,-3.17553658034398,5682
"TT_5683",0.0409599638102793,-3.19516018178938,5683
"TT_5684",0.0402511013986886,-3.21261791154938,5684
"TT_5685",0.039627254112442,-3.22823816228424,5685
"TT_5686",0.0390744240318272,-3.24228714285163,5686
"TT_5687",0.0385814836584281,-3.25498281557141,5687
"TT_5688",0.0381394819868372,-3.2665052607889,5688
"TT_5689",0.0377411415553819,-3.27700449160884,5689
"TT_5690",0.0373804880636061,-3.28660642022867,5690
"TT_5691",0.0370525736551838,-3.29541746527515,5691
"TT_5692",0.0367532674519837,-3.30352814701751,5692
"TT_5693",0.0364790950856076,-3.31101591985101,5693
"TT_5694",0.0362271144081528,-3.3179474237237,5694
"TT_5695",0.0359948182475864,-3.32438028845308,5695
"TT_5696",0.0357800576097202,-3.3303645907933,5696
"TT_5697",0.0355809805011256,-3.33594403947588,5697
"TT_5698",0.0353959828027331,-3.34115694543055,5698
"TT_5699",0.0352236685241339,-3.34603702108472,5699
"TT_5700",0.0350628174219595,-3.35061404270749,5700
"TT_5701",0.0349123584448578,-3.35491440228812,5701
"TT_5702",0.0347713478227301,-3.35896156975825,5702
"TT_5703",0.0346389508834854,-3.36277648202006,5703
"TT_5704",0.0345144268810679,-3.36637787188799,5704
"TT_5705",0.034397116271113,-3.36978254744477,5705
"TT_5706",0.0590776805992963,-2.82890208073387,5706
"TT_5707",0.0360365154070025,-3.3232225377366,5707
"TT_5708",0.0340828734163232,-3.37896026671599,5708
"TT_5709",0.0339891022475926,-3.3817153278738,5709
"TT_5710",0.0339001414036104,-3.38433609340648,5710
"TT_5711",0.0338156420102807,-3.38683180217418,5711
"TT_5712",0.0337352875778247,-3.38921088032593,5712
"TT_5713",0.033658790365449,-3.39148102772057,5713
"TT_5714",0.0669538975026779,-2.70375099341351,5714
"TT_5715",0.0472225974159645,-3.05288274214625,5715
"TT_5716",0.0360474366953113,-3.32291952193145,5716
"TT_5717",0.0339280963806309,-3.38351180607376,5717
"TT_5718",0.0333257379809636,-3.40142526819741,5718
"TT_5719",0.0332675997735251,-3.40317133542184,5719
"TT_5720",0.033211888509926,-3.4048473795094,5720
"TT_5721",0.0331584603570426,-3.40645738052149,5721
"TT_5722",0.0331071824356055,-3.40800502812623,5722
"TT_5723",0.0330579318074777,-3.40949374730362,5723
"TT_5724",0.0330105945725106,-3.41092672138859,5724
"TT_5725",0.0329650650614131,-3.41230691276758,5725
"TT_5726",0.032921245113052,-3.41363708149933,5726
"TT_5727",0.032879043426034,-3.41491980209954,5727
"TT_5728",0.0328383749759206,-3.41615747869408,5728
"TT_5729",0.0327991604904361,-3.41735235872337,5729
"TT_5730",0.0327613259761237,-3.41850654535473,5730
"TT_5731",0.0327248022906509,-3.41962200874297,5731
"TT_5732",0.0326895247557602,-3.42070059626053,5732
"TT_5733",0.0326554328064442,-3.42174404180495,5733
"TT_5734",0.0326224696724502,-3.42275397427961,5734
"TT_5735",0.0325905820887455,-3.42373192533036,5735
"TT_5736",0.0325597200318962,-3.42467933641375,5736
"TT_5737",0.0325298364797311,-3.42559756526232,5737
"TT_5738",0.0325008871919147,-3.42648789180627,5738
"TT_5739",0.0324728305093801,-3.42735152360298,5739
"TT_5740",0.0324456271707281,-3.4281896008222,5740
"TT_5741",0.0324192401439868,-3.42900320082754,5741
"TT_5742",0.0323936344722277,-3.42979334239256,5742
"TT_5743",0.0323687771317547,-3.43056098958413,5743
"TT_5744",0.0323446369016847,-3.43130705534346,5744
"TT_5745",0.0323211842438725,-3.43203240479159,5745
"TT_5746",0.032298391192231,-3.43273785828406,5746
"TT_5747",0.0322762312506306,-3.43342419423562,5747
"TT_5748",0.0322546792985743,-3.43409215173611,5748
"TT_5749",0.0322337115040178,-3.43474243297385,5749
"TT_5750",0.0322133052426695,-3.4353757054839,5750
"TT_5751",0.0321934390232537,-3.43599260423487,5751
"TT_5752",0.0321740924182058,-3.43659373356816,5752
"TT_5753",0.0321552459993618,-3.43717966900126,5753
"TT_5754",0.0321368812782309,-3.43775095890588,5754
"TT_5755",0.0321189806504527,-3.43830812607177,5755
"TT_5756",0.0321015273441448,-3.43885166916362,5756
"TT_5757",0.0320845053717841,-3.439382064081,5757
"TT_5758",0.0320678994853707,-3.43989976522786,5758
"TT_5759",0.0320516951346171,-3.44040520669843,5759
"TT_5760",0.0320358784279124,-3.44089880338642,5760
"TT_5761",0.0320204360958631,-3.44138095202277,5761
"TT_5762",0.0320053554572136,-3.44185203214728,5762
"TT_5763",0.0319906243869712,-3.4423124070189,5763
"TT_5764",0.0319762312865493,-3.44276242446976,5764
"TT_5765",0.0319621650558251,-3.44320241770562,5765
"TT_5766",0.0319484150669206,-3.4436327060582,5766
"TT_5767",0.0319349711396306,-3.44405359569122,5767
"TT_5768",0.0319218235183414,-3.44446538026467,5768
"TT_5769",0.0319089628503666,-3.44486834155907,5769
"TT_5770",0.0318963801655753,-3.44526275006342,5770
"TT_5771",0.0318840668572418,-3.44564886552863,5771
"TT_5772",0.0318720146640258,-3.44602693748888,5772
"TT_5773",0.0318602156529986,-3.44639720575357,5773
"TT_5774",0.0318486622036709,-3.44675990087058,5774
"TT_5775",0.0318373469929131,-3.44711524456442,5775
"TT_5776",0.031826262980758,-3.4474634501491,5776
"TT_5777",0.112761004298367,-2.18248470626323,5777
"TT_5778",0.0415463589233794,-3.18094539272679,5778
"TT_5779",0.0364978287498777,-3.31050250646779,5779
"TT_5780",0.0346594179638927,-3.36218578756814,5780
"TT_5781",0.033725022347929,-3.38951521423682,5781
"TT_5782",0.0331661858786799,-3.40622441971097,5782
"TT_5783",0.0327973869740257,-3.41740643219154,5783
"TT_5784",0.0325372793021884,-3.42536879155996,5784
"TT_5785",0.0323448022803627,-3.43130194233954,5785
"TT_5786",0.03219708920176,-3.43587922797874,5786
"TT_5787",0.0510212969304445,-2.97551214655148,5787
"TT_5788",0.06115942392137,-2.79427131717149,5788
"TT_5789",0.0366277038072113,-3.30695039028209,5789
"TT_5790",0.0339653176977868,-3.38241534270128,5790
"TT_5791",0.0329436203552676,-3.41295765270471,5791
"TT_5792",0.0324126817350352,-3.42920552119022,5792
"TT_5793",0.0320911862502705,-3.43917385819053,5793
"TT_5794",0.0318773544080895,-3.44585941444814,5794
"TT_5795",0.031725745932952,-3.4506267531931,5795
"TT_5796",0.031644316792567,-3.45319671073143,5796
"TT_5797",0.0316368471143605,-3.45343278977233,5797
"TT_5798",0.0316295045600337,-3.45366490539669,5798
"TT_5799",0.0316222860241842,-3.45389315303408,5799
"TT_5800",0.0316151884999268,-3.45411762513201,5800
"TT_5801",0.0316082090750591,-3.45433841127017,5801
"TT_5802",0.0316013449284133,-3.45455559826923,5802
"TT_5803",0.0315945933263543,-3.45476927029535,5803
"TT_5804",0.0315879516194559,-3.45497950895948,5804
"TT_5805",0.0315814172393141,-3.4551863934126,5805
"TT_5806",0.0315749876955077,-3.45539000043662,5806
"TT_5807",0.0315686605726962,-3.45559040453129,5807
"TT_5808",0.0315624335278367,-3.45578767799751,5808
"TT_5809",0.0315563042875367,-3.4559818910167,5809
"TT_5810",0.0315502706455015,-3.45617311172738,5810
"TT_5811",0.0315443304601142,-3.45636140629778,5811
"TT_5812",0.0315384816521094,-3.45654683899571,5812
"TT_5813",0.0315327222023323,-3.45672947225594,5813
"TT_5814",0.0315270501496204,-3.45690936674384,5814
"TT_5815",0.0315214635887524,-3.45708658141716,5815
"TT_5816",0.0315159606684879,-3.45726117358501,5816
"TT_5817",0.0315105395896946,-3.45743319896432,5817
"TT_5818",0.0315051986035448,-3.45760271173416,5818
"TT_5819",0.0314999360097869,-3.45776976458795,5819
"TT_5820",0.0314947501550941,-3.4579344087832,5820
"TT_5821",0.0314896394314709,-3.45809669418973,5821
"TT_5822",0.0314846022747255,-3.45825666933575,5822
"TT_5823",0.0314796371630083,-3.45841438145208,5823
"TT_5824",0.0314747426154025,-3.45856987651479,5824
"TT_5825",0.0314699171905737,-3.45872319928603,5825
"TT_5826",0.0314651594854646,-3.45887439335362,5826
"TT_5827",0.0314604681340595,-3.45902350116839,5827
"TT_5828",0.0314558418061671,-3.45917056408117,5828
"TT_5829",0.0314512792062809,-3.4593156223773,5829
"TT_5830",0.0314467790724576,-3.45945871531067,5830
"TT_5831",0.0314423401752578,-3.45959988113586,5831
"TT_5832",0.0314379613167116,-3.45973915713961,5832
"TT_5833",0.0314336413293309,-3.45987657967079,5833
"TT_5834",0.0314293790751585,-3.46001218416932,5834
"TT_5835",0.0314251734448465,-3.4601460051942,5835
"TT_5836",0.0314210233567784,-3.46027807645023,5836
"TT_5837",0.0314169277562102,-3.46040843081416,5837
"TT_5838",0.0314128856144591,-3.46053710035939,5838
"TT_5839",0.0314088959281032,-3.46066411638037,5839
"TT_5840",0.0314049577182251,-3.46078950941566,5840
"TT_5841",0.0314010700296745,-3.46091330927038,5841
"TT_5842",0.0313972319303631,-3.4610355450378,5842
"TT_5843",0.0313934425105714,-3.46115624512041,5843
"TT_5844",0.0313897008822984,-3.46127543724987,5844
"TT_5845",0.0313860061786213,-3.46139314850648,5845
"TT_5846",0.0313823575530774,-3.46150940533814,5846
"TT_5847",0.0313787541790755,-3.46162423357831,5847
"TT_5848",0.0313751952493194,-3.46173765846367,5848
"TT_5849",0.0313716799752569,-3.46184970465095,5849
"TT_5850",0.0313682075865397,-3.46196039623347,5850
"TT_5851",0.0313647773305167,-3.46206975675668,5851
"TT_5852",0.0313613884717228,-3.46217780923379,5852
"TT_5853",0.0313580402914045,-3.46228457616032,5853
"TT_5854",0.0313547320870501,-3.46239007952852,5854
"TT_5855",0.0313514631719393,-3.46249434084115,5855
"TT_5856",0.0313482328747069,-3.46259738112488,5856
"TT_5857",0.0313450405389197,-3.46269922094329,5857
"TT_5858",0.0313418855226698,-3.46279988040933,5858
"TT_5859",0.0313387671981776,-3.46289937919753,5859
"TT_5860",0.0313356849514132,-3.46299773655563,5860
"TT_5861",0.0313326381817212,-3.4630949713161,5861
"TT_5862",0.0313296263014631,-3.46319110190714,5862
"TT_5863",0.0313266487356783,-3.46328614636311,5863
"TT_5864",0.0313237049217354,-3.46338012233526,5864
"TT_5865",0.0313207943090193,-3.46347304710132,5865
"TT_5866",0.0313179163586032,-3.46356493757568,5866
"TT_5867",0.0313150705429574,-3.46365581031826,5867
"TT_5868",0.0313122563456406,-3.46374568154408,5868
"TT_5869",0.0313094732610198,-3.46383456713188,5869
"TT_5870",0.0313067207939918,-3.4639224826327,5870
"TT_5871",0.0313039984597117,-3.46400944327823,5871
"TT_5872",0.0313013057833325,-3.46409546398888,5872
"TT_5873",0.0312986422997499,-3.46418055938163,5873
"TT_5874",0.0312960075533622,-3.46426474377744,5874
"TT_5875",0.0312934010978212,-3.46434803120893,5875
"TT_5876",0.0312908224958129,-3.46443043542717,5876
"TT_5877",0.0312882713188227,-3.46451196990893,5877
"TT_5878",0.0312857471469238,-3.46459264786321,5878
"TT_5879",0.0312832495685637,-3.46467248223782,5879
"TT_5880",0.0312807781803581,-3.46475148572579,5880
"TT_5881",0.0312783325868893,-3.46482967077158,5881
"TT_5882",0.0312759124005216,-3.46490704957679,5882
"TT_5883",0.0312735172412011,-3.46498363410635,5883
"TT_5884",0.0312711467362795,-3.46505943609399,5884
"TT_5885",0.0312688005203398,-3.4651344670476,5885
"TT_5886",0.0312664782350152,-3.46520873825489,5886
"TT_5887",0.0312641795288287,-3.46528226078831,5887
"TT_5888",0.0312619040570283,-3.46535504551017,5888
"TT_5889",0.0312596514814259,-3.46542710307764,5889
"TT_5890",0.03125742147025,-3.46549844394731,5890
"TT_5891",0.06619249876223,-2.71518813420823,5891
"TT_5892",0.037785425215916,-3.27583182700877,5892
"TT_5893",0.0339336889167703,-3.38334698470552,5893
"TT_5894",0.0327957180713108,-3.41745731872037,5894
"TT_5895",0.0322613552475164,-3.43388519701508,5895
"TT_5896",0.0319553349670982,-3.44341613347205,5896
"TT_5897",0.0317589221103471,-3.44958158177021,5897
"TT_5898",0.0316230805644808,-3.45386802738964,5898
"TT_5899",0.0315240210132345,-3.45700545191202,5899
"TT_5900",0.031448866435564,-3.45939233986956,5900
"TT_5901",0.031390066890166,-3.46126377719184,5901
"TT_5902",0.0313429170072414,-3.46276697021323,5902
"TT_5903",0.0313043391194942,-3.46399856102849,5903
"TT_5904",0.0312722396937315,-3.46502448571747,5904
"TT_5905",0.0312451475975641,-3.46589119173438,5905
"TT_5906",0.0312245620115883,-3.46655024991953,5906
"TT_5907",0.0312226703824581,-3.46661083320107,5907
"TT_5908",0.0312207962899807,-3.4666708584552,5908
"TT_5909",0.0312189394999423,-3.46673033308351,5909
"TT_5910",0.0312170997821999,-3.46678926435987,5910
"TT_5911",0.031215276910607,-3.46684765943275,5911
"TT_5912",0.0312134706629134,-3.46690552532833,5912
"TT_5913",0.031211680820697,-3.46696286895263,5913
"TT_5914",0.0312099071692712,-3.46701969709441,5914
"TT_5915",0.0312081494976129,-3.4670760164274,5915
"TT_5916",0.0312064075982839,-3.46713183351272,5916
"TT_5917",0.0312046812673539,-3.46718715480135,5917
"TT_5918",0.0312029703043312,-3.46724198663623,5918
"TT_5919",0.0312012745120897,-3.46729633525456,5919
"TT_5920",0.0311995936967945,-3.46735020679013,5920
"TT_5921",0.0311979276678463,-3.46740360727503,5921
"TT_5922",0.0311962762378001,-3.4674565426422,5922
"TT_5923",0.0311946392223119,-3.46750901872711,5923
"TT_5924",0.031193016440074,-3.46756104126974,5924
"TT_5925",0.0311914077127447,-3.46761261591683,5925
"TT_5926",0.0311898128649014,-3.46766374822328,5926
"TT_5927",0.0311882317239747,-3.46771444365426,5927
"TT_5928",0.0311869723610669,-3.46775482389594,5928
"TT_5929",0.0311865264096335,-3.46776912328405,5929
"TT_5930",0.0311860850931278,-3.46778327425497,5930
"TT_5931",0.0311856483212374,-3.46779727969835,5931
"TT_5932",0.0311852160060596,-3.4678111424268,5932
"TT_5933",0.0311847880619241,-3.46782486518158,5933
"TT_5934",0.0311843644054615,-3.46783845063034,5934
"TT_5935",0.0311839449553173,-3.46785190137635,5935
"TT_5936",0.0311835296323693,-3.46786521995148,5936
"TT_5937",0.031183118359347,-3.46787840882841,5937
"TT_5938",0.0311827110610899,-3.46789147041232,5938
"TT_5939",0.03118230766418,-3.4679044070527,5939
"TT_5940",0.0311819080971191,-3.46791722103765,5940
"TT_5941",0.0311815122901102,-3.46792991460084,5941
"TT_5942",0.0311811201751946,-3.46794248991718,5942
"TT_5943",0.0311807316858836,-3.46795494911458,5943
"TT_5944",0.379122499810319,-0.969895907626671,5944
"TT_5945",0.128468462307297,-2.05207183428481,5945
"TT_5946",0.0630645437383325,-2.76359657325338,5946
"TT_5947",0.0505521493099573,-2.98474981592385,5947
"TT_5948",0.0591524814522074,-2.82763673758296,5948
"TT_5949",0.0415344359416282,-3.18123241409803,5949
"TT_5950",0.0394422870343132,-3.2329167632435,5950
"TT_5951",0.0379978461258762,-3.27022580176017,5951
"TT_5952",0.0369457539111354,-3.2983045526394,5952
"TT_5953",0.0361482807100098,-3.32012589139745,5953
"TT_5954",0.0355248499403518,-3.33752282906555,5954
"TT_5955",0.0350253147661923,-3.35168419989888,5955
"TT_5956",0.0346169070405759,-3.36341307347426,5956
"TT_5957",0.034277351951405,-3.3732704358616,5957
"TT_5958",0.0339910046307244,-3.38165935905529,5958
"TT_5959",0.0337465702145678,-3.38887649009966,5959
"TT_5960",0.0335357004462923,-3.39514472262628,5960
"TT_5961",0.0582793475982751,-2.84250749198211,5961
"TT_5962",0.0366471921538951,-3.30641846602924,5962
"TT_5963",0.0334800667868734,-3.3968050385339,5963
"TT_5964",0.0329215977036855,-3.41362637143219,5964
"TT_5965",0.0328080666874159,-3.41708085823729,5965
"TT_5966",0.0327058973797196,-3.42019986933602,5966
"TT_5967",0.0326135094102545,-3.4230286773615,5967
"TT_5968",0.0325295984774059,-3.42560488172074,5968
"TT_5969",0.0324530790879797,-3.4279599531847,5969
"TT_5970",0.0323830409040766,-3.4301204221071,5970
"TT_5971",0.0323187150824845,-3.43210880223078,5971
"TT_5972",0.0322594480461925,-3.4339443159729,5972
"TT_5973",0.0322046808489225,-3.43564346901772,5973
"TT_5974",0.0321539327943934,-3.43722050936007,5974
"TT_5975",0.032106788324939,-3.43868779690654,5975
"TT_5976",0.0320628864457308,-3.44005610323549,5976
"TT_5977",0.0320219121327261,-3.44133485637187,5977
"TT_5978",0.0319835893051599,-3.44253234194061,5978
"TT_5979",0.0319476750413434,-3.44365586946541,5979
"TT_5980",0.031913954789604,-3.44471191062698,5980
"TT_5981",0.0318822383809728,-3.44570621482188,5981
"TT_5982",0.0318523566919806,-3.44664390623257,5982
"TT_5983",0.0318241588376686,-3.44752956575463,5983
"TT_5984",0.0317975097995014,-3.44836730045403,5984
"TT_5985",0.224586680799357,-1.49349354030907,5985
"TT_5986",0.0798623566211505,-2.52745066837661,5986
"TT_5987",0.116488942959346,-2.14995892070085,5987
"TT_5988",0.0435340549782152,-3.13421177411035,5988
"TT_5989",0.0395612547705758,-3.22990505456644,5989
"TT_5990",0.0376310582140606,-3.27992555321863,5990
"TT_5991",0.0364028608848049,-3.31310791169153,5991
"TT_5992",0.0355565298963768,-3.33663145756445,5992
"TT_5993",0.0349396906882185,-3.35413182697086,5993
"TT_5994",0.0344709555676358,-3.36763817711913,5994
"TT_5995",0.0341030707301425,-3.37836784800967,5995
"TT_5996",0.0338068034985303,-3.3870932098099,5996
"TT_5997",0.0335631423617546,-3.39432676762605,5997
"TT_5998",0.0333592122078596,-3.40042131664274,5998
"TT_5999",0.0331859965897344,-3.40562728150372,5999
"TT_6000",0.033037000663508,-3.41012711339953,6000
"TT_6001",0.0329074319188498,-3.4140567525311,6001
"TT_6002",0.0327936795788769,-3.4175194779262,6002
"TT_6003",0.032692973276494,-3.4205951086808,6003
"TT_6004",0.0326031531011282,-3.42334627439314,6004
"TT_6005",0.0325225109337309,-3.42582278529887,6005
"TT_6006",0.0324496786314893,-3.4280647393791,6006
"TT_6007",0.032383547729492,-3.43010477127768,6007
"TT_6008",0.0323232107920376,-3.43196970645047,6008
"TT_6009",0.0322679179172052,-3.4336817956938,6009
"TT_6010",0.0322170440293723,-3.43525964878859,6010
"TT_6011",0.032170063971143,-3.43671894919905,6011
"TT_6012",0.0321265333141387,-3.43807300728278,6012
"TT_6013",0.0320860734174637,-3.43933319290952,6013
"TT_6014",0.0320483596789315,-3.44050927698974,6014
"TT_6015",0.0320131122124761,-3.44160970346986,6015
"TT_6016",0.0319800883881415,-3.44264180772332,6016
"TT_6017",0.0319490768154821,-3.44361199324015,6017
"TT_6018",0.0319198924554061,-3.44452587559774,6018
"TT_6019",0.0318923726215477,-3.44538840055376,6019
"TT_6020",0.0318663736881751,-3.44620394152087,6020
"TT_6021",0.0318417683634307,-3.44697638049572,6021
"TT_6022",0.0470394251728224,-3.05676919543194,6022
"TT_6023",0.0538812427034598,-2.92097286342496,6023
"TT_6024",0.0352943988963217,-3.34403099912484,6024
"TT_6025",0.0332353181008576,-3.40414217027345,6025
"TT_6026",0.0324436447342879,-3.42825070295457,6026
"TT_6027",0.0320319570794587,-3.44102121577721,6027
"TT_6028",0.0317826090865224,-3.44883602286326,6028
"TT_6029",0.0316837053148276,-3.45195275817997,6029
"TT_6030",0.031667724194124,-3.45245728100341,6030
"TT_6031",0.0316524019785062,-3.45294124137567,6031
"TT_6032",0.0316376973245702,-3.45340591608348,6032
"TT_6033",0.0316235723500868,-3.45385247603369,6033
"TT_6034",0.0316099922750588,-3.45428199713747,6034
"TT_6035",0.0315969251067885,-3.45469546987108,6035
"TT_6036",0.0315843413627477,-3.45509380769842,6036
"TT_6037",0.0315722138260778,-3.4554778545098,6037
"TT_6038",0.0315605173292988,-3.45584839120919,6038
"TT_6039",0.0315492285624774,-3.4562061415624,6039
"TT_6040",0.0315383259027188,-3.45655177740007,6040
"TT_6041",0.0315277892622139,-3.45688592325876,6041
"TT_6042",0.0315175999525451,-3.45720916052906,6042
"TT_6043",0.031507740563257,-3.45752203117087,6043
"TT_6044",0.0314981948529271,-3.4578250410489,6044
"TT_6045",0.0314889476513119,-3.45811866293152,6045
"TT_6046",0.0314799847712169,-3.45840333919363,6046
"TT_6047",0.0314712929290152,-3.45867948425612,6047
"TT_6048",0.0314628596728099,-3.45894748679232,6048
"TT_6049",0.0314546733174106,-3.45920771172666,6049
"TT_6050",0.0314467228853764,-3.45946050204791,6050
"TT_6051",0.0314389980534412,-3.45970618045817,6051
"TT_6052",0.0314314891038126,-3.45994505087269,6052
"TT_6053",0.0314241868797792,-3.46017739978795,6053
"TT_6054",0.0314170827451919,-3.46040349753104,6054
"TT_6055",0.0314101685474766,-3.46062359940088,6055
"TT_6056",0.0314034365837516,-3.46083794671422,6056
"TT_6057",0.0313968795698017,-3.46104676776403,6057
"TT_6058",0.0313904906116053,-3.46125027869944,6058
"TT_6059",0.0313842631791825,-3.46144868433441,6059
"TT_6060",0.0313781910825287,-3.4616421788924,6060
"TT_6061",0.0313722684494715,-3.46183094669168,6061
"TT_6062",0.0313664897052249,-3.4620151627786,6062
"TT_6063",0.0313608495535503,-3.46219499351131,6063
"TT_6064",0.0313553429593238,-3.46237059710011,6064
"TT_6065",0.0313499651324171,-3.46254212410743,6065
"TT_6066",0.0313447115127688,-3.46270971791097,6066
"TT_6067",0.0313395777565542,-3.46287351513308,6067
"TT_6068",0.0313345597233361,-3.46303364603972,6068
"TT_6069",0.0313296534641403,-3.46319023491099,6069
"TT_6070",0.0313248552103728,-3.46334340038554,6070
"TT_6071",0.0313201613634938,-3.46349325578169,6071
"TT_6072",0.0313155684854145,-3.46363990939612,6072
"TT_6073",0.0313110732895257,-3.46378346478307,6073
"TT_6074",0.0313066726323532,-3.46392402101405,6074
"TT_6075",0.0313023635057413,-3.46406167292133,6075
"TT_6076",0.0312981430295566,-3.46419651132519,6076
"TT_6077",0.0312940084448746,-3.46432862324628,6077
"TT_6078",0.0312899571075774,-3.46445809210518,6078
"TT_6079",0.0312859864823834,-3.46458499790864,6079
"TT_6080",0.0312820941372306,-3.46470941742477,6080
"TT_6081",0.0312782777380127,-3.46483142434731,6081
"TT_6082",0.0312745350436471,-3.4649510894496,6082
"TT_6083",0.031270863901425,-3.4650684807298,6083
"TT_6084",0.0312672622426472,-3.46518366354719,6084
"TT_6085",0.0312637280785306,-3.46529670075009,6085
"TT_6086",0.0312602594963282,-3.46540765279715,6086
"TT_6087",0.0312568546557,-3.4655165778708,6087
"TT_6088",0.0312535117852809,-3.46562353198458,6088
"TT_6089",0.0312502291794395,-3.46572856908456,6089
"TT_6090",0.0312470051952317,-3.46583174114466,6090
"TT_6091",0.0312438382495075,-3.46593309825723,6091
"TT_6092",0.0312407268162027,-3.46603268871782,6092
"TT_6093",0.0312376694237477,-3.46613055910636,6093
"TT_6094",0.0312346646526391,-3.4662267543632,6094
"TT_6095",0.0312317111331393,-3.46632131786123,6095
"TT_6096",0.0312288075430828,-3.46641429147465,6096
"TT_6097",0.0312259526058171,-3.46650571564347,6097
"TT_6098",0.0312231450882403,-3.4665956294351,6098
"TT_6099",0.031220383798947,-3.46668407060248,6099
"TT_6100",0.0312176675864554,-3.46677107563973,6100
"TT_6101",0.0312149953375421,-3.46685667983438,6101
"TT_6102",0.031212365975649,-3.46694091731741,6102
"TT_6103",0.0312097784593737,-3.46702382111062,6103
"TT_6104",0.031207231781036,-3.46710542317164,6104
"TT_6105",0.0312047249653077,-3.467185754437,6105
"TT_6106",0.0312022570679189,-3.46726484486277,6106
"TT_6107",0.0311998271744202,-3.46734272346345,6107
"TT_6108",0.031197434399002,-3.46741941834906,6108
"TT_6109",0.0311950778833767,-3.46749495676032,6109
"TT_6110",0.0311927567957133,-3.46756936510216,6110
"TT_6111",0.0311904703296082,-3.46764266897602,6111
"TT_6112",0.0311882177031255,-3.46771489321012,6112
"TT_6113",0.0311859981578555,-3.46778606188904,6113
"TT_6114",0.0311838109580482,-3.46785619838102,6114
"TT_6115",0.0311816553897487,-3.46792532536512,6115
"TT_6116",0.0311795307600056,-3.46799346485621,6116
"TT_6117",0.0311774363960868,-3.46806063822961,6117
"TT_6118",0.0311753716447549,-3.46812686624395,6118
"TT_6119",0.0311733358715474,-3.46819216906383,6119
"TT_6120",0.0311713284601187,-3.46825656628053,6120
"TT_6121",0.0311693488115767,-3.46832007693294,6121
"TT_6122",0.031167396343884,-3.46838271952644,6122
"TT_6123",0.0311654704912471,-3.46844451205212,6123
"TT_6124",0.0311635707035634,-3.46850547200427,6124
"TT_6125",0.0311616964458752,-3.46856561639753,6125
"TT_6126",0.0311598471978432,-3.46862496178355,6126
"TT_6127",0.0311580224532557,-3.46868352426646,6127
"TT_6128",0.0311562217195433,-3.46874131951814,6128
"TT_6129",0.0311544445173258,-3.46879836279261,6129
"TT_6130",0.0311526903799634,-3.46885466894007,6130
"TT_6131",0.0311509588531461,-3.46891025241998,6131
"TT_6132",0.031149249494474,-3.46896512731424,6132
"TT_6133",0.0311475618730735,-3.46901930733931,6133
"TT_6134",0.0311458955692284,-3.4690728058579,6134
"TT_6135",0.031144250174006,-3.46912563589074,6135
"TT_6136",0.0311426252889237,-3.46917781012715,6136
"TT_6137",0.0311410205256095,-3.46922934093571,6137
"TT_6138",0.0311394355054841,-3.46928024037437,6138
"TT_6139",0.0311378698594512,-3.46933052020019,6139
"TT_6140",0.0311366403295513,-3.46937000762117,6140
"TT_6141",0.0311364941771303,-3.46937470153685,6141
"TT_6142",0.0672490150944997,-2.69935290604238,6142
"TT_6143",0.0373680684152826,-3.28693872493187,6143
"TT_6144",0.033974854575443,-3.38213459929425,6144
"TT_6145",0.0329122664672541,-3.41390984974875,6145
"TT_6146",0.032403066799751,-3.42950220634999,6146
"TT_6147",0.0321083144178592,-3.43864026625237,6147
"TT_6148",0.0319178699421769,-3.44458923976196,6148
"TT_6149",0.031785559796983,-3.4487431867626,6149
"TT_6150",0.0316887625714906,-3.45179315395932,6150
"TT_6151",0.0316151477111359,-3.45411891529725,6151
"TT_6152",0.0315574477093528,-3.4559456573345,6152
"TT_6153",0.031511114668427,-3.45741494876955,6153
"TT_6154",0.0314731641367585,-3.45862002841739,6154
"TT_6155",0.0314415605049483,-3.45962467827157,6155
"TT_6156",0.0314148701105879,-3.46047392776611,6156
"TT_6157",0.0313920555533515,-3.46120042593486,6157
"TT_6158",0.0686732060135906,-2.67839617018743,6158
"TT_6159",0.0361846307797238,-3.31912081439929,6159
"TT_6160",0.0335432912380629,-3.39491839865771,6160
"TT_6161",0.0326220185047003,-3.42276780434442,6161
"TT_6162",0.0321620037435565,-3.43696953115343,6162
"TT_6163",0.0318896329026996,-3.44547430938737,6163
"TT_6164",0.0317110663152756,-3.45108956389932,6164
"TT_6165",0.0315857207700054,-3.45505013488218,6165
"TT_6166",0.0314932998531966,-3.45798045884818,6166
"TT_6167",0.0314225757696686,-3.46022867084927,6167
"TT_6168",0.031366856787839,-3.46200345982843,6168
"TT_6169",0.0313219185796695,-3.46343715240269,6169
"TT_6170",0.0312849694393006,-3.4646175063806,6170
"TT_6171",0.0312540941404467,-3.46560489888682,6171
"TT_6172",0.031242264468798,-3.46598347044053,6172
"TT_6173",0.0312377702921039,-3.46612733005005,6173
"TT_6174",0.031233578359622,-3.46626153341139,6174
"TT_6175",0.0312296593326566,-3.46638701608297,6175
"TT_6176",0.0312259874939102,-3.46650459836535,6176
"TT_6177",0.03122254021085,-3.46661500234733,6177
"TT_6178",0.0312192974907082,-3.46671886604718,6178
"TT_6179",0.0312162416103837,-3.46681675517799,6179
"TT_6180",0.0312133568061481,-3.46690917301538,6180
"TT_6181",0.0312106290128506,-3.46699656869394,6181
"TT_6182",0.0312080456431335,-3.46707934423292,6182
"TT_6183",0.0312055954004087,-3.46715786048946,6183
"TT_6184",0.0312032681188989,-3.46723244225172,6184
"TT_6185",0.031201054627134,-3.46730338258625,6185
"TT_6186",0.0311989466303163,-3.46737094658548,6186
"TT_6187",0.0311969366091584,-3.46743537459112,6187
"TT_6188",0.0311950177320893,-3.46749688499226,6188
"TT_6189",0.0311931837792359,-3.46755567664868,6189
"TT_6190",0.0311914290760709,-3.46761193100645,6190
"TT_6191",0.0593915201799447,-2.82360382071781,6191
"TT_6192",0.0355506616315855,-3.33679651160972,6192
"TT_6193",0.033092436222111,-3.40845053563934,6193
"TT_6194",0.0322980589369578,-3.43274814539032,6194
"TT_6195",0.0319129853579341,-3.44474228750758,6195
"TT_6196",0.0316886999252628,-3.45179513088378,6196
"TT_6197",0.0315432177538851,-3.45639668128502,6197
"TT_6198",0.0314418712334862,-3.45961479558771,6198
"TT_6199",0.0313675794410063,-3.46198042134396,6199
"TT_6200",0.0313109941027438,-3.46378599382068,6200
"TT_6201",0.0312665886294727,-3.46520520750027,6201
"TT_6202",0.0312308963159986,-3.46634740761874,6202
"TT_6203",0.0312016378540799,-3.46728469022146,6203
"TT_6204",0.0311772561392723,-3.46806641988957,6204
"TT_6205",0.0311719089115776,-3.46823794512823,6205
"TT_6206",0.0311709333695065,-3.46826924116914,6206
"TT_6207",0.0311699872336543,-3.46829959477454,6207
"TT_6208",0.0311690690787492,-3.46832905158571,6208
"TT_6209",0.0311681775693008,-3.46835765437125,6209
"TT_6210",0.0311673114525756,-3.46838544325167,6210
"TT_6211",0.0311664695523618,-3.46841245589876,6211
"TT_6212",0.0311656507631973,-3.4684387277201,6212
"TT_6213",0.0311648540454009,-3.468464292018,6213
"TT_6214",0.031164078420103,-3.46848918014835,6214
"TT_6215",0.0311633229648623,-3.46851342166088,6215
"TT_6216",0.0311625868099491,-3.46853704441796,6216
"TT_6217",0.0311618691343704,-3.4685600747218,6217
"TT_6218",0.0311611691628203,-3.46858253741198,6218
"TT_6219",0.0311604861622629,-3.46860445597476,6219
"TT_6220",0.0311598194394276,-3.46862585262322,6220
"TT_6221",0.031159168337991,-3.46864674838741,6221
"TT_6222",0.0311585322361808,-3.46866716319105,6222
"TT_6223",1.62701547663036,0.486747340564347,6223
"TT_6224",0.348893898090823,-1.05298741993397,6224
"TT_6225",0.167773030223247,-1.78514322359238,6225
"TT_6226",0.144991023498953,-1.93108344538164,6226
"TT_6227",0.0941160794737265,-2.36322637054084,6227
"TT_6228",0.0782538505259922,-2.54779724277265,6228
"TT_6229",0.0685821520791774,-2.67972295187429,6229
"TT_6230",0.0620224545810904,-2.78025878884226,6230
"TT_6231",0.0572888249692382,-2.85964970099649,6231
"TT_6232",0.0537215954717628,-2.92394020799593,6232
"TT_6233",0.0509441529179319,-2.97702528707793,6233
"TT_6234",0.0487254196914035,-3.02155442015401,6234
"TT_6235",0.0469157874203372,-3.05940104140278,6235
"TT_6236",0.054311186559153,-2.9130250592795,6236
"TT_6237",0.0441500655699711,-3.12016086676971,6237
"TT_6238",0.0430725427131285,-3.14486954490161,6238
"TT_6239",0.0421442042323766,-3.16665810737244,6239
"TT_6240",0.0413368775136894,-3.18600025942228,6240
"TT_6241",0.0406289754495665,-3.20327378589984,6241
"TT_6242",0.0400036915611222,-3.21878354009852,6242
"TT_6243",0.039447755475775,-3.23277812872648,6243
"TT_6244",0.0832096555705066,-2.48639188535842,6244
"TT_6245",0.0479888141250863,-3.03678733429277,6245
"TT_6246",0.0420612725592858,-3.16862785335725,6246
"TT_6247",0.0401461902706875,-3.2152277304965,6247
"TT_6248",0.0390976726623984,-3.24169233646317,6248
"TT_6249",0.0383868208450236,-3.26004108545836,6249
"TT_6250",0.0378478620549279,-3.27418078537226,6250
"TT_6251",0.0374116816908504,-3.28577227865595,6251
"TT_6252",0.0370439414401453,-3.29565046449425,6252
"TT_6253",0.0367253672583927,-3.30428755674367,6253
"TT_6254",0.0364441123751998,-3.31197535963183,6254
"TT_6255",0.0361923651124505,-3.31890709089058,6255
"TT_6256",0.0359646796682736,-3.32521794246535,6256
"TT_6257",0.055237701553185,-2.89610955968496,6257
"TT_6258",0.0470916991278338,-3.05565853281586,6258
"TT_6259",0.0353908323340597,-3.341302465996,6259
"TT_6260",0.035227970186349,-3.3459149043448,6260
"TT_6261",0.0350764773361734,-3.3502245345314,6261
"TT_6262",0.0349350959637173,-3.35426334005958,6262
"TT_6263",0.0348027694554102,-3.35805831331617,6263
"TT_6264",0.0346785994664277,-3.36163251235967,6264
"TT_6265",0.0345618143170698,-3.36500583882383,6265
"TT_6266",0.0344517452353524,-3.36819562285347,6266
"TT_6267",0.0343478081597364,-3.37121707138208,6267
"TT_6268",0.0342494895660797,-3.37408361756511,6268
"TT_6269",0.0341563352631146,-3.37680719734159,6269
"TT_6270",0.034067941416085,-3.37939847132187,6270
"TT_6271",0.0339839472691018,-3.38186700500282,6271
"TT_6272",0.0339040291813937,-3.38422141675005,6272
"TT_6273",0.0338278956929371,-3.38646950052035,6273
"TT_6274",0.033755283406184,-3.38861832854713,6274
"TT_6275",0.0336859535219273,-3.39067433795138,6275
"TT_6276",0.0336196889044574,-3.39264340433248,6276
"TT_6277",0.0335562915791151,-3.3945309047071,6277
"TT_6278",0.0334955805857924,-3.39634177166586,6278
"TT_6279",0.0334373901278366,-3.39808054022779,6279
"TT_6280",0.0940595061076344,-2.36382765330153,6280
"TT_6281",0.0430152881096802,-3.14619968904261,6281
"TT_6282",0.0378239288344478,-3.27481333869224,6282
"TT_6283",0.0361014063646171,-3.32142345693351,6283
"TT_6284",0.0935830852976127,-2.36890562446143,6284
"TT_6285",0.0400086233599928,-3.21866026410327,6285
"TT_6286",0.0355925113916176,-3.33562001741974,6286
"TT_6287",0.0341115188862107,-3.37812015448373,6287
"TT_6288",0.0339131619389868,-3.38395208216106,6288
"TT_6289",0.0337537168842588,-3.38866473782349,6289
"TT_6290",0.0336214241145931,-3.39259179274968,6290
"TT_6291",0.0335088809455875,-3.39594477243131,6291
"TT_6292",0.0334111994347769,-3.39886412278566,6292
"TT_6293",0.0333250233177118,-3.40144671321133,6293
"TT_6294",0.0332479713515624,-3.40376152572467,6294
"TT_6295",0.0331783063298985,-3.4058590404323,6295
"TT_6296",0.0331147300431896,-3.40777707917899,6296
"TT_6297",0.0330562517427284,-3.4095445704299,6297
"TT_6298",0.0330021011728517,-3.41118404763803,6298
"TT_6299",0.0329516695354454,-3.4127133505632,6299
"TT_6300",0.0923406134109151,-2.38227121896548,6300
"TT_6301",0.0433473690345996,-3.13850926884075,6301
"TT_6302",0.0375541240047917,-3.28197207977746,6302
"TT_6303",0.035733623726204,-3.33166319238041,6303
"TT_6304",0.0348461297032797,-3.35681320380274,6304
"TT_6305",0.034319521694754,-3.37204094109253,6305
"TT_6306",0.033968758242841,-3.38231405200115,6306
"TT_6307",0.0337164212308493,-3.38977028342485,6307
"TT_6308",0.0335246015464228,-3.39547573515206,6308
"TT_6309",0.0333726233093359,-3.40001937650269,6309
"TT_6310",0.0332482815204654,-3.40375219681094,6310
"TT_6311",0.033143919933273,-3.40689598993307,6311
"TT_6312",0.0330544978697303,-3.40959762906284,6312
"TT_6313",0.0329765631330675,-3.41195817792176,6313
"TT_6314",0.032907672426757,-3.41404944393805,6314
"TT_6315",0.0328460476750885,-3.41592385559463,6315
"TT_6316",0.0327903635774993,-3.41762060012669,6316
"TT_6317",0.0327396115527383,-3.41916957171741,6317
"TT_6318",0.0326930099029827,-3.42059398836458,6318
"TT_6319",0.0326499428952495,-3.42191217225818,6319
"TT_6320",0.0326099184717967,-3.42313878928227,6320
"TT_6321",0.0325725382753477,-3.42428572980621,6321
"TT_6322",0.0325374760039608,-3.42536274615044,6322
"TT_6323",0.0325044615170252,-3.4263779216212,6323
"TT_6324",0.0324732689860938,-3.42733802081476,6324
"TT_6325",0.0324437079387169,-3.42824875482674,6325
"TT_6326",0.0324156164031607,-3.42911498455077,6326
"TT_6327",0.0323888556002437,-3.42994087830812,6327
"TT_6328",0.0323633057891973,-3.43073003535938,6328
"TT_6329",0.0323388629845289,-3.43148558362907,6329
"TT_6330",0.032315436337496,-3.4322102577282,6330
"TT_6331",0.0322929460298976,-3.43290646177117,6331
"TT_6332",0.0322713215664451,-3.4335763203498,6332
"TT_6333",0.032250500380089,-3.43422172019905,6333
"TT_6334",0.0322304266849414,-3.43484434449153,6334
"TT_6335",0.0322110505267591,-3.43544570124511,6335
"TT_6336",0.0321923269920676,-3.43602714699968,6336
"TT_6337",0.032174215545636,-3.43658990666318,6337
"TT_6338",0.0321566794724458,-3.43713509023694,6338
"TT_6339",0.0321396854052064,-3.43766370698432,6339
"TT_6340",0.0321232029223568,-3.43817667749156,6340
"TT_6341",0.0321072042044562,-3.43867484398146,6341
"TT_6342",0.0320916637391522,-3.43915897917279,6342
"TT_6343",0.0320765580668237,-3.43962979392135,6343
"TT_6344",0.0320618655603862,-3.44008794383722,6344
"TT_6345",0.0320475662339451,-3.44053403503716,6345
"TT_6346",0.0320336415759359,-3.44096862916246,6346
"TT_6347",0.0320200744030334,-3.44139224777375,6347
"TT_6348",0.0320068487319394,-3.44180537620893,6348
"TT_6349",0.0319939496663612,-3.44220846698516,6349
"TT_6350",0.0319813632971816,-3.44260194280447,6350
"TT_6351",0.0319690766139725,-3.44298619921858,6351
"TT_6352",0.0319570774263373,-3.44336160699826,6352
"TT_6353",0.0319453542938131,-3.44372851424546,6353
"TT_6354",0.0319338964632553,-3.44408724828021,6354
"TT_6355",0.0319226938127203,-3.4444381173323,6355
"TT_6356",0.0319117368010754,-3.44478141206047,6356
"TT_6357",0.0319010164226772,-3.4451174069191,6357
"TT_6358",0.0318905241664258,-3.44544636139328,6358
"TT_6359",0.0318802519788152,-3.44576852111347,6359
"TT_6360",0.0318701922304008,-3.44608411886726,6360
"TT_6361",0.0318603376854075,-3.44639337551662,6361
"TT_6362",0.0318506814740204,-3.44669650083429,6362
"TT_6363",0.0318412170672298,-3.44699369426319,6363
"TT_6364",0.0318319382537596,-3.44728514561311,6364
"TT_6365",0.0318228391190415,-3.4475710356957,6365
"TT_6366",0.0318139140259343,-3.44785153690686,6366
"TT_6367",0.0318051575970013,-3.44812681376221,6367
"TT_6368",0.0317965646982739,-3.44839702338765,6368
"TT_6369",0.0317881304242413,-3.4486623159731,6369
"TT_6370",0.0317798500840889,-3.44892283518838,6370
"TT_6371",0.0319349120928982,-3.4440554446607,6371
"TT_6372",0.0598999508677359,-2.8150795940992,6372
"TT_6373",0.0345208248777892,-3.36619251740382,6373
"TT_6374",0.0327740791256545,-3.41811734657974,6374
"TT_6375",0.0321243674317599,-3.43814042680078,6375
"TT_6376",0.031791304878146,-3.44856245809006,6376
"TT_6377",0.0317258434323516,-3.45062368000296,6377
"TT_6378",0.0317186476552133,-3.45085051694485,6378
"TT_6379",0.0317115714327651,-3.45107363528117,6379
"TT_6380",0.031704611653561,-3.45129313064949,6380
"TT_6381",0.0316977653216748,-3.45150909516815,6381
"TT_6382",0.0316910295509802,-3.45172161760949,6382
"TT_6383",0.0316844015597179,-3.45193078356451,6383
"TT_6384",0.0316778786654734,-3.45213667559505,6384
"TT_6385",0.0316714582804021,-3.45233937337857,6385
"TT_6386",0.0316651379068002,-3.45253895384242,6386
"TT_6387",0.0316589151328872,-3.45273549129176,6387
"TT_6388",0.0316527876288961,-3.45292905752811,6388
"TT_6389",0.0316467531433242,-3.45311972196316,6389
"TT_6390",0.0316408094994737,-3.45330755172369,6390
"TT_6391",0.0316349545921126,-3.45349261175298,6391
"TT_6392",0.0316291863843867,-3.45367496490447,6392
"TT_6393",0.0316235029048633,-3.45385467203163,6393
"TT_6394",0.0316179022447579,-3.45403179207211,6394
"TT_6395",0.0316123825552822,-3.45420638212835,6395
"TT_6396",0.031606942045181,-3.4543784975424,6396
"TT_6397",0.0316015789783404,-3.45454819196861,6397
"TT_6398",0.0599445096698409,-2.81433598352332,6398
"TT_6399",0.0906682723848619,-2.40054779138392,6399
"TT_6400",0.0415524719512399,-3.18079826603903,6400
"TT_6401",0.0364819566023906,-3.31093748028036,6401
"TT_6402",0.0345971177218144,-3.36398490322607,6402
"TT_6403",0.0336289624141069,-3.39236760669115,6403
"TT_6404",0.0330463429789716,-3.4098443699725,6404
"TT_6405",0.0326603537956142,-3.42159335880975,6405
"TT_6406",0.0323874434597854,-3.4299844788373,6406
"TT_6407",0.0659089012788943,-2.71948177407778,6407
"TT_6408",0.0379549232208278,-3.27135605441552,6408
"TT_6409",0.0339550508246776,-3.38271766359295,6409
"TT_6410",0.0327926342808885,-3.4175513534175,6410
"TT_6411",0.0322491164365322,-3.4342646334325,6411
"TT_6412",0.0319381578709786,-3.44395381253045,6412
"TT_6413",0.0317384556289753,-3.45022622199976,6413
"TT_6414",0.0316001241331473,-3.45459423013283,6414
"TT_6415",0.0315165860437807,-3.45724133065226,6415
"TT_6416",0.0315124240830506,-3.45737339557689,6416
"TT_6417",0.0315083136621759,-3.45750384218947,6417
"TT_6418",0.0315042538216847,-3.45763270030965,6418
"TT_6419",0.0315002436264581,-3.45775999900719,6419
"TT_6420",0.0314962821648826,-3.45788576662789,6420
"TT_6421",0.0314923685481236,-3.45801003081579,6421
"TT_6422",0.0314885019093802,-3.45813281853594,6422
"TT_6423",0.0314846814031685,-3.45825415609633,6423
"TT_6424",0.0314809062046633,-3.458374069168,6424
"TT_6425",0.0314771755090494,-3.4584925828049,6425
"TT_6426",0.0314734885308737,-3.45860972146376,6426
"TT_6427",0.0314698445034817,-3.45872550902125,6427
"TT_6428",0.0314662426784049,-3.4588399687928,6428
"TT_6429",0.0314626823248315,-3.45895312354881,6429
"TT_6430",0.0314591627290587,-3.45906499553138,6430
"TT_6431",0.0314556831939921,-3.45917560646967,6431
"TT_6432",0.0314522430386337,-3.45928497759563,6432
"TT_6433",0.0314488415976156,-3.45939312965822,6433
"TT_6434",0.0314454782207456,-3.4595000829374,6434
"TT_6435",0.0314421522725562,-3.45960585725793,6435
"TT_6436",0.0314388631318759,-3.45971047200253,6436
"TT_6437",0.0314356101914293,-3.45981394612414,6437
"TT_6438",0.0314323928574353,-3.45991629815827,6438
"TT_6439",0.0314292105492194,-3.46001754623487,6439
"TT_6440",0.0314260626988511,-3.46011770808951,6440
"TT_6441",0.0314229487507778,-3.46021680107455,6441
"TT_6442",0.0314198681615053,-3.46031484216902,6442
"TT_6443",0.0314168203992285,-3.46041184798996,6443
"TT_6444",0.0314138049435416,-3.46050783480125,6444
"TT_6445",0.0314108212851119,-3.46060281852375,6445
"TT_6446",0.0314078689253871,-3.46069681474421,6446
"TT_6447",0.0314049473762988,-3.46078983872442,6447
"TT_6448",0.0314020561599872,-3.4608819054097,6448
"TT_6449",0.0313991948085285,-3.46097302943721,6449
"TT_6450",0.0313963628636752,-3.46106322514405,6450
"TT_6451",0.0313935598765947,-3.46115250657521,6451
"TT_6452",0.0313907854076388,-3.46124088749071,6452
"TT_6453",0.0313880390260796,-3.46132838137374,6453
"TT_6454",0.031385320309912,-3.46141500143672,6454
"TT_6455",0.0313826288456069,-3.46150076062888,6455
"TT_6456",0.0313799642279006,-3.46158567164283,6456
"TT_6457",0.0313773260595902,-3.46166974692077,6457
"TT_6458",0.0313747139513363,-3.46175299866063,6458
"TT_6459",0.031372127521442,-3.46183543882288,6459
"TT_6460",0.0313695663956873,-3.46191707913561,6460
"TT_6461",0.0313670302071443,-3.46199793110022,6461
"TT_6462",0.0313645185959759,-3.46207800599771,6462
"TT_6463",0.0313620312092828,-3.46215731489329,6463
"TT_6464",0.0313595677009249,-3.46223586864198,6464
"TT_6465",0.0313571277313631,-3.46231367789345,6465
"TT_6466",0.0313547109675023,-3.46239075309686,6466
"TT_6467",0.0313523170825201,-3.46246710450619,6467
"TT_6468",0.0313499457557439,-3.46254274218401,6468
"TT_6469",0.059586927257907,-2.82031907027994,6469
"TT_6470",0.0360904052860857,-3.32172823051835,6470
"TT_6471",0.03352700925702,-3.39540391851501,6471
"TT_6472",0.0327120324455447,-3.42001230406578,6472
"TT_6473",0.0323184928626472,-3.43211567814156,6473
"TT_6474",0.0320892169484506,-3.43923522588915,6474
"TT_6475",0.031940103825912,-3.44389288554583,6475
"TT_6476",0.031835768508813,-3.44716482543031,6476
"TT_6477",0.0317588338788331,-3.4495843599387,6477
"TT_6478",0.0316998118150755,-3.45144453454947,6478
"TT_6479",0.0316531028917727,-3.45291909754258,6479
"TT_6480",0.0316151994934488,-3.45411727740294,6480
"TT_6481",0.0315837979049251,-3.45511101440513,6481
"TT_6482",0.0315573257186452,-3.45594952301288,6482
"TT_6483",0.03153467482256,-3.45666755055565,6483
"TT_6484",0.0315150429468864,-3.4572902932737,6484
"TT_6485",0.0314978356821262,-3.45783644401502,6485
"TT_6486",0.0314826037307075,-3.45832014822088,6486
"TT_6487",0.0314690014906775,-3.45875229733587,6487
"TT_6488",0.0314567589908273,-3.45914140665806,6488
"TT_6489",0.0314456624280591,-3.45949422496403,6489
"TT_6490",0.0314355403906094,-3.45981616656449,6490
"TT_6491",0.0314262539259466,-3.4601116231238,6491
"TT_6492",0.0314176892615351,-3.46038419241306,6492
"TT_6493",0.0314097523901109,-3.46063684861735,6493
"TT_6494",0.0314023649870967,-3.46087207084379,6494
"TT_6495",0.0313954612943237,-3.46109194128229,6495
"TT_6496",0.0313889857143667,-3.46129822103113,6496
"TT_6497",0.0313828909340852,-3.46149240927676,6497
"TT_6498",0.0313771364469252,-3.46167578992257,6498
"TT_6499",0.0313716873788439,-3.46184946865511,6499
"TT_6500",0.0313665135478075,-3.46201440264976,6500
"TT_6501",0.0313615887046007,-3.46217142455988,6501
"TT_6502",0.0313568899156373,-3.46232126202646,6502
"TT_6503",0.0313523970577671,-3.46246455365342,6503
"TT_6504",0.0313480924022582,-3.46260186216736,6504
"TT_6505",0.0313439602701435,-3.46273368532339,6505
"TT_6506",0.0313399867450941,-3.46286046499328,6506
"TT_6507",0.0313361594330069,-3.46298259477711,6507
"TT_6508",0.0313324672596834,-3.46310042641066,6508
"TT_6509",0.0313289002997684,-3.46321427518408,6509
"TT_6510",0.0313254496315055,-3.46332442454387,6510
"TT_6511",0.0313221072128515,-3.46343113001892,6511
"TT_6512",0.0313188657754476,-3.46353462258145,6512
"TT_6513",0.0313157187334508,-3.46363511153732,6513
"TT_6514",0.0313126601049481,-3.46373278701805,6514
"TT_6515",0.031309684443904,-3.46382782213907,6515
"TT_6516",0.0313067867810893,-3.46392037487352,6516
"TT_6517",0.0313039625726154,-3.46401058968503,6517
"TT_6518",0.0313012076549736,-3.46409859895435,6518
"TT_6519",0.031298518205656,-3.46418452422901,6519
"TT_6520",0.0312958907085129,-3.46426847732292,6520
"TT_6521",0.0312933219232886,-3.46435056128332,6521
"TT_6522",0.0312908088586767,-3.4644308712463,6522
"TT_6523",0.0312883487484783,-3.46450949519376,6523
"TT_6524",0.0312859390304457,-3.4645865146252,6524
"TT_6525",0.0726742785347346,-2.62176775986911,6525
"TT_6526",0.0703432306726216,-2.65436872361056,6526
"TT_6527",0.043940808745091,-3.12491180652617,6527
"TT_6528",0.0354152997387157,-3.34061135620328,6528
"TT_6529",0.0335150358188573,-3.39576111043171,6529
"TT_6530",0.032693712093705,-3.42057251028154,6530
"TT_6531",0.0322428051977195,-3.43446035527402,6531
"TT_6532",0.0526542654695272,-2.94400802811817,6532
"TT_6533",0.0424102174406763,-3.16036596840017,6533
"TT_6534",0.159046318356606,-1.83855980876564,6534
"TT_6535",0.0526533633897336,-2.9440251603963,6535
"TT_6536",0.0411202762495296,-3.19125393972721,6536
"TT_6537",0.0374524004316323,-3.28468447410021,6537
"TT_6538",0.0356843001100684,-3.33304445975219,6538
"TT_6539",0.0346572358832618,-3.36224874734795,6539
"TT_6540",0.0339919363371661,-3.38163194904835,6540
"TT_6541",0.0335287435960392,-3.39535219024575,6541
"TT_6542",0.033189225498192,-3.40552998891897,6542
"TT_6543",0.0329305470223801,-3.4133545710592,6543
"TT_6544",0.0327274246479955,-3.41954187831904,6544
"TT_6545",0.0325640181093607,-3.42454733915458,6545
"TT_6546",0.153301663939999,-1.87534763902108,6546
"TT_6547",0.0569843346450954,-2.86497887970829,6547
"TT_6548",0.0422499131724678,-3.16415298027058,6548
"TT_6549",0.360080805152239,-1.02142681396286,6549
"TT_6550",0.0882673973246443,-2.42738446577448,6550
"TT_6551",0.258113528085932,-1.3543557595051,6551
"TT_6552",0.062388608868559,-2.77437257045442,6552
"TT_6553",0.0481603194557346,-3.03321984478649,6553
"TT_6554",0.0427858786679615,-3.15154716850024,6554
"TT_6555",0.039959934979394,-3.2198779523454,6555
"TT_6556",0.0382172212067185,-3.26446904802723,6556
"TT_6557",0.0370353165490017,-3.29588332026026,6557
"TT_6558",0.036181327395436,-3.31921211103582,6558
"TT_6559",0.0355356857850483,-3.33721785402786,6559
"TT_6560",0.0350306712384951,-3.35153128013802,6560
"TT_6561",0.0346250439476001,-3.36317804523067,6561
"TT_6562",0.0342922480987195,-3.37283595330554,6562
"TT_6563",0.0340144079880112,-3.38097107977546,6563
"TT_6564",0.0337790484982686,-3.38791453560522,6564
"TT_6565",0.0335771986212102,-3.39390805483862,6565
"TT_6566",0.033402241995951,-3.39913225562503,6566
"TT_6567",0.0473983698627228,-3.04916744195429,6567
"TT_6568",0.0452686786059667,-3.09513990713707,6568
"TT_6569",0.0342510868015724,-3.37403698334456,6569
"TT_6570",0.0328871767406095,-3.41467246191194,6570
"TT_6571",0.0327908401803875,-3.41760606538622,6571
"TT_6572",0.0327037874193575,-3.42026438456398,6572
"TT_6573",0.0326247558815462,-3.42268389592525,6573
"TT_6574",0.0325527008730533,-3.42489493763922,6574
"TT_6575",0.0324867506192485,-3.42692294602167,6575
"TT_6576",0.0324261719862449,-3.42878940490715,6576
"TT_6577",0.0323703440381213,-3.43051258279891,6577
"TT_6578",0.0323187374175762,-3.43210811114254,6578
"TT_6579",0.0322708981074949,-3.43358944227068,6579
"TT_6580",0.0322264345251297,-3.43496821523986,6580
"TT_6581",0.0321850071778618,-3.43625455045873,6581
"TT_6582",0.0321463203066666,-3.4374572887628,6582
"TT_6583",0.0854019862087431,-2.46038592074445,6583
"TT_6584",0.0448279961852078,-3.10492241989078,6584
"TT_6585",0.0363045109270958,-3.31581327746788,6585
"TT_6586",0.0341250404487237,-3.37772384016713,6586
"TT_6587",0.0331472831178354,-3.40679452293865,6587
"TT_6588",0.0326004282063843,-3.42342985553058,6588
"TT_6589",0.0322545778993658,-3.43409529544642,6589
"TT_6590",0.0320178110027891,-3.44146293718615,6590
"TT_6591",0.059792905764371,-2.81686825776579,6591
"TT_6592",0.0646641692655885,-2.73854802893698,6592
"TT_6593",0.0443177314707529,-3.11637042307981,6593
"TT_6594",0.0359640275847367,-3.32523607385021,6594
"TT_6595",0.0340265729665576,-3.38061350178334,6595
"TT_6596",0.0331441840608161,-3.40688802085484,6596
"TT_6597",0.0326405817302706,-3.42219892642647,6597
"TT_6598",0.0323163943715798,-3.43218061183783,6598
"TT_6599",0.0320911691974339,-3.43917438957759,6599
"TT_6600",0.0319261670261109,-3.44432932248935,6600
"TT_6601",0.0318004437556282,-3.44827503471387,6601
"TT_6602",0.0317017006374717,-3.45138495166813,6602
"TT_6603",0.0316850078808801,-3.45191164748079,6603
"TT_6604",0.0316724273905946,-3.45230877499698,6604
"TT_6605",0.0316603311881856,-3.45269076380743,6605
"TT_6606",0.0316486922901171,-3.45305844909336,6606
"TT_6607",0.0316374856603959,-3.45341260635806,6607
"TT_6608",0.0316266880389177,-3.45375395663427,6608
"TT_6609",0.0316162777877157,-3.45408317115354,6609
"TT_6610",0.0316062347525926,-3.45440087555357,6610
"TT_6611",0.0315965401390736,-3.45470765365348,6611
"TT_6612",0.113054198197426,-2.17988794518981,6612
"TT_6613",0.0414707629233271,-3.18276660789941,6613
"TT_6614",0.0365158789134438,-3.31000807427111,6614
"TT_6615",0.0346970569111489,-3.361100410867,6615
"TT_6616",0.0337689945680964,-3.38821221795959,6616
"TT_6617",0.0332123846376677,-3.4048324413635,6617
"TT_6618",0.0328441534990221,-3.41598152556772,6618
"TT_6619",0.0325838281949017,-3.42393918133279,6619
"TT_6620",0.0323907207964458,-3.42988329237421,6620
"TT_6621",0.0322421445159158,-3.43448084631284,6621
"TT_6622",0.0321244964980098,-3.43813640910328,6622
"TT_6623",0.0320291486615575,-3.44110889512244,6623
"TT_6624",0.0319503769148764,-3.44357130120544,6624
"TT_6625",0.0318842416089072,-3.44564338469748,6625
"TT_6626",0.0318279468756625,-3.44741054257524,6626
"TT_6627",0.0317794563762997,-3.44893522386318,6627
"TT_6628",0.0317372535445118,-3.45026409741633,6628
"TT_6629",0.0317001868533027,-3.45143270369032,6629
"TT_6630",0.0316673669976903,-3.45246856057772,6630
"TT_6631",0.0316380968113996,-3.45339328923826,6631
"TT_6632",0.0316118224113366,-3.45422410141627,6632
"TT_6633",0.0315880984540307,-3.45497486053417,6633
"TT_6634",0.0315665629833073,-3.45565685204732,6634
"TT_6635",0.0315469189268314,-3.45627935159943,6635
"TT_6636",0.0315289202850111,-3.45685005006444,6636
"TT_6637",0.0315123616852634,-3.45737537568,6637
"TT_6638",0.0314970703858868,-3.4578607410983,6638
"TT_6639",0.0314829000870561,-3.45831073492851,6639
"TT_6640",0.0314697260915549,-3.45872927173922,6640
"TT_6641",0.0314574414852393,-3.45911971062102,6641
"TT_6642",0.0314459540959532,-3.45948494970892,6642
"TT_6643",0.0314351840526682,-3.45982750214061,6643
"TT_6644",0.0314250618115239,-3.46014955755394,6644
"TT_6645",0.0314155265482276,-3.46045303222273,6645
"TT_6646",0.0314065248401888,-3.46073961019659,6646
"TT_6647",0.0313980095794284,-3.46101077726729,6647
"TT_6648",0.0313899390707431,-3.46126784917052,6648
"TT_6649",0.0784012044372383,-2.5459159890239,6649
"TT_6650",0.0567526322555485,-2.86905324033862,6650
"TT_6651",0.0373372642298478,-3.28776341002703,6651
"TT_6652",0.0334455719347186,-3.39783587980395,6652
"TT_6653",0.032729027334834,-3.41949290875866,6653
"TT_6654",0.0323587161891675,-3.43087186034869,6654
"TT_6655",0.0321173753362543,-3.43835810755575,6655
"TT_6656",0.0319484199704268,-3.44363255257622,6656
"TT_6657",0.0318239113018402,-3.44753734402121,6657
"TT_6658",0.0317285350763973,-3.45053884286136,6658
"TT_6659",0.0316532269137215,-3.4529151793894,6659
"TT_6660",0.0315922954275379,-3.45484200370136,6660
"TT_6661",0.0315419955312142,-3.45643542959409,6661
"TT_6662",0.0314997669072675,-3.45777513294721,6662
"TT_6663",0.0314638027464318,-3.4589175130551,6663
"TT_6664",0.0314327933288384,-3.45990355751667,6664
"TT_6665",0.0314057672040708,-3.46076373401355,6665
"TT_6666",0.0313819893386961,-3.46152113857204,6666
"TT_6667",0.0313608938077738,-3.46219358238269,6667
"TT_6668",0.0313420381357149,-3.46279501112112,6668
"TT_6669",0.0313250716021176,-3.46333649242073,6669
"TT_6670",0.0313201339884617,-3.46349412982074,6670
"TT_6671",0.0313178588013557,-3.46356677541507,6671
"TT_6672",0.031315622318014,-3.46363819036128,6672
"TT_6673",0.0313134235517529,-3.46370840590525,6673
"TT_6674",0.031311261548738,-3.46377745225694,6674
"TT_6675",0.0313091353867188,-3.46384535863007,6675
"TT_6676",0.0313070441736937,-3.46391215328412,6676
"TT_6677",0.0313049870466992,-3.46397786356233,6677
"TT_6678",4.13922440959736,1.4205084296098,6678
"TT_6679",0.895839505892922,-0.109994004938991,6679
"TT_6680",0.394868990053865,-0.929201239845632,6680
"TT_6681",0.253115427960905,-1.37390965729945,6681
"TT_6682",0.187509924393975,-1.67392350487122,6682
"TT_6683",0.150229329103254,-1.8955922917152,6683
"TT_6684",0.126421497988755,-2.06813373270621,6684
"TT_6685",0.110015748781005,-2.20713175270126,6685
"TT_6686",0.0980866619762939,-2.3219038851991,6686
"TT_6687",0.0890582336898148,-2.41846481209667,6687
"TT_6688",0.0820097177089596,-2.50091753009363,6688
"TT_6689",0.0763688630268438,-2.57218021788621,6689
"TT_6690",0.0717622052965618,-2.63439733014636,6690
"TT_6691",0.0679361644902448,-2.68918677221121,6691
"TT_6692",0.0647128207096531,-2.73779594085134,6692
"TT_6693",0.0619638438353819,-2.78120422798873,6693
"TT_6694",0.0595944626417438,-2.82019261792269,6694
"TT_6695",0.0575332476383358,-2.85539227848634,6695
"TT_6696",0.0557253953432391,-2.88731930519541,6696
"TT_6697",0.0541281940335862,-2.91640008223276,6697
"TT_6698",0.0527078893826504,-2.94299013098369,6698
"TT_6699",0.0514374721120348,-2.96738834271686,6699
"TT_6700",0.0502950871070231,-2.98984787847521,6700
"TT_6701",0.0492628701532382,-3.01058462259453,6701
"TT_6702",0.0483260844292066,-3.02978381380416,6702
"TT_6703",0.0474724706814394,-3.0476053005553,6703
"TT_6704",0.0466917520668488,-3.0641877451765,6704
"TT_6705",0.0459752525169089,-3.07965201602377,6705
"TT_6706",0.0453155994949245,-3.09410394605999,6706
"TT_6707",0.0447064902334696,-3.10763659252281,6707
"TT_6708",0.0441425062422599,-3.12033210037577,6708
"TT_6709",0.0436189648915752,-3.13226324862375,6709
"TT_6710",0.0431317997397472,-3.14349474093546,6710
"TT_6711",0.0426774633398735,-3.15408428871334,6711
"TT_6712",0.0422528477696734,-3.16408352461792,6712
"TT_6713",0.0418552192411246,-3.17353877677311,6713
"TT_6714",0.0414821639754272,-3.18249172785363,6714
"TT_6715",0.0411315431520392,-3.19097997855135,6715
"TT_6716",0.0408014552127499,-3.19903753122891,6716
"TT_6717",0.0404902041632092,-3.20669520663887,6717
"TT_6718",0.0401962727922117,-3.21398100426726,6718
"TT_6719",0.0399182999450365,-3.22092041499289,6719
"TT_6720",0.0396550611556203,-3.22753669325613,6720
"TT_6721",0.0394054520749556,-3.23385109471459,6721
"TT_6722",0.0391684742378641,-3.23988308437697,6722
"TT_6723",0.038943222793801,-3.24565051939648,6723
"TT_6724",0.0387288758940285,-3.25116981004326,6724
"TT_6725",0.0385246854812133,-3.25645606182711,6725
"TT_6726",0.0383299692708526,-3.26152320128964,6726
"TT_6727",0.038144103749309,-3.26638408760511,6727
"TT_6728",0.0379665180417571,-3.27105061182048,6728
"TT_6729",0.0377966885272455,-3.27553378529347,6729
"TT_6730",0.0376341340971307,-3.27984381867502,6730
"TT_6731",0.0374784119695244,-3.28399019258628,6731
"TT_6732",0.131346239654964,-2.02991839169614,6732
"TT_6733",0.0726477629708255,-2.62213268130743,6733
"TT_6734",0.0440249557248665,-3.122998630282,6734
"TT_6735",0.038372999224399,-3.26040121190893,6735
"TT_6736",0.0367890379678482,-3.30255535949117,6736
"TT_6737",0.0366667393178334,-3.30588522046434,6737
"TT_6738",0.0365489820720888,-3.30910194345902,6738
"TT_6739",0.0364355259700511,-3.31221099211803,6739
"TT_6740",0.0363261471220299,-3.31521749061546,6740
"TT_6741",0.0362206366523611,-3.31812624931081,6741
"TT_6742",0.0361187994743801,-3.32094178812913,6742
"TT_6743",0.0360204531826169,-3.32366835789712,6743
"TT_6744",0.0359254270493671,-3.32630995984018,6744
"TT_6745",0.0358335611144303,-3.32887036342096,6745
"TT_6746",0.035744705358072,-3.3313531226824,6746
"TT_6747",0.0356587189485755,-3.33376159123686,6747
"TT_6748",0.0355754695566178,-3.33609893603169,6748
"TT_6749",0.03549483272978,-3.33836815000281,6749
"TT_6750",0.0354166913210019,-3.34057206372356,6750
"TT_6751",0.035340934965869,-3.34271335613412,6751
"TT_6752",0.0352674596037063,-3.34479456444177,6752
"TT_6753",0.0351961670385455,-3.34681809325755,6753
"TT_6754",0.0351269645358834,-3.34878622304503,6754
"TT_6755",0.275038653017763,-1.29084363476447,6755
"TT_6756",0.0965199021453123,-2.33800605205391,6756
"TT_6757",0.0561884036125749,-2.87904488478707,6757
"TT_6758",0.04609898414918,-3.07696436503187,6758
"TT_6759",0.0415923824466,-3.17983824274681,6759
"TT_6760",0.0390728003247174,-3.2423286979324,6760
"TT_6761",0.0374769979155114,-3.28402792312541,6761
"TT_6762",0.0363817569104607,-3.31368781375256,6762
"TT_6763",0.0355865406160603,-3.33578778519419,6763
"TT_6764",0.0349845645362535,-3.35284832801757,6764
"TT_6765",0.0345139654286611,-3.36639124181858,6765
"TT_6766",0.0344318493421946,-3.36877328996951,6766
"TT_6767",0.0343832996402292,-3.37018430805894,6767
"TT_6768",0.0343359515582233,-3.3715623233508,6768
"TT_6769",0.0342897624504323,-3.3729084401944,6769
"TT_6770",0.0342446916312891,-3.37422371515339,6770
"TT_6771",0.0342007002652043,-3.37550915953243,6771
"TT_6772",0.0341577512637171,-3.3767657417451,6772
"TT_6773",0.0341158091893465,-3.37799438953697,6773
"TT_6774",0.0340748401657091,-3.37919599207205,6774
"TT_6775",0.0340348117933602,-3.38037140189448,6775
"TT_6776",0.0339956930710429,-3.38152143677094,6776
"TT_6777",0.0339574543218375,-3.38264688142535,6777
"TT_6778",0.0651686741084645,-2.73077638396581,6778
"TT_6779",0.0407101803570002,-3.20127708618966,6779
"TT_6780",0.0354443778390652,-3.33979063268391,6780
"TT_6781",0.0340648871615763,-3.37948812720654,6781
"TT_6782",0.0337785058085461,-3.38793060160193,6782
"TT_6783",0.0337449896355766,-3.38892332792634,6783
"TT_6784",0.0337121774648368,-3.38989615778974,6784
"TT_6785",0.0336800480450089,-3.39084966309451,6785
"TT_6786",0.033648580957059,-3.3917843944475,6786
"TT_6787",0.03361775657431,-3.39270088213028,6787
"TT_6788",0.0335875560247717,-3.39359963701745,6788
"TT_6789",0.0335579611556017,-3.3944811514455,6789
"TT_6790",0.136264021759227,-1.99316093873953,6790
"TT_6791",0.0441241474359493,-3.12074808548023,6791
"TT_6792",0.0377786983265347,-3.27600987153794,6792
"TT_6793",0.0354474986763979,-3.33970258769235,6793
"TT_6794",0.0342583643818055,-3.37382452856249,6794
"TT_6795",0.0335457992080945,-3.39484363329672,6795
"TT_6796",0.033366367609489,-3.40020684412181,6796
"TT_6797",0.0333410407021436,-3.40096618732532,6797
"TT_6798",0.0333161834814609,-3.40171200961658,6798
"TT_6799",0.0332917834096639,-3.4024446568967,6799
"TT_6800",0.033267828383704,-3.40316446358874,6800
"TT_6801",0.0332443067167877,-3.40387175310399,6801
"TT_6802",0.0332212071208033,-3.40456683828669,6802
"TT_6803",0.110009748977609,-2.2071862900477,6803
"TT_6804",0.0430023305504121,-3.14650096591049,6804
"TT_6805",0.0368071606955065,-3.30206286861926,6805
"TT_6806",0.0347332126802497,-3.36005891203424,6806
"TT_6807",0.0337142332243865,-3.38983517991684,6807
"TT_6808",0.0331162864455706,-3.40773007997941,6808
"TT_6809",0.033070456120257,-3.40911495951455,6809
"TT_6810",0.0330503694192962,-3.40972253515852,6810
"TT_6811",0.0330306186371679,-3.41032031020086,6811
"TT_6812",0.0330111956771908,-3.41090851210714,6812
"TT_6813",0.0329920926964015,-3.41148736148854,6813
"TT_6814",0.0329733020958104,-3.41205707235462,6814
"TT_6815",0.0329548165110778,-3.41261785235586,6815
"TT_6816",0.0329366288036298,-3.41316990301504,6816
"TT_6817",0.032918732052158,-3.41371341994911,6817
"TT_6818",0.0329011195445043,-3.41424859308144,6818
"TT_6819",0.0328837847699047,-3.4147756068449,6819
"TT_6820",0.0328667214115661,-3.41529464037673,6820
"TT_6821",0.0328499233395807,-3.41580586770475,6821
"TT_6822",0.0328333846041313,-3.41630945792628,6822
"TT_6823",0.0328170994289937,-3.41680557537953,6823
"TT_6824",0.0328010622053228,-3.41729437980778,6824
"TT_6825",0.0327852674857028,-3.41777602651677,6825
"TT_6826",0.0327697099784199,-3.41825066652663,6826
"TT_6827",0.0327543845420283,-3.41871844671599,6827
"TT_6828",0.0327392861800785,-3.41917950996228,6828
"TT_6829",0.0327244100361265,-3.41963399527453,6829
"TT_6830",0.0594268329620942,-2.82300942124575,6830
"TT_6831",0.0354761970813263,-3.33889331214098,6831
"TT_6832",0.0330503035091387,-3.40972452939412,6832
"TT_6833",0.0326670351464396,-3.42138880905024,6833
"TT_6834",0.0326532018187952,-3.42181236317356,6834
"TT_6835",0.0326395642536571,-3.42223009904712,6835
"TT_6836",0.0326261184499844,-3.42264213193504,6836
"TT_6837",0.0326128605131905,-3.42304857413223,6837
"TT_6838",0.0325997866516756,-3.42344953505802,6838
"TT_6839",0.0325868931734638,-3.42384512134695,6839
"TT_6840",0.0325741764830095,-3.42423543693516,6840
"TT_6841",0.0325616330780825,-3.4246205831448,6841
"TT_6842",0.0325492595468044,-3.42500065876435,6842
"TT_6843",0.0325370525647724,-3.42537576012681,6843
"TT_6844",0.0325250088923178,-3.42574598118413,6844
"TT_6845",0.0325131253718448,-3.42611141357975,6845
"TT_6846",0.0325013989252676,-3.42647214671842,6846
"TT_6847",0.0324898265515597,-3.42682826783308,6847
"TT_6848",0.0928796343689245,-2.37645087819667,6848
"TT_6849",0.0402845742386532,-3.21178665654029,6849
"TT_6850",0.0355998827585623,-3.33541293442839,6850
"TT_6851",0.0340101795969018,-3.38109539926831,6851
"TT_6852",0.0332238504615678,-3.40448727357979,6852
"TT_6853",0.0327600268787493,-3.41854619952296,6853
"TT_6854",0.032456248217805,-3.42786230528233,6854
"TT_6855",0.0324024576898525,-3.42952100443559,6855
"TT_6856",0.0323921485316203,-3.42983921482131,6856
"TT_6857",0.0323819671925089,-3.43015357925783,6857
"TT_6858",0.0323719113799504,-3.43046416490493,6858
"TT_6859",0.0323619788549817,-3.43077103739508,6859
"TT_6860",0.032352167430666,-3.43107426087724,6860
"TT_6861",0.0323424749706439,-3.43137389805691,6861
"TT_6862",0.0323328993876656,-3.43167001023696,6862
"TT_6863",0.0323234386422083,-3.43196265735596,6863
"TT_6864",0.0323140907411515,-3.432251898025,6864
"TT_6865",0.0323048537364573,-3.43253778956445,6865
"TT_6866",0.0627820506685255,-2.76808606374172,6866
"TT_6867",0.0405734456217941,-3.20464147508191,6867
"TT_6868",0.0345746680301411,-3.36463400291946,6868
"TT_6869",0.0331602721167487,-3.40640274257415,6869
"TT_6870",0.0325398378038219,-3.42529016172051,6870
"TT_6871",0.0322516568157473,-3.43418586292826,6871
"TT_6872",0.0322431450749026,-3.43444981415052,6872
"TT_6873",0.0322347301271739,-3.43471083229822,6873
"TT_6874",0.0322264103785444,-3.43496896451898,6874
"TT_6875",0.0322181842692179,-3.43522425697341,6875
"TT_6876",0.0322100502727382,-3.4354767548598,6876
"TT_6877",0.032202006895085,-3.43572650243964,6877
"TT_6878",0.0321940526738503,-3.43597354306071,6878
"TT_6879",0.032186186177403,-3.43621791918067,6879
"TT_6880",0.0321784060040908,-3.43645967238958,6880
"TT_6881",0.0321707107814745,-3.43669884343147,6881
"TT_6882",0.0321630991655772,-3.43693547222554,6882
"TT_6883",0.0321555698401496,-3.43716959788698,6883
"TT_6884",0.0321481215159773,-3.43740125874652,6884
"TT_6885",0.0321407529301981,-3.43763049236975,6885
"TT_6886",0.0321334628456236,-3.4378573355764,6886
"TT_6887",0.0321262500501141,-3.438081824458,6887
"TT_6888",0.0321191133559424,-3.43830399439596,6888
"TT_6889",0.0321120515992019,-3.43852388007837,6889
"TT_6890",0.0321050636392036,-3.43874151551714,6890
"TT_6891",0.0320981483579169,-3.43895693406392,6891
"TT_6892",0.0320913046594091,-3.43917016842602,6892
"TT_6893",0.0320845314693115,-3.43938125068162,6893
"TT_6894",0.0320778277342988,-3.43959021229464,6894
"TT_6895",0.0320711924215728,-3.43979708412942,6895
"TT_6896",0.0320646245183919,-3.44000189646416,6896
"TT_6897",0.0320581230315497,-3.44020467900586,6897
"TT_6898",0.0320516869869635,-3.44040546090199,6898
"TT_6899",0.0320453154291791,-3.44060427075471,6899
"TT_6900",0.0320390074209555,-3.44080113663277,6900
"TT_6901",0.0320327620428278,-3.44099608608398,6901
"TT_6902",0.0320265783927,-3.44118914614689,6902
"TT_6903",0.0320204555854183,-3.44138034336306,6903
"TT_6904",0.0320143927524206,-3.44156970378705,6904
"TT_6905",0.032008389041314,-3.44175725299863,6905
"TT_6906",0.0320024436155214,-3.44194301611287,6906
"TT_6907",0.031996555653922,-3.4421270177905,6907
"TT_6908",0.0319907243504995,-3.442309282248,6908
"TT_6909",0.0319849489139859,-3.44248983326793,6909
"TT_6910",0.0791103335051746,-2.53691177424321,6910
"TT_6911",0.0395420151397405,-3.23039149795206,6911
"TT_6912",0.0355128600219584,-3.33786039395928,6912
"TT_6913",0.0342014177704773,-3.37548818049571,6913
"TT_6914",0.0335619300706312,-3.39436288799299,6914
"TT_6915",0.0331869582736923,-3.40559830331645,6915
"TT_6916",0.0329417951824221,-3.41301305716201,6916
"TT_6917",0.032769407789283,-3.41825988816852,6917
"TT_6918",0.0326416721106329,-3.4221655213187,6918
"TT_6919",0.0325431867135038,-3.42518724979502,6919
"TT_6920",0.0324648421485085,-3.4275975552387,6920
"TT_6921",0.0324009220459799,-3.42956839837952,6921
"TT_6922",0.0323476667172177,-3.43121338684301,6922
"TT_6923",0.0323025069602098,-3.43261043689823,6923
"TT_6924",0.032263630395902,-3.43381467709589,6924
"TT_6925",0.0322297237388706,-3.43486615474379,6925
"TT_6926",0.0321998132277697,-3.43579462682842,6926
"TT_6927",0.0321731623264538,-3.436622642082,6927
"TT_6928",0.0321492041403727,-3.43736758318118,6928
"TT_6929",0.0321274955826809,-3.43804305527638,6929
"TT_6930",0.0321076855662695,-3.43865985176345,6930
"TT_6931",0.0320894924738801,-3.439226639695,6931
"TT_6932",0.032072687906257,-3.43975045506125,6932
"TT_6933",0.0320570847650935,-3.44023706653113,6933
"TT_6934",0.0320425283842311,-3.44069124652996,6934
"TT_6935",0.0446754257652109,-3.10833168770314,6935
"TT_6936",0.0566768765562082,-2.87038897230814,6936
"TT_6937",0.0356492691823247,-3.33402663212649,6937
"TT_6938",0.0335385819943869,-3.39505880152533,6938
"TT_6939",0.0327339613362019,-3.41934216705018,6939
"TT_6940",0.0323168309294063,-3.43216710306353,6940
"TT_6941",0.0320644631862404,-3.44000692794542,6941
"TT_6942",0.0319517877624276,-3.44352714471846,6942
"TT_6943",0.0319426781575141,-3.44381229007007,6943
"TT_6944",0.031933919790146,-3.44408651780618,6944
"TT_6945",0.0319254833211121,-3.44435073791072,6945
"TT_6946",0.0319173427857852,-3.44460575592504,6946
"TT_6947",0.0319094751221588,-3.44485228752176,6947
"TT_6948",0.0319018597754989,-3.44509097071835,6948
"TT_6949",0.0318944783656596,-3.44532237615908,6949
"TT_6950",0.0318873144057106,-3.44554701581462,6950
"TT_6951",0.0318803530629907,-3.44576535037268,6951
"TT_6952",0.0318735809553057,-3.44597779554378,6952
"TT_6953",0.0318669859764013,-3.44618472746314,6953
"TT_6954",0.03186055714598,-3.44638648733424,6954
"TT_6955",0.0318542844802745,-3.44658338543728,6955
"TT_6956",0.0318481588800669,-3.44677570459816,6956
"TT_6957",0.031842172033386,-3.44696370320368,6957
"TT_6958",0.0318363163307955,-3.4471476178272,6958
"TT_6959",0.0318305847912967,-3.44732766552587,6959
"TT_6960",0.0318249709974838,-3.44750404585145,6960
"TT_6961",0.0318194690384895,-3.44767694261996,6961
"TT_6962",0.0318140734597444,-3.44784652547034,6962
"TT_6963",0.0560798638022099,-2.88097846489267,6963
"TT_6964",0.0384368916341251,-3.25873756094553,6964
"TT_6965",0.0339021450467533,-3.38427699088212,6965
"TT_6966",0.0328119601395861,-3.41696219165445,6966
"TT_6967",0.0323292815468988,-3.4317819099817,6967
"TT_6968",0.032059992398993,-3.44014636888769,6968
"TT_6969",0.0318892704848592,-3.44548567420618,6969
"TT_6970",0.0317742036160586,-3.44910052544467,6970
"TT_6971",0.03176957680682,-3.4492461513176,6971
"TT_6972",0.0317650192333891,-3.44938961877385,6972
"TT_6973",0.0317605283851665,-3.44953100592905,6973
"TT_6974",0.0317561019024319,-3.44967038620541,6974
"TT_6975",0.0317517375645564,-3.44980782869815,6975
"TT_6976",0.0317474332792138,-3.44994339851086,6976
"TT_6977",0.0317431870726811,-3.4500771570571,6977
"TT_6978",0.0317389970809434,-3.45020916233699,6978
"TT_6979",0.0317348615416453,-3.45033946918752,6979
"TT_6980",0.0317307787867203,-3.45046812951174,6980
"TT_6981",0.0317267472356902,-3.45059519248719,6981
"TT_6982",0.0317227653894992,-3.4507207047577,6982
"TT_6983",0.0317188318248922,-3.45084471060827,6983
"TT_6984",0.0317149451892748,-3.45096725212496,6984
"TT_6985",0.0317111041959648,-3.45108836934263,6985
"TT_6986",0.0317073076198335,-3.45120810038057,6986
"TT_6987",0.0317035542933189,-3.45132648156657,6987
"TT_6988",0.0316998431027329,-3.45144354755175,6988
"TT_6989",0.0316961729848444,-3.45155933141702,6989
"TT_6990",0.031692542923767,-3.45167386476982,6990
"TT_6991",0.0441677074870267,-3.11976135675764,6991
"TT_6992",0.0567991509516293,-2.86823390140145,6992
"TT_6993",0.035472437634707,-3.3389992887151,6993
"TT_6994",0.033356800697188,-3.40049360845299,6994
"TT_6995",0.184781505353045,-1.68858120404123,6995
"TT_6996",0.0749663092890833,-2.59071647584952,6996
"TT_6997",0.047299506780423,-3.05125541101382,6997
"TT_6998",0.0406417644579899,-3.20295905987314,6998
"TT_6999",0.0377036522005954,-3.27799831387293,6999
"TT_7000",0.0360736769485575,-3.32219185001741,7000
"TT_7001",0.0350478534352037,-3.35104091030981,7001
"TT_7002",0.0343478691048136,-3.37121529703238,7002
"TT_7003",0.0338424398092312,-3.38603964846154,7003
"TT_7004",0.0334618911760662,-3.39734806451661,7004
"TT_7005",0.033165968951501,-3.40623096034513,7005
"TT_7006",0.0329298702264212,-3.41337512349379,7006
"TT_7007",0.0327375195531982,-3.4192334718763,7007
"TT_7008",0.0325780633809789,-3.42411611953389,7008
"TT_7009",0.0324439223623499,-3.42824214575095,7009
"TT_7010",0.0323296514753743,-3.4317704675264,7010
"TT_7011",0.0322312433684758,-3.4348190059133,7011
"TT_7012",0.0321456866617742,-3.43747700022998,7012
"TT_7013",0.0320706769248053,-3.43981315777283,7013
"TT_7014",0.032004422304565,-3.44188118871308,7014
"TT_7015",0.0319455096286785,-3.44372365173912,7015
"TT_7016",0.0318928101869658,-3.44537468058311,7016
"TT_7017",0.0318454121661666,-3.44686195235776,7017
"TT_7018",0.0318025713681843,-3.44820813183032,7018
"TT_7019",0.0317636747095499,-3.44943194685447,7019
"TT_7020",0.0317282128092335,-3.45054899992659,7020
"TT_7021",1.13227846526909,0.124231943583385,7021
"TT_7022",0.238944010181158,-1.43152602151988,7022
"TT_7023",0.122197412524682,-2.10211740657125,7023
"TT_7024",0.0873647311760587,-2.43766361121689,7024
"TT_7025",0.0709434583792383,-2.64587208006037,7025
"TT_7026",0.0615199406990681,-2.78839391771454,7026
"TT_7027",0.0586268535966203,-2.83656243486273,7027
"TT_7028",0.0512744250325305,-2.97056318849406,7028
"TT_7029",0.048218031541822,-3.03202222950488,7029
"TT_7030",0.0458993302918761,-3.08130475261302,7030
"TT_7031",0.0440857265177747,-3.12161921064756,7031
"TT_7032",0.0426321251266144,-3.15514719895222,7032
"TT_7033",0.076495288728464,-2.57052612529493,7033
"TT_7034",0.0473941845365887,-3.04925574690953,7034
"TT_7035",0.042615319287499,-3.15554148266239,7035
"TT_7036",0.0407518110806051,-3.20025499658703,7036
"TT_7037",0.0395995286211185,-3.22893806429966,7037
"TT_7038",0.0387577229751661,-3.25042524045597,7038
"TT_7039",0.0380919214966011,-3.26775305354186,7039
"TT_7040",0.0375415578110258,-3.28230675132127,7040
"TT_7041",0.037073932825848,-3.29484117557071,7041
"TT_7042",0.0366691084823908,-3.30582060910088,7042
"TT_7043",0.0363138474046593,-3.31555613925024,7043
"TT_7044",0.0359988061424659,-3.3242695037852,7044
"TT_7045",0.0357170855109655,-3.33212611894084,7045
"TT_7046",0.0354634148648887,-3.33925368108649,7046
"TT_7047",0.0352336604484968,-3.34575339056464,7047
"TT_7048",0.0350245120855257,-3.35170711731932,7048
"TT_7049",0.0348332742014509,-3.35718219381283,7049
"TT_7050",0.0346577210956944,-3.3622347471248,7050
"TT_7051",0.0344959935324496,-3.36691209118259,7051
"TT_7052",0.120774562442537,-2.11382959146243,7052
"TT_7053",0.0517857192087994,-2.96064085867625,7053
"TT_7054",0.0394484126264684,-3.23276147010517,7054
"TT_7055",0.0361188128071757,-3.32094141899191,7055
"TT_7056",0.0345990455589614,-3.36392918230005,7056
"TT_7057",0.393123729197584,-0.933630884098421,7057
"TT_7058",0.170678504718925,-1.76797358142883,7058
"TT_7059",0.0764693541938436,-2.57086521718406,7059
"TT_7060",0.0571088994574015,-2.8627953170671,7060
"TT_7061",0.0489017854811183,-3.01794137026159,7061
"TT_7062",0.0444380706757689,-3.11365872928974,7062
"TT_7063",0.0416624456155257,-3.17815514070705,7063
"TT_7064",0.0397838826660243,-3.22429340684953,7064
"TT_7065",0.038435525872432,-3.25877309415074,7065
"TT_7066",0.0374249715184676,-3.28541710970633,7066
"TT_7067",0.0366420298167599,-3.30655934178164,7067
"TT_7068",0.0360192655694758,-3.32370132896258,7068
"TT_7069",0.035513207936607,-3.33785059714359,7069
"TT_7070",0.0350946364246101,-3.34970696860238,7070
"TT_7071",0.0347432205001825,-3.35977081952448,7071
"TT_7072",0.03444440009092,-3.36840884652296,7072
"TT_7073",0.0341874880709339,-3.37589554773063,7073
"TT_7074",0.0339644720420652,-3.38244024063559,7074
"TT_7075",0.0337692330235898,-3.38820515661072,7075
"TT_7076",0.0335970216101802,-3.39331785849612,7076
"TT_7077",0.033444098081202,-3.39787994799913,7077
"TT_7078",0.0333074797626731,-3.40197328972078,7078
"TT_7079",0.0331847602424325,-3.40566453728808,7079
"TT_7080",0.0503415543149527,-2.98892441341169,7080
"TT_7081",0.0435508592481983,-3.13382584572446,7081
"TT_7082",0.0346084949334573,-3.36365610874513,7082
"TT_7083",0.0331951363514514,-3.40535190922941,7083
"TT_7084",0.0327217258935489,-3.41971602128083,7084
"TT_7085",0.0326511423798929,-3.42187543520738,7085
"TT_7086",0.032585990295553,-3.42387282851174,7086
"TT_7087",0.0497758475192343,-3.00022540217062,7087
"TT_7088",0.0435992041977844,-3.13271638113812,7088
"TT_7089",0.0343777940142298,-3.37034444588452,7089
"TT_7090",0.0329446383647015,-3.41292675161691,7090
"TT_7091",0.0323649874145054,-3.430678075846,7091
"TT_7092",0.0322812133974472,-3.43326984652704,7092
"TT_7093",0.0322413472387024,-3.43450557441585,7093
"TT_7094",0.0322038768310936,-3.43566843519792,7094
"TT_7095",0.0321685979087912,-3.43676452249228,7095
"TT_7096",0.0321353284363127,-3.43779927969415,7096
"TT_7097",0.0321039056928654,-3.43877758357275,7097
"TT_7098",0.0320741838007774,-3.43970381538948,7098
"TT_7099",0.0320460316216844,-3.44058192163776,7099
"TT_7100",0.0320193309584102,-3.44141546612249,7100
"TT_7101",0.0319939750121005,-3.44220767478134,7101
"TT_7102",0.0319698670536078,-3.44296147439236,7102
"TT_7103",0.0319469192752277,-3.44367952611818,7103
"TT_7104",0.0319250517950307,-3.44436425466765,7104
"TT_7105",0.0319041917909036,-3.44501787372054,7105
"TT_7106",0.0318842727449147,-3.44564240816517,7106
"TT_7107",0.03186523378194,-3.44623971360573,7107
"TT_7108",0.031847019089508,-3.44681149351014,7108
"TT_7109",0.031829577407195,-3.44735931433313,7109
"TT_7110",0.0318128615762757,-3.44788461888056,7110
"TT_7111",0.0317968281412675,-3.44838873815607,7111
"TT_7112",0.031781436997135,-3.44887290186829,7112
"TT_7113",0.031766651075198,-3.44933824780245,7113
"TT_7114",0.0317524360642167,-3.44978583015474,7114
"TT_7115",0.0317387601608283,-3.45021662700258,7115
"TT_7116",0.0317255938468287,-3.45063154698072,7116
"TT_7117",0.0317129096894344,-3.45103143527745,7117
"TT_7118",0.0317006821621418,-3.45141707901997,7118
"TT_7119",0.0316888874833792,-3.45178921213161,7119
"TT_7120",0.0316775034715087,-3.45214851970212,7120
"TT_7121",0.069883116269244,-2.66093120013068,7121
"TT_7122",0.0457079073727778,-3.08548396819885,7122
"TT_7123",0.0363048454029094,-3.31580406444547,7123
"TT_7124",0.0343156195888877,-3.37215464686475,7124
"TT_7125",0.0334621072716521,-3.39734160657653,7125
"TT_7126",0.0329925584027193,-3.41147324589317,7126
"TT_7127",0.0326968980496969,-3.42047506644404,7127
"TT_7128",0.0324939580346002,-3.42670111355691,7128
"TT_7129",0.0323459985252099,-3.43126495887876,7129
"TT_7130",0.0322331882417062,-3.43475866649256,7130
"TT_7131",0.0321441515761972,-3.43752475538443,7131
"TT_7132",0.0320719165444152,-3.43977450577755,7132
"TT_7133",0.0320119823067941,-3.44164499918291,7133
"TT_7134",0.0319613189385583,-3.44322889052012,7134
"TT_7135",0.0319178149447627,-3.44459096285506,7135
"TT_7136",0.0318799554754471,-3.44577782169074,7136
"TT_7137",0.031846626453016,-3.44682382241638,7137
"TT_7138",0.031816990806544,-3.44775482979197,7138
"TT_7139",0.0317904077227852,-3.44859067863726,7139
"TT_7140",0.0317663784770348,-3.4493468291078,7140
"TT_7141",0.0317445091982004,-3.4500355072384,7141
"TT_7142",0.0317244847168644,-3.45066650769281,7142
"TT_7143",0.0317060498411363,-3.45124776958428,7143
"TT_7144",0.0316889957186412,-3.45178579657853,7144
"TT_7145",0.0316731497464341,-3.45228596816903,7145
"TT_7146",0.0316583680013011,-3.45275277351105,7146
"TT_7147",0.0316445294865323,-3.45318998935862,7147
"TT_7148",0.0316315317081131,-3.4536008170352,7148
"TT_7149",0.0316192872361565,-3.4539879890059,7149
"TT_7150",0.0316077210051293,-3.454353852629,7150
"TT_7151",0.0315967681750668,-3.45470043656043,7151
"TT_7152",0.0315863724219268,-3.45502950387603,7152
"TT_7153",0.0315764845608368,-3.45534259488056,7153
"TT_7154",0.0315670614282567,-3.45564106188942,7154
"TT_7155",0.0315580649691496,-3.45592609764876,7155
"TT_7156",0.0315494614852671,-3.45619875875336,7156
"TT_7157",0.0315412210137862,-3.45645998501376,7157
"TT_7158",0.0315333168095718,-3.4567106156019,7158
"TT_7159",0.0315257249119112,-3.45695140256885,7159
"TT_7160",0.031518423780093,-3.45718302221959,7160
"TT_7161",0.031511393985373,-3.45740608473186,7161
"TT_7162",0.031504617949049,-3.4576211423384,7162
"TT_7163",0.0314980797192123,-3.45782869630361,7163
"TT_7164",0.0314917647795451,-3.45802920290078,7164
"TT_7165",0.0314856598846101,-3.45822307856295,7165
"TT_7166",0.0539874608948479,-2.91900346503273,7166
"TT_7167",0.0410517031287667,-3.19292295481483,7167
"TT_7168",0.0343425115495766,-3.37137128845933,7168
"TT_7169",0.0331040843912821,-3.40809860870471,7169
"TT_7170",0.0325784005359703,-3.42410577044582,7170
"TT_7171",0.0322908541578944,-3.43297124185527,7171
"TT_7172",0.0321105071632232,-3.43857197644851,7172
"TT_7173",0.0319871006406642,-3.44242256243031,7173
"TT_7174",0.0318973630772566,-3.44523193476301,7174
"TT_7175",0.0318291013652843,-3.44737427040574,7175
"TT_7176",0.0317753365245383,-3.4490648711039,7176
"TT_7177",0.0317317985916298,-3.45043599073163,7177
"TT_7178",0.100289696095513,-2.29969232014374,7178
"TT_7179",0.0495243829757774,-3.0052901453186,7179
"TT_7180",0.0380608136588693,-3.26857003902238,7180
"TT_7181",0.0351971891542847,-3.34678905313801,7181
"TT_7182",0.0339207556419095,-3.38372819112763,7182
"TT_7183",0.0332089479485884,-3.404935922849,7183
"TT_7184",0.0327594380947705,-3.41856417231865,7184
"TT_7185",0.0324519105105627,-3.42799596204702,7185
"TT_7186",0.032229373369559,-3.43487702580241,7186
"TT_7187",0.0320614924307828,-3.4400995817057,7187
"TT_7188",0.0319307044591962,-3.44418720988698,7188
"TT_7189",0.0510800647398624,-2.97436098039765,7189
"TT_7190",0.0423589884421222,-3.16157463855951,7190
"TT_7191",0.0342442836453821,-3.37423562906816,7191
"TT_7192",0.0328711172580539,-3.41516090167819,7192
"TT_7193",0.0323089485446699,-3.43241104239671,7193
"TT_7194",0.0320068412300178,-3.44180561059385,7194
"TT_7195",0.0318195336027185,-3.44767491354263,7195
"TT_7196",0.0316925154488037,-3.45167473169222,7196
"TT_7197",0.03160089188111,-3.4545699347018,7197
"TT_7198",0.0584180741032424,-2.84012994896029,7198
"TT_7199",0.0371296977181216,-3.29333815200265,7199
"TT_7200",0.0338136625171899,-3.38689034168173,7200
"TT_7201",0.0607899380541252,-2.80033099623625,7201
"TT_7202",0.0354549266483194,-3.33949306109535,7202
"TT_7203",0.0334141577365236,-3.39877558448601,7203
"TT_7204",0.0326970428643812,-3.42047063745009,7204
"TT_7205",0.0323364433383861,-3.43156040804913,7205
"TT_7206",0.0321212116602071,-3.43823866769455,7206
"TT_7207",0.0319787879236315,-3.44268247336928,7207
"TT_7208",0.0318777520597189,-3.44584694010212,7208
"TT_7209",0.0318023748374136,-3.44821431156264,7209
"TT_7210",0.0317439473133627,-3.45005320761635,7210
"TT_7211",0.0316972744472389,-3.45152458137773,7211
"TT_7212",0.0316590737042424,-3.45273048256176,7212
"TT_7213",0.031627173576383,-3.45373860460823,7213
"TT_7214",0.0316000826337097,-3.45459554340188,7214
"TT_7215",0.0315767440068155,-3.4553343784842,7215
"TT_7216",0.0315563886713327,-3.45597921694935,7216
"TT_7217",0.0315384441845485,-3.4565480269915,7217
"TT_7218",0.0315224759386657,-3.45705446572385,7218
"TT_7219",0.0315081482102118,-3.45750909326067,7219
"TT_7220",0.0314951976598247,-3.45792020001669,7220
"TT_7221",0.0314834148879868,-3.45829438329888,7221
"TT_7222",0.0314726313358931,-3.45863695729601,7222
"TT_7223",0.0314627098129983,-3.45895224987394,7223
"TT_7224",0.0314535375353547,-3.45924382090989,7224
"TT_7225",0.0314450209327328,-3.45951462529337,7225
"TT_7226",0.0314370817237902,-3.45976713621935,7226
"TT_7227",0.0314296539130159,-3.46000343959135,7227
"TT_7228",0.0314226814665271,-3.46022530713137,7228
"TT_7229",0.0314161164957618,-3.46043425354671,7229
"TT_7230",0.0314099178234533,-3.46063158168928,7230
"TT_7231",0.0314040498418062,-3.4608184185309,7231
"TT_7232",0.0313984815962361,-3.46099574404493,7232
"TT_7233",0.0313931860437292,-3.46116441459369,7233
"TT_7234",0.0313881394487959,-3.46132518198446,7234
"TT_7235",0.031383320888086,-3.46147870910311,7235
"TT_7236",0.0313787118413837,-3.46162558282628,7236
"TT_7237",0.0313742958521798,-3.46176632474045,7237
"TT_7238",0.031370058244102,-3.46190140009967,7238
"TT_7239",0.031365985883276,-3.46203122533453,7239
"TT_7240",0.0313620669774441,-3.46215617440144,7240
"TT_7241",0.0313582909061496,-3.46227658415121,7241
"TT_7242",0.0313546480760516,-3.46239275890434,7242
"TT_7243",0.0313511297970693,-3.46250497436854,7243
"TT_7244",0.0313477281764679,-3.46261348098938,7244
"TT_7245",0.0313444360273351,-3.46271850684637,7245
"TT_7246",0.0313412467894318,-3.4628202601579,7246
"TT_7247",0.0313381544607971,-3.46291893144625,7247
"TT_7248",0.0313351535378357,-3.46301469543444,7248
"TT_7249",0.0313322389633954,-3.46310771269034,7249
"TT_7250",0.0313294060808348,-3.46319813108139,7250
"TT_7251",0.0313266505941903,-3.46328608703624,7251
"TT_7252",0.0313239685324949,-3.46337170667527,7252
"TT_7253",0.0313213562188617,-3.46345510678996,7253
"TT_7254",0.0313188102426716,-3.46353639572437,7254
"TT_7255",0.0313163274349868,-3.46361567415428,7255
"TT_7256",0.0313139048467831,-3.46369303577715,7256
"TT_7257",0.0313115397294825,-3.46376856792922,7257
"TT_7258",0.0313092295174051,-3.46384235214191,7258
"TT_7259",0.0313069718122769,-3.46391446463297,7259
"TT_7260",0.0313047643691535,-3.46398497675286,7260
"TT_7261",0.0313026050838412,-3.46405395538372,7261
"TT_7262",0.0313004919815023,-3.4641214633007,7262
"TT_7263",0.0312984232064585,-3.46418755949545,7263
"TT_7264",0.031296397012825,-3.4642522994732,7264
"TT_7265",0.0312944117561653,-3.46431573551754,7265
"TT_7266",0.0312924658858538,-3.46437791693274,7266
"TT_7267",0.0312905579381332,-3.46443889026399,7267
"TT_7268",0.0312886865296885,-3.46449869950142,7268
"TT_7269",0.0312868503521205,-3.46455738625538,7269
"TT_7270",0.031285048166418,-3.46461498993197,7270
"TT_7271",0.0312832787983023,-3.46467154788076,7271
"TT_7272",0.0312815411338848,-3.46472709553262,7272
"TT_7273",0.0312798341152827,-3.46478166653895,7273
"TT_7274",0.0312781567373794,-3.46483529287448,7274
"TT_7275",0.0312765080439722,-3.46488800495961,7275
"TT_7276",0.0312748871249399,-3.46493983175031,7276
"TT_7277",0.031273293113153,-3.46499080083625,7277
"TT_7278",0.0312717251819282,-3.46504093852165,7278
"TT_7279",0.0312701825423457,-3.46509026991044,7279
"TT_7280",0.0312686644412899,-3.46513881896848,7280
"TT_7281",0.0312671701589572,-3.46518660860278,7281
"TT_7282",0.0312656990072366,-3.46523366071283,7282
"TT_7283",0.0312642503275856,-3.46527999625817,7283
"TT_7284",0.0312628234895466,-3.46532563530546,7284
"TT_7285",0.0312614178890721,-3.46537059708168,7285
"TT_7286",0.0312600329470686,-3.46541490002044,7286
"TT_7287",0.0312586681080619,-3.46545856180431,7287
"TT_7288",0.0312573228388768,-3.46550159940685,7288
"TT_7289",0.0312559966274801,-3.46554402912929,7289
"TT_7290",0.0312546889818912,-3.4655858666352,7290
"TT_7291",0.0312533994289845,-3.46562712698853,7291
"TT_7292",0.0312521275138355,-3.46566782467436,7292
"TT_7293",0.031250872798387,-3.46570797364137,7293
"TT_7294",0.0518422748468071,-2.95954934582515,7294
"TT_7295",0.0415051849296623,-3.18193692148544,7295
"TT_7296",0.0340834176790272,-3.37894429804011,7296
"TT_7297",0.0327564341504892,-3.41865587358677,7297
"TT_7298",0.032209714951325,-3.43548716537316,7298
"TT_7299",0.0319161087541901,-3.44464442002874,7299
"TT_7300",0.0317347478614947,-3.45034305137911,7300
"TT_7301",0.0316124311272604,-3.45420484564369,7301
"TT_7302",0.0315247739755036,-3.45698156684746,7302
"TT_7303",0.0314590909580672,-3.45906727693581,7303
"TT_7304",0.0314081603667753,-3.46068753553979,7304
"TT_7305",0.0313675827949863,-3.46198031441892,7305
"TT_7306",0.0313345325246285,-3.46303451404999,7306
"TT_7307",0.0313071157274383,-3.46390986773897,7307
"TT_7308",0.031284017941651,-3.46464792073408,7308
"TT_7309",0.0312642996995188,-3.46527841707768,7309
"TT_7310",0.0312472726091804,-3.46582318311477,7310
"TT_7311",0.0312324213170456,-3.46629857892679,7311
"TT_7312",0.0312298194773958,-3.46638188812666,7312
"TT_7313",0.031228836995022,-3.46641334837347,7313
"TT_7314",0.0312278653143015,-3.46644446371208,7314
"TT_7315",0.0312269042248639,-3.46647524084711,7315
"TT_7316",0.031225953522465,-3.46650568628815,7316
"TT_7317",0.031225013008619,-3.46653580636149,7317
"TT_7318",0.0312240824903809,-3.46656560721707,7318
"TT_7319",0.0312231617803464,-3.46659509482842,7319
"TT_7320",0.0312222506961619,-3.46662427500831,7320
"TT_7321",0.0312213490605107,-3.46665315340913,7321
"TT_7322",0.0312204567009363,-3.46668173552855,7322
"TT_7323",0.0312195734495016,-3.46671002672036,7323
"TT_7324",0.0312186991428713,-3.46673803219181,7324
"TT_7325",0.0312178336219163,-3.46676575701626,7325
"TT_7326",0.0312169767316872,-3.46679320613397,7326
"TT_7327",0.0312161283213185,-3.46682038435514,7327
"TT_7328",0.0312152882437019,-3.46684729637037,7328
"TT_7329",0.0312144563555139,-3.46687394674971,7329
"TT_7330",0.0312136325171203,-3.46690033994574,7330
"TT_7331",0.0312128165922356,-3.4669264803044,7331
"TT_7332",0.0312120084480051,-3.46695237206237,7332
"TT_7333",0.0312112079549502,-3.46697801934878,7333
"TT_7334",0.0312104149865192,-3.4670034261996,7334
"TT_7335",0.0312096294194006,-3.46702859654756,7335
"TT_7336",0.0312088511331415,-3.46705353423436,7336
"TT_7337",0.0608589809791593,-2.79919587834131,7337
"TT_7338",0.034708328080313,-3.36077561851077,7338
"TT_7339",0.032889517750268,-3.41460128139192,7339
"TT_7340",0.0322232646375693,-3.43506658304,7340
"TT_7341",0.0318837824065758,-3.44565778697319,7341
"TT_7342",0.0316804498139985,-3.45205551346252,7342
"TT_7343",0.031546125880399,-3.45630449054889,7343
"TT_7344",0.0314513134874682,-3.45931453240038,7344
"TT_7345",0.0313811041185183,-3.46154934687501,7345
"TT_7346",0.0313271874170497,-3.46326895088381,7346
"TT_7347",0.0312845816951125,-3.46462990040233,7347
"TT_7348",0.0312501277836377,-3.46573181373168,7348
"TT_7349",0.0312217302017904,-3.4666409457703,7349
"TT_7350",0.0640089587421078,-2.74873222507336,7350
"TT_7351",0.0395120983400744,-3.23114836688089,7351
"TT_7352",0.0343417120051776,-3.37139457020752,7352
"TT_7353",0.0330207279620559,-3.4106197946382,7353
"TT_7354",0.0324277504043656,-3.4287407288036,7354
"TT_7355",0.0320957043884047,-3.43903307747668,7355
"TT_7356",0.0318853591307967,-3.4456083359634,7356
"TT_7357",0.031741061118786,-3.45014413284894,7357
"TT_7358",0.0316363733605172,-3.45344776463341,7358
"TT_7359",0.0315571964140363,-3.45595362047269,7359
"TT_7360",0.0314953544908425,-3.45791522050746,7360
"TT_7361",0.0314457956005583,-3.45948998996923,7361
"TT_7362",0.0314052378093747,-3.46078059076328,7362
"TT_7363",0.031371460978794,-3.46185668538094,7363
"TT_7364",0.0313429121417017,-3.46276712544895,7364
"TT_7365",0.0313184740106336,-3.46354713156779,7365
"TT_7366",0.0312973232194524,-3.46422270523838,7366
"TT_7367",0.0312788402933872,-3.46481343901191,7367
"TT_7368",0.0312625506527189,-3.4653343625408,7368
"TT_7369",0.0312480848861581,-3.46579718832059,7369
"TT_7370",0.0312351513533731,-3.4662111724145,7370
"TT_7371",0.0312235168868559,-3.46658372171725,7371
"TT_7372",0.0312129929402766,-3.46692083046046,7372
"TT_7373",0.0312034254767922,-3.46722739927045,7373
"TT_7374",0.0311946874740226,-3.46750747193335,7374
"TT_7375",0.0311866732913024,-3.46776441351545,7375
"TT_7376",0.0311825904074144,-3.46789533966886,7376
"TT_7377",0.0311820336862415,-3.46791319341788,7377
"TT_7378",0.0311814809725336,-3.46793091896497,7378
"TT_7379",0.0311809322166148,-3.46794851789646,7379
"TT_7380",0.0311803873697894,-3.46796599176742,7380
"TT_7381",0.0311798463842193,-3.46798334210553,7381
"TT_7382",0.0311793092127608,-3.46800057041638,7382
"TT_7383",0.0311787758092639,-3.46801767817383,7383
"TT_7384",0.0311782461282865,-3.46803466682919,7384
"TT_7385",0.0311777201251354,-3.46805153780987,7385
"TT_7386",0.0311771977559475,-3.46806829251682,7386
"TT_7387",0.0311766789775816,-3.46808493232795,7387
"TT_7388",0.0311761637475905,-3.46810145859904,7388
"TT_7389",0.0311756520242896,-3.46811787266155,7389
"TT_7390",0.0311751437666067,-3.46813417582742,7390
"TT_7391",0.0311746389342592,-3.46815036938337,7391
"TT_7392",0.0311741374875637,-3.46816645459705,7392
"TT_7393",0.0311736393874765,-3.46818243271567,7393
"TT_7394",0.0311731445956344,-3.46819830496473,7394
"TT_7395",0.0311726530742737,-3.46821407255066,7395
"TT_7396",0.031172164786229,-3.46822973666073,7396
"TT_7397",0.0311716796949346,-3.46824529846313,7397
"TT_7398",0.0311711977644505,-3.46826075910607,7398
"TT_7399",0.0311707189593543,-3.46827611972125,7399
"TT_7400",0.0311702432448361,-3.46829138142082,7400
"TT_7401",0.0311697705865353,-3.46830654530263,7401
"TT_7402",0.0311693009507719,-3.46832161244277,7402
"TT_7403",0.031168834304288,-3.46833658390388,7403
"TT_7404",0.0311683706143429,-3.46835146073212,7404
"TT_7405",0.0311679098487815,-3.46836624395492,7405
"TT_7406",0.0311674519758705,-3.46838093458629,7406
"TT_7407",0.0311669969643396,-3.46839553362546,7407
"TT_7408",0.0311665447834902,-3.46841004205341,7408
"TT_7409",0.0311660954029776,-3.46842446083982,7409
"TT_7410",0.0311656487930427,-3.46843879093568,7410
"TT_7411",0.0311652049242392,-3.46845303328203,7411
"TT_7412",0.0311647637676248,-3.4684671888038,7412
"TT_7413",0.0311643252947199,-3.46848125841116,7413
"TT_7414",0.031163889477358,-3.46849524300428,7414
"TT_7415",0.0311634562879444,-3.46850914346509,7415
"TT_7416",0.0311630256991704,-3.4685229606664,7416
"TT_7417",0.0752823814960271,-2.58650914902969,7417
"TT_7418",0.0405773654667013,-3.20454486865598,7418
"TT_7419",0.035029340442757,-3.35156927030406,7419
"TT_7420",0.0334763438373208,-3.39691624370519,7420
"TT_7421",0.0327596414111419,-3.41855796599302,7421
"TT_7422",0.0323526971232438,-3.43105788830366,7422
"TT_7423",0.0320927616039487,-3.43912476947812,7423
"TT_7424",0.0319134856640683,-3.44472661043422,7424
"TT_7425",0.031782949710828,-3.44882530560341,7425
"TT_7426",0.0316839779638153,-3.45194415287917,7426
"TT_7427",0.031606544500435,-3.45439107538829,7427
"TT_7428",0.0315444221984919,-3.45635849806537,7428
"TT_7429",0.0314935491300218,-3.45797254364591,7429
"TT_7430",0.0314511683342766,-3.45931914758208,7430
"TT_7431",0.0314153460062039,-3.46045877914351,7431
"TT_7432",0.0313846876318291,-3.46143516004761,7432
"TT_7433",0.0313581635229503,-3.46228064634511,7433
"TT_7434",0.0313349976693273,-3.46301966968472,7434
"TT_7435",0.0313145947075801,-3.46367100552568,7435
"TT_7436",0.0312964906281461,-3.46424930822852,7436
"TT_7437",0.0312803187100156,-3.46476617441782,7437
"TT_7438",0.0312657854819213,-3.46523089491619,7438
"TT_7439",0.0312526534397399,-3.46565099633271,7439
"TT_7440",0.0312407284117028,-3.46603263764667,7440
"TT_7441",0.0312298501808357,-3.46638090498218,7441
"TT_7442",0.0312198854289998,-3.46670003369659,7442
"TT_7443",0.0312107223609086,-3.4669935777924,7443
"TT_7444",0.0312022665611549,-3.46726454061445,7444
"TT_7445",0.0311944377676028,-3.46751547673928,7445
"TT_7446",0.0311871673340939,-3.46774857216957,7446
"TT_7447",0.0311803962171461,-3.46796570801996,7447
"TT_7448",0.0311740733651697,-3.46816851150913,7448
"TT_7449",0.0311681544196468,-3.46835839710517,7449
"TT_7450",0.0311626006602966,-3.4685365999637,7450
"TT_7451",0.0311573781426116,-3.46870420328442,7451
"TT_7452",0.0943797262435772,-2.36042899326474,7452
"TT_7453",0.0389767365645715,-3.24479030917273,7453
"TT_7454",0.035057344726204,-3.35077013749104,7454
"TT_7455",0.0336295884407149,-3.39234899116643,7455
"TT_7456",0.0329039826321617,-3.4141615758878,7456
"TT_7457",0.032470150509978,-3.42743405752309,7457
"TT_7458",0.0321839758277042,-3.43628659540055,7458
"TT_7459",0.031982255280678,-3.44257405246567,7459
"TT_7460",0.0318330823535749,-3.44724920437553,7460
"TT_7461",0.0317186868938399,-3.45084927986177,7461
"TT_7462",0.031628423461522,-3.45369908604552,7462
"TT_7463",0.0315555446740995,-3.45600596299209,7463
"TT_7464",0.0314955768647989,-3.45790816000045,7464
"TT_7465",0.031445442638457,-3.45950121449306,7465
"TT_7466",0.0314029590994236,-3.46085315167298,7466
"TT_7467",0.0313665370753468,-3.46201365256543,7467
"TT_7468",0.0313349935378053,-3.46301980153481,7468
"TT_7469",0.031307430594339,-3.4638998104306,7469
"TT_7470",0.0312831551107111,-3.46467550168102,7470
"TT_7471",0.0312616239410709,-3.4653640058477,7471
"TT_7472",0.0312424057587228,-3.4659789480537,7472
"TT_7473",0.031225153919395,-3.46653129361851,7473
"TT_7474",0.0312095868205283,-3.4670299614757,7474
"TT_7475",0.0311954734558001,-3.46748227623692,7475
"TT_7476",0.0311826226351232,-3.46789430615331,7476
"TT_7477",0.0311708748330946,-3.46827111908746,7477
"TT_7478",0.0311600959501999,-3.46861697870962,7478
"TT_7479",0.0311501724848694,-3.46893549652903,7479
"TT_7480",0.0311410077591203,-3.46922975089311,7480
"TT_7481",0.0311395697740306,-3.46927592853458,7481
"TT_7482",0.0311392657250957,-3.46928569265212,7482
"TT_7483",0.0311389630826868,-3.46929541169567,7483
"TT_7484",0.0311386618354501,-3.46930508602853,7484
"TT_7485",0.0311383619721137,-3.46931471601141,7485
"TT_7486",0.0311380634815279,-3.46932430200108,7486
"TT_7487",0.031137766352734,-3.46933384434824,7487
"TT_7488",0.0311374705748274,-3.46934334340184,7488
"TT_7489",0.0311371761370534,-3.46935279950603,7489
"TT_7490",0.0311368830287527,-3.46936221300194,7490
"TT_7491",0.0311365912394155,-3.46937158422591,7491
"TT_7492",0.0311363007586546,-3.46938091351034,7492
"TT_7493",0.0311360115761511,-3.46939020118548,7493
"TT_7494",0.0311357236817083,-3.46939944757765,7494
"TT_7495",0.0311354370652931,-3.46940865300796,7495
"TT_7496",0.0311351517169267,-3.46941781779576,7496
"TT_7497",0.0311348676267393,-3.46942694225695,7497
"TT_7498",0.0311345847850108,-3.46943602670262,7498
"TT_7499",0.0311343031820619,-3.46944507144255,7499
"TT_7500",0.0311340228083904,-3.46945407678089,7500
"TT_7501",0.0311337436545486,-3.46946304302001,7501
"TT_7502",0.031133465711211,-3.4694719704584,7502
"TT_7503",0.031133188969066,-3.4694808593941,7503
"TT_7504",0.0311329134190878,-3.46948971011601,7504
"TT_7505",0.0311326390521418,-3.46949852291651,7505
"TT_7506",0.0311323658593246,-3.46950729808059,7506
"TT_7507",0.0311320938317875,-3.46951603589148,7507
"TT_7508",0.0311318229607224,-3.46952473663114,7508
"TT_7509",0.0311315532374984,-3.46953340057584,7509
"TT_7510",0.0311312846535253,-3.46954202800055,7510
"TT_7511",0.0311310172003082,-3.4695506191772,7511
"TT_7512",0.0311307508694476,-3.46955917437468,7512
"TT_7513",0.0311304856526257,-3.46956769385925,7513
"TT_7514",0.0311302215415924,-3.46957617789502,7514
"TT_7515",0.0311299585282479,-3.46958462674127,7515
"TT_7516",0.0311296966044512,-3.46959304065863,7516
"TT_7517",0.0311294357623065,-3.46960141989987,7517
"TT_7518",0.0311291759938497,-3.46960976471995,7518
"TT_7519",0.0311289172912939,-3.46961807536816,7519
"TT_7520",0.0311286596468931,-3.46962635209249,7520
"TT_7521",0.0311284030529419,-3.46963459513963,7521
"TT_7522",0.0311281475019257,-3.46964280475015,7522
"TT_7523",0.0311278929863025,-3.46965098116552,7523
"TT_7524",0.0311276394985713,-3.4696591246259,7524
"TT_7525",0.0311273870314761,-3.4696672353636,7525
"TT_7526",0.0311271355776518,-3.46967531361442,7526
"TT_7527",0.0311268851299379,-3.46968335960763,7527
"TT_7528",0.0311266356811326,-3.46969137357381,7528
"TT_7529",0.031126387224225,-3.46969935573744,7529
"TT_7530",0.0311261397521089,-3.46970730632606,7530
"TT_7531",0.0311258932579775,-3.46971522555759,7531
"TT_7532",0.0311256477348605,-3.46972311365523,7532
"TT_7533",0.0311254031759922,-3.46973097083563,7533
"TT_7534",0.0311251595746473,-3.46973879731411,7534
"TT_7535",0.031124916924128,-3.46974659330515,7535
"TT_7536",0.0311246752178453,-3.46975435901973,7536
"TT_7537",0.0311244344492512,-3.46976209466753,7537
"TT_7538",0.0311241946118655,-3.46976980045605,7538
"TT_7539",0.0311239556992627,-3.46977747659106,7539
"TT_7540",0.0311237177050988,-3.46978512327569,7540
"TT_7541",0.0311234806230708,-3.4697927407118,7541
"TT_7542",0.0311232444469572,-3.4698003290986,7542
"TT_7543",0.0311230091705367,-3.46980788863534,7543
"TT_7544",0.0311227747877513,-3.46981541951601,7544
"TT_7545",0.0311225412924883,-3.46982292193635,7545
"TT_7546",0.0311223086787716,-3.46983039608777,7546
"TT_7547",0.0311220769406383,-3.46983784216121,7547
"TT_7548",0.0311218460722074,-3.46984526034502,7548
"TT_7549",0.0311216160676387,-3.46985265082623,7549
"TT_7550",0.0311213869211599,-3.4698600137897,7550
"TT_7551",0.0311211586269855,-3.46986734942074,7551
"TT_7552",0.0311209311795201,-3.46987465789852,7552
"TT_7553",0.0311207045731006,-3.46988193940444,7553
"TT_7554",0.0311204788021453,-3.46988919411725,7554
"TT_7555",0.0311202538611136,-3.46989642221442,7555
"TT_7556",0.0311200297446417,-3.46990362386772,7556
"TT_7557",0.0311198064471753,-3.46991079925506,7557
"TT_7558",0.0311195839633915,-3.46991794854693,7558
"TT_7559",0.0603218244205255,-2.80806131004146,7559
"TT_7560",0.0352404141257072,-3.34556172640241,7560
"TT_7561",0.033135963127359,-3.40713608709634,7561
"TT_7562",0.0324092187793145,-3.42931236642915,7562
"TT_7563",0.0320477559261388,-3.44052811597201,7563
"TT_7564",0.0318341891937628,-3.44721443485703,7564
"TT_7565",0.0316943554495295,-3.45161667548278,7565
"TT_7566",0.0315962798875174,-3.45471589039797,7566
"TT_7567",0.0315240042214762,-3.45700598457765,7567
"TT_7568",0.0314687135635553,-3.45876144692517,7568
"TT_7569",0.0314251601783558,-3.46014642735555,7569
"TT_7570",0.0313900342317327,-3.461264817599,7570
"TT_7571",0.0313611499432993,-3.46218541506192,7571
"TT_7572",0.0313370086689497,-3.46295549431391,7572
"TT_7573",0.0759666102363682,-2.57746137422861,7573
"TT_7574",0.0398522344500855,-3.22257680379752,7574
"TT_7575",0.0347666953846479,-3.35909537962331,7575
"TT_7576",0.0332830243271303,-3.40270779194378,7576
"TT_7577",0.0325893803743726,-3.42376879906663,7577
"TT_7578",0.309863816558206,-1.17162237944923,7578
